Nombre,Descripcion,Foto,Ficha,Google Maps,Categoria,Latitude,Longitude
"Kartong · playa, Folonko y el río Allahein","Media · Costa — El pueblo más al sur de Gambia, justo en la desembocadura del río Allahein, que es la frontera misma con la Casamance senegalesa — al otro lado de la ría se ve ya Senegal, y los vecinos la cruzan en piragua. Playa larguísima, prácticamente vacía, con una comunidad de ecoturismo veterana (Kartong es donde nació el turismo responsable gambiano), un observatorio de aves en las lagunas de la antigua cantera de arena, y la poza sagrada de FOLONKO, un estanque de cocodrilos venerado como lugar de fertilidad, mucho más discreto y menos turístico que el de Katchikally. Si se entra por el paso litoral en vez de por Séléti, ésta es la primera parada del país. Excelente para el perro: arena abierta, sin gestión de parque y alojamientos pequeños. Imagen de referencia de la costa gambiana, no de la propia Kartong. — Perro: permitido",https://commons.wikimedia.org/wiki/Special:FilePath/Kotu%20Beach%2C%20The%20Gambia%20(16197149546).jpg?width=900,https://theawakeman.github.io/africa2027/paises/gambia/#poi-1,"https://www.google.com/maps?q=13.0833,-16.7583",PDI · Turquesa,13.0833,-16.7583
"Tanji · pueblo de pescadores, museo y reserva de aves","Alta · Costa — La playa de pesca más viva del país: a media tarde vuelven las piraguas pintadas y toda la arena se convierte en un mercado de pescado, ahumaderos y hielo, con un ruido y un color que no tienen nada de espectáculo montado para turistas. Al lado, el TANJE VILLAGE MUSEUM reconstruye un complejo familiar mandinga tradicional con artesanos trabajando en vivo. A unos 3 km está la RESERVA DE AVES DEL RÍO TANJI (612 ha), con dunas, lagunas y las islas Bijol frente a la costa, la única colonia importante de charranes y gaviotas del país y zona de puesta de tortugas — las islas son de acceso restringido, se observan desde la playa o en barca. Uno de los mejores puntos de observación de aves costeras de África occidental. Perro con correa corta en la playa de pesca (mucho pescado, muchos perros locales) y fuera de la reserva. — Perro: permitido con condiciones",https://commons.wikimedia.org/wiki/Special:FilePath/Kotu%20Beach%2C%20The%20Gambia%20(16197149546).jpg?width=900,https://theawakeman.github.io/africa2027/paises/gambia/#poi-2,"https://www.google.com/maps?q=13.35,-16.79",PDI · Turquesa,13.35,-16.79
Reserva Natural de Abuko · la más antigua del país,"Alta · Naturaleza — 107 hectáreas de galería forestal a 20 minutos de Serrekunda, y el origen de toda la conservación gambiana: el arroyo de Lamin se valló en 1916 como captación de agua, y en 1968, por empeño del oficial de fauna Eddie Brewer, se convirtió en la PRIMERA RESERVA DE FAUNA DECLARADA DE GAMBIA — de ella nació el Departamento de Vida Silvestre. En un circuito a pie de dos horas se ven tres especies de mono (verde, colobo rojo y patas), cocodrilos del Nilo y enanos en la poza, varanos, y sobre todo más de 270 ESPECIES DE AVES en un espacio diminuto: turacos verdes, cálaos pintados occidentales, francolines de Ahanta. Es Área Importante para las Aves de BirdLife y la mejor introducción posible a la avifauna del país. También hay un orfanato de fauna con hienas. Perro prohibido: hay cocodrilos, monos y serpientes venenosas. — Perro: prohibido",https://commons.wikimedia.org/wiki/Special:FilePath/Kotu%20Beach%2C%20The%20Gambia%20(16197149546).jpg?width=900,https://theawakeman.github.io/africa2027/paises/gambia/#poi-3,"https://www.google.com/maps?q=13.3958,-16.6456",PDI · Verde,13.3958,-16.6456
Makasutu · bosque sagrado y el bolong de Mandina,"Alta · Naturaleza — «Makasutu» significa bosque sagrado en mandinga, y es el ejemplo mejor montado de ecoturismo privado del país: unas 400 hectáreas junto a Brikama que reúnen de golpe los cuatro paisajes de Gambia — manglar de mareas, palmeral, sabana y bosque de galería — recorridas en piragua por el bolong de Mandina al amanecer, a pie con guía mandinga, y con babuinos, monos y un catálogo largo de aves. Dentro está el Mandina Lodge, con cabañas flotantes sobre el manglar. Es caro para el estándar del país, pero la salida en piragua por el bolong con la marea subiendo es de las cosas que mejor explican qué es Gambia. Confirmar la política de mascotas al reservar: es propiedad privada, no parque nacional, así que hay margen. El punto marca la ENTRADA señalizada de Makasutu, junto a la carretera de Brikama (nodo de OpenStreetMap); el Mandina Lodge queda dentro del recinto, por pista. Imagen de referencia del río Gambia, no del propio Makasutu. — Perro: permitido con condiciones",https://commons.wikimedia.org/wiki/Special:FilePath/James%20Island%20near%20Juffureh%20(4129325186).jpg?width=900,https://theawakeman.github.io/africa2027/paises/gambia/#poi-4,"https://www.google.com/maps?q=13.28478,-16.62163",PDI · Verde,13.28478,-16.62163
Bijilo Forest Park (Monkey Park) y la franja de Kololi,"Media · Naturaleza — 51 hectáreas de bosque costero vallado justo detrás de los hoteles de Kololi, con 4,5 km de sendero entre dunas, matorral litoral y palmeras. Lo llaman Monkey Park porque los monos verdes, los colobos rojos de Temminck, las monas de Campbell y los patas bajan al camino sin miedo, y hay además gálagos de Senegal, genetas y más de 133 especies de aves — cálaos de pico rojo, buitres palmeros, charranes caspios en el tramo de playa. El «sendero ornitológico», paralelo a la costa, es una de las caminatas de aves más fáciles del país y se hace en dos horas al amanecer. Perdió parte de su estatus de reserva en 2018 por la construcción de un centro de congresos. Enfrente arranca LA FRANJA DE SENEGAMBIA (Kololi), la milla turística del país: hoteles, restaurantes, cambio de moneda, policía turística y también la mayor concentración de «bumsters» — ver la sección de seguridad. — Perro: prohibido en el parque",https://commons.wikimedia.org/wiki/Special:FilePath/Kotu%20Beach%2C%20The%20Gambia%20(16197149546).jpg?width=900,https://theawakeman.github.io/africa2027/paises/gambia/#poi-5,"https://www.google.com/maps?q=13.4328,-16.7264",PDI · Verde,13.4328,-16.7264
"Kotu y Bakau · playas, Kotu Bridge y observación de aves","Alta · Costa — La franja hotelera clásica y la base más cómoda del país para parar varios días: playa de arena con rompiente, alojamientos con aparcamiento, supermercados, cajeros y agencias. Lo que la hace singular no es la playa sino EL PUENTE DE KOTU (Kotu Bridge) y el arroyo de Kotu Creek: un simple puentecito de carretera sobre un cauce de marea donde, sin moverse veinte metros, se ven martines pescadores, garzas, alcaravanes, abejarucos y los famosos picozapatos de la zona de arrozales; es, literalmente, el punto de observación de aves más famoso de Gambia y donde cualquier guía local empieza sus rutas. Al lado, los campos de golf y los arrozales de Kotu Ponds completan el circuito. Bakau añade el pequeño jardín botánico, Cape Point y el mercado de pescado. Perro: playas abiertas sin problema fuera de la zona hotelera concurrida; confirmar en recepción, casi ningún hotel publica su política. — Perro: permitido con condiciones",https://commons.wikimedia.org/wiki/Special:FilePath/Kotu%20Beach%2C%20The%20Gambia%20(16197149546).jpg?width=900,https://theawakeman.github.io/africa2027/paises/gambia/#poi-6,"https://www.google.com/maps?q=13.4526,-16.7069",PDI · Turquesa,13.4526,-16.7069
Cocodrilario sagrado de Katchikally (Bakau),"Alta · Cultura — En pleno Bakau, una poza de agua dulce rodeada de bosquecillo donde viven alrededor de ochenta cocodrilos del Nilo considerados sagrados desde hace siglos por la familia Bojang, que sigue custodiando el lugar. Es un santuario de FERTILIDAD: las mujeres gambianas acuden a lavarse con el agua de la poza y el rito sigue absolutamente vivo, lo que convierte la visita en algo bastante más serio que una atracción — conviene comportarse en consecuencia. Los cocodrilos, alimentados y habituados, se dejan tocar (el patriarca, «Charlie», es el veterano de la casa) y no hay registro de ataques, pero son animales salvajes. Hay un pequeño museo etnográfico con instrumentos, aperos y fotografía histórica. Perro: NO acercarlo a la poza bajo ningún concepto; dejarlo en el vehículo aparcado a la sombra, lejos del agua. Punto tomado en el nodo de la propia poza de Kachikally (OpenStreetMap), no en el centro de Bakau. Imagen de referencia de Gambia, no del propio Katchikally. — Perro: prohibido en la poza",https://commons.wikimedia.org/wiki/Special:FilePath/James%20Island%20near%20Juffureh%20(4129325186).jpg?width=900,https://theawakeman.github.io/africa2027/paises/gambia/#poi-7,"https://www.google.com/maps?q=13.47653,-16.67256",PDI · Morado,13.47653,-16.67256
Serrekunda · el mayor mercado del país,"Alta · Ciudad · servicios — Banjul es la capital, pero SERREKUNDA es la ciudad de verdad: el área metropolitana mayor del país, corazón del conurbano de los Kombos, donde vive casi la mitad de la población de Gambia y se concentra el 40 % de los negocios del país. Su mercado es el mayor del territorio, un laberinto de callejones de tela, batik, especias, herramientas y electrónica que se desborda sobre la carretera, con el barrio de los tintoreros y los talleres de carpintería alrededor. Es también la base logística real del viaje: talleres mecánicos, neumáticos, recambios, bancos, supermercados y las mejores clínicas veterinarias del país. Inviable con el perro dentro del mercado por pura densidad de gente. Imagen de referencia de la zona de los Kombos, no del propio mercado. — Perro: permitido con condiciones",https://commons.wikimedia.org/wiki/Special:FilePath/Kotu%20Beach%2C%20The%20Gambia%20(16197149546).jpg?width=900,https://theawakeman.github.io/africa2027/paises/gambia/#poi-8,"https://www.google.com/maps?q=13.4383,-16.6781",PDI · Azul,13.4383,-16.6781
"Banjul · Arco 22, Albert Market y la isla de Santa María","Alta · Ciudad · servicios — Una capital rarísima: apenas 30.000 habitantes en una isla plana (Santa María) rodeada de manglar, a la que se entra bajo el ARCO 22, un arco triunfal de 35 m —de las estructuras más altas del país— levantado por Yahya Jammeh para conmemorar su propio golpe de Estado del 22 de julio de 1994, con la estatua del soldado desconocido en la base y un pequeño museo textil y un mirador panorámico arriba; que el monumento a un golpe siga en pie en una Gambia ya democrática dice mucho del país. Abajo, el Albert Market, la vieja plaza McCarthy, la catedral anglicana, el National Museum y el embarcadero del ferry. También aquí está la Six-Gun Battery, una de las piezas del conjunto UNESCO de Kunta Kinteh. Es donde están la embajada, el hospital de referencia y el puerto. Imagen de referencia del estuario del río Gambia, no del propio Banjul. — Perro: permitido con condiciones",https://commons.wikimedia.org/wiki/Special:FilePath/James%20Island%20near%20Juffureh%20(4129325186).jpg?width=900,https://theawakeman.github.io/africa2027/paises/gambia/#poi-9,"https://www.google.com/maps?q=13.4542,-16.5753",PDI · Azul,13.4542,-16.5753
Travesía del río Gambia · ferry Banjul–Barra,"Alta · Naturaleza — El gran rito overlander del país: unos 5 km de estuario entre el embarcadero de Banjul y el de Barra, en la orilla norte, en un transbordador de vehículos que es a la vez mercado flotante, autobús y espectáculo. La travesía en sí son 30-45 minutos; lo que se lleva el tiempo es la COLA, que puede ser de dos a cinco horas en día malo y que funciona más por presencia y paciencia que por horario. La flota ha sufrido averías y suspensiones repetidas, así que hay que confirmarlo el día antes y tener asumido el plan B (rodear por el puente de Senegambia, en Farafenni, a unos 110 km río arriba). Consejos recogidos de otros viajeros: llegar al alba, no dejar el vehículo sin vigilancia, cerrar todo, y contar con vendedores subiéndose al ferry. Con el perro: dentro del vehículo, con sombra y agua — la espera al sol es dura. El punto es la TERMINAL DE BANJUL (embarque desde el sur, junto al puerto); la terminal de Barra está en 13,48493 / -16,54576. Imagen de referencia del río Gambia, no del propio ferry. — Perro: permitido con condiciones",https://commons.wikimedia.org/wiki/Special:FilePath/James%20Island%20near%20Juffureh%20(4129325186).jpg?width=900,https://theawakeman.github.io/africa2027/paises/gambia/#poi-10,"https://www.google.com/maps?q=13.44653,-16.5721",PDI · Verde,13.44653,-16.5721
Fuerte Bullen y Barra · la boca del río,"Media · Patrimonio UNESCO — Nada más desembarcar del ferry, en la punta misma de la orilla norte, está el FUERTE BULLEN, construido por los británicos en 1826 —tras la abolición— no para comerciar con esclavos sino para IMPEDIRLO: sus cañones cruzaban fuego con los de la Six-Gun Battery de Banjul para cerrar la boca del río a los barcos negreros que seguían operando. Forma parte del conjunto Patrimonio Mundial «Isla de Kunta Kinteh y sitios relacionados», que reúne siete puntos repartidos por el estuario y narra la trata atlántica desde su inicio hasta su abolición. Volvió a usarse como posición defensiva en la Segunda Guerra Mundial. Barra, alrededor, es un pueblo-embarcadero caótico y el arranque de la carretera del norte hacia Amdalai y Senegal. — Perro: permitido con condiciones",https://commons.wikimedia.org/wiki/Special:FilePath/James%20Island%20near%20Juffureh%20(4129325186).jpg?width=900,https://theawakeman.github.io/africa2027/paises/gambia/#poi-11,"https://www.google.com/maps?q=13.4833,-16.55",PDI · Ámbar,13.4833,-16.55
Juffureh y Albreda · el museo de la esclavitud,"Alta · Patrimonio UNESCO — A 30 km río arriba por la orilla norte, dos pueblos pegados que son el punto de partida de la visita a Kunta Kinteh. ALBREDA fue factoría francesa y JUFFUREH pueblo mandinga; en el edificio colonial de los Maurel Frères está el NATIONAL MUSEUM OF THE NORTH BANK, el museo de la esclavitud del país, y en la orilla la «puerta sin retorno» simbólica y el monumento de la Libertad. Juffureh es, según «Raíces» de Alex Haley (1976), el pueblo de donde fue arrancado su antepasado Kunta Kinte, y la familia Kinte sigue recibiendo visitantes — el impacto del libro transformó la aldea y trajo escuelas, mercado e infraestructura, y en 1999 se abrió aquí el complejo Alex Haley. Los historiadores llevan décadas discutiendo la exactitud genealógica del relato; lo que no se discute es que este tramo de río fue durante siglos un centro real de la trata. Visita guiada por la comunidad, tasa conjunta con la isla. — Perro: permitido con condiciones",https://commons.wikimedia.org/wiki/Special:FilePath/James%20Island%20near%20Juffureh%20(4129325186).jpg?width=900,https://theawakeman.github.io/africa2027/paises/gambia/#poi-12,"https://www.google.com/maps?q=13.3386,-16.3825",PDI · Ámbar,13.3386,-16.3825
Isla de Kunta Kinteh (antigua James Island) · UNESCO,"Alta · Patrimonio UNESCO — Un islote que se está comiendo el río —hoy es una sexta parte de lo que era— con las ruinas del fuerte y unos baobabs aferrados a la orilla, a menos de 3 km de Albreda. Los portugueses la avistaron en 1456 y la llamaron San Andrés; los curlandeses (sí, letones) levantaron aquí el fuerte Jacob en 1651; ingleses, holandeses y franceses se la quitaron unos a otros durante dos siglos, y los británicos la rebautizaron James Island en 1664 y la usaron para oro, marfil y esclavos hasta su abandono en 1870. En 2011 se renombró Isla de Kunta Kinteh. Patrimonio Mundial desde 2003 (ref. 761rev-001, criterios iii y vi) como pieza central del conjunto «Isla de Kunta Kinteh y sitios relacionados». Se llega en piragua desde Albreda, 15 minutos, y es una visita corta y muy seca: quedan los muros de la celda, el aljibe y poco más — la carga está en el sitio, no en las piedras. El perro se queda en tierra con un miembro del grupo. — Perro: no aplicable (isla, acceso en barco)",https://commons.wikimedia.org/wiki/Special:FilePath/James%20Island%20near%20Juffureh%20(4129325186).jpg?width=900,https://theawakeman.github.io/africa2027/paises/gambia/#poi-13,"https://www.google.com/maps?q=13.3175,-16.3614",PDI · Ámbar,13.3175,-16.3614
Parque Nacional de Niumi y la isla de Jinack,"Media · Naturaleza — 49 km² de franja litoral en el extremo noroeste, declarados en 1987 y Ramsar desde 2008: es la parte gambiana del DELTA DEL SALOUM, que continúa sin costura en Senegal, y combina marisma dulce, lagunas salobres, manglar y flechas de arena. Más de 200 especies de aves en las llanuras de marea, con colonias importantes de charranes y gaviotas, además de tortuga verde, delfín jorobado del Atlántico y manatí africano —los tres vulnerables—, patas, cercopitecos verdes, hienas manchadas y facóqueros. Dentro está JINACK ISLAND, una isla-barrera larga y estrecha con una de las playas más vacías de África occidental y un par de campamentos muy básicos; se llega en piragua desde Barra o Bakau y la frontera con Senegal cruza la propia isla — hay que aclararlo con el puesto antes de pasear hacia el norte. Perro prohibido en el parque; en la playa de Jinack fuera del área gestionada, confirmar con el campamento. — Perro: prohibido en el parque",https://commons.wikimedia.org/wiki/Special:FilePath/Kotu%20Beach%2C%20The%20Gambia%20(16197149546).jpg?width=900,https://theawakeman.github.io/africa2027/paises/gambia/#poi-14,"https://www.google.com/maps?q=13.5417,-16.5236",PDI · Verde,13.5417,-16.5236
Parque Nacional de Kiang West y Tendaba,"Alta · Naturaleza — 115 km² en la orilla sur, a unos 145 km de Banjul, y el gran espacio natural continental del país: sabana de Guinea, bosque seco caducifolio de baobabs y acacias rojas, llanuras de marea y una red de bolongs de manglar. Conserva casi toda la fauna que le queda a Gambia —leopardo, hiena manchada, facóquero, sitatunga, manatí africano y delfín jorobado en el bolong de Jarin— y más de 300 ESPECIES DE AVES, más de la mitad de todas las registradas en el país, lo que le vale la categoría de Área Importante para las Aves; su emblema es el águila volatinera. El mirador de TUBABKOLLON POINT, sobre una playa de arena en el noreste, es el mejor puesto de observación. La base es el veterano TENDABA CAMP, funcionando desde los años setenta, desde donde salen las piraguas al manglar del Bao Bolong, enfrente, y los recorridos en vehículo por el parque. Mejor de noviembre a enero. Recibe muy pocos visitantes. Perro prohibido dentro; el campamento es la pieza del plan B. — Perro: prohibido en el parque",https://commons.wikimedia.org/wiki/Special:FilePath/James%20Island%20near%20Juffureh%20(4129325186).jpg?width=900,https://theawakeman.github.io/africa2027/paises/gambia/#poi-15,"https://www.google.com/maps?q=13.3833,-15.9167",PDI · Verde,13.3833,-15.9167
Reserva de humedales de Bao Bolong · el manglar grande,"Media · Naturaleza — Justo enfrente de Kiang West, en la orilla norte del río y aguas abajo de Farafenni, 220 km² declarados en 1996 y PRIMER HUMEDAL RAMSAR DE GAMBIA. Lo que lo hace excepcional es una franja de manglar denso de dos kilómetros y medio de ancho con ejemplares de hasta 20 metros de altura — algo prácticamente único en toda Senegambia. Alrededor, marisma salina, sabana inundable y pastizal alto. 268 especies de aves de 62 familias (garzas, garcetas, águilas pescadoras, martines pescadores), 32 de mamíferos incluidos sitatunga y antílope jeroglífico, y manatí africano. La visita natural es en piragua desde Tendaba, cruzando el río: es la excursión estrella de esa base y una de las mejores mañanas de aves de todo el viaje. Perro prohibido; se queda en el campamento con un miembro del grupo. El punto marca el EMBARCADERO DE TENDABA, en la orilla sur, que es el acceso al que se llega con vehículo; la reserva queda enfrente, en la orilla norte, y por carretera se bordea desde la pista Kerewan-Farafenni (Njaba Kunda). Imagen de referencia del río Gambia, no de la propia reserva. — Perro: prohibido en la reserva",https://commons.wikimedia.org/wiki/Special:FilePath/James%20Island%20near%20Juffureh%20(4129325186).jpg?width=900,https://theawakeman.github.io/africa2027/paises/gambia/#poi-16,"https://www.google.com/maps?q=13.43895,-15.80732",PDI · Verde,13.43895,-15.80732
Janjanbureh (Georgetown) y la isla de MacCarthy,"Alta · Cultura — A 300 km de la costa, la vieja GEORGETOWN colonial sobre una isla fluvial: el capitán británico Alexander Grant compró la isla de Lemain al rey de Niani en 1823 y fundó aquí un ASENTAMIENTO PARA ESCLAVOS LIBERADOS, que llegó a ser el segundo núcleo del país y decayó cuando el comercio fluvial se apagó. Hoy es un pueblo somnoliento de calles de arena con casas coloniales en ruina, la vieja casa de la CFAO, el edificio conocido como «la casa de los esclavos» (su papel real está discutido: no hay consenso documental sobre si fue depósito de esclavos o almacén comercial — tratarlo con cautela), la cárcel principal del país, y el mejor ambiente de río de Gambia. Se entra por puente desde la orilla sur y se sale en ferry de plataforma hacia la orilla norte (Lamin Koto), que es el enganche natural con Wassu. Base para los paseos en barca del río alto, con hipopótamos y cocodrilos. Imagen de referencia del río Gambia, no de la propia Janjanbureh. — Perro: permitido con condiciones",https://commons.wikimedia.org/wiki/Special:FilePath/James%20Island%20near%20Juffureh%20(4129325186).jpg?width=900,https://theawakeman.github.io/africa2027/paises/gambia/#poi-17,"https://www.google.com/maps?q=13.5333,-14.7667",PDI · Morado,13.5333,-14.7667
Círculos de piedra de Wassu · megalitos senegambianos (UNESCO),"Alta · Patrimonio UNESCO — A 22 km de Lamin Koto, en la orilla norte, ONCE CÍRCULOS de columnas de laterita labradas a mano y clavadas de pie, con sus piedras frontales delante, sobre un campo de túmulos funerarios; aquí está la columna más alta de todo el conjunto, de 2,59 m. Forman parte del Patrimonio Mundial «Círculos de piedra de Senegambia» (2006), cuatro sitios —Wassu y Kerr Batch en Gambia, Sine Ngayène y Wanar en Senegal— escogidos entre MÁS DE MIL círculos repartidos por una banda de 350 por 100 km a ambos lados del río. Los de Wassu están datados entre el 927 y el 1305 d. C. Se desconoce casi todo de quién los levantó: es el mayor complejo megalítico de África y uno de los más densos del mundo. Hay un pequeño museo interpretativo y la costumbre local de dejar piedrecitas sobre las columnas. Complementario: KERR BATCH, 22 km al oeste en línea recta (bastante más por la pista de la orilla norte), con nueve círculos, uno doble y la única piedra bífida en V de toda la región. Sitio abierto y llano, cómodo con el perro atado. — Perro: permitido con correa",https://commons.wikimedia.org/wiki/Special:FilePath/James%20Island%20near%20Juffureh%20(4129325186).jpg?width=900,https://theawakeman.github.io/africa2027/paises/gambia/#poi-18,"https://www.google.com/maps?q=13.6914,-14.8731",PDI · Ámbar,13.6914,-14.8731
Parque Nacional del río Gambia · las islas de los chimpancés,"Media · Naturaleza — 585 hectáreas de archipiélago —las BABOON ISLANDS, una isla grande y cuatro pequeñas— en el río, aguas abajo de Janjanbureh. Desde 1979 albergan el CHIMPANCEE REHABILITATION PROJECT, iniciado por Stella Marsden: chimpancés confiscados del tráfico ilegal, reintroducidos y mantenidos en semilibertad en las tres islas mayores; hacia 2006 eran unos 77 y hoy rondan el centenar, y siguen siendo una de las poblaciones reintroducidas más exitosas de África. ATENCIÓN, dato que hay que tener claro antes de planificar: EL PARQUE NO ESTÁ ABIERTO AL PÚBLICO, desembarcar en las islas está prohibido por la agresividad de los chimpancés, y desde 1998 se restringió drásticamente incluso la navegación alrededor. La única forma legal de verlo es el crucero fluvial del propio proyecto (Chimp Rehab / campamento de Badi Mayo) o desde el cauce a distancia con operador autorizado. Hay además hipopótamo, cocodrilo del Nilo, babuino de Guinea, colobo rojo occidental y manatí. CONFIRMAR con el proyecto antes de contar con ello. El punto marca KUNTAUR, el pueblo de la orilla norte que es el acceso real: 4-4,5 h de coche desde la costa y, desde su embarcadero, la lancha del proyecto al campamento de Badi Mayo; las islas quedan río abajo. Imagen de referencia del río Gambia, no del propio parque. — Perro: no aplicable (acceso prohibido a las islas)",https://commons.wikimedia.org/wiki/Special:FilePath/James%20Island%20near%20Juffureh%20(4129325186).jpg?width=900,https://theawakeman.github.io/africa2027/paises/gambia/#poi-19,"https://www.google.com/maps?q=13.67062,-14.88949",PDI · Verde,13.67062,-14.88949
Butha-Buthe y la puerta norte,"Media · Ciudad · servicios — Primera ciudad tras el paso fronterizo de Caledonspoort y el arranque de la travesía del norte. Aquí se reposta, se compra y se decide: por un lado sube la A1 hacia los pasos de Moteng y Tlaeeng, por otro se entra a Ts'ehlanyane. El nombre significa «lugar de acostarse» y es donde Moshoeshoe I tuvo su primer asentamiento antes de mudarse a Thaba-Bosiu. Última gasolinera fiable antes de 100 km de montaña. — Perro: permitido con condiciones",,https://theawakeman.github.io/africa2027/paises/lesoto/#poi-1,"https://www.google.com/maps?q=-28.7667,28.25",PDI · Azul,-28.7667,28.25
Parque Nacional de Ts'ehlanyane,"Alta · Naturaleza — El mejor parque de Lesoto y uno de los grandes secretos de África austral: 5.600 hectáreas de naturaleza agreste al pie del paso de Holomo, entre los 1.940 y los 3.112 m, con uno de los poquísimos bosques autóctonos que le quedan al país. Lo llaman así por el BAMBÚ DE MONTAÑA (che-che), del que este parque es probablemente el refugio más importante de toda la cordillera Maloti-Drakensberg. Más de 220 especies de flores, fynbos de montaña que no existe en ningún otro sitio, 24 especies de caza y más de 60 de aves. De aquí sale el sendero de 39 km hasta la reserva de Bokong. A 45 minutos de asfalto desde la frontera de Caledonspoort: es la entrada más cómoda al país. Coordenadas aproximadas, por confirmar. — Perro: por confirmar",,https://theawakeman.github.io/africa2027/paises/lesoto/#poi-2,"https://www.google.com/maps?q=-28.917,28.583",PDI · Verde,-28.917,28.583
Liphofung · cuevas y arte rupestre,"Media · Cultura — Abrigo de arenisca en la subida hacia Oxbow, con pinturas rupestres san y un pequeño centro cultural basotho. Su nombre significa «lugar del eland» y aquí se refugió Moshoeshoe I en sus desplazamientos. Es la parada corta perfecta entre Butha-Buthe y los pasos altos: media hora de visita guiada que explica de golpe las dos capas de historia del país, la de los san cazadores-recolectores y la de los basotho de Moshoeshoe. Coordenadas aproximadas, por confirmar. — Perro: por confirmar",,https://theawakeman.github.io/africa2027/paises/lesoto/#poi-3,"https://www.google.com/maps?q=-28.867,28.533",PDI · Morado,-28.867,28.533
Paso de Moteng y Oxbow,"Alta · Naturaleza — La primera gran subida de la A1: el paso de Moteng (2.820 m) trepa en horquillas cerradísimas con pendientes que castigan a los camiones y vistas que se abren de golpe sobre los valles del norte. Arriba aparece Oxbow, un puñado de casas junto al río Malibamatso en un anfiteatro de montañas donde nieva de verdad en invierno. Está asfaltado, pero es asfalto de montaña seria: hielo negro de mayo a septiembre, niebla y cero quitamiedos en algunos tramos. — Perro: permitido con condiciones",,https://theawakeman.github.io/africa2027/paises/lesoto/#poi-4,"https://www.google.com/maps?q=-28.7333,28.6833",PDI · Verde,-28.7333,28.6833
Afriski (paso de Mahlasela) · esquiar en África,"Alta · Naturaleza — SÍ, SE PUEDE ESQUIAR EN ÁFRICA. Afriski está a unos 3.050 m en el paso de Mahlasela (3.222 m), es una de las dos únicas estaciones de esquí del África subsahariana y la única de Lesoto: una pista de 1 km con 305 m de desnivel, del 2.917 al 3.222, cañones de nieve y temporada de JUNIO A AGOSTO, que es exactamente cuando el viaje estará en el sur. Fuera de temporada funciona como base de montaña para trail running, bici y senderismo. Aunque no se esquíe, el sitio es un hito absurdo y memorable: nieve, telesquí y bandera de Lesoto a 3.000 m en pleno trópico. — Perro: por confirmar",,https://theawakeman.github.io/africa2027/paises/lesoto/#poi-5,"https://www.google.com/maps?q=-28.8228,28.7281",PDI · Verde,-28.8228,28.7281
Paso de Tlaeeng · la carretera asfaltada más alta de África austral,"Alta · Naturaleza — Poco después de Afriski, la A1 corona el paso de Tlaeeng a unos 3.275 m: es la CARRETERA ASFALTADA MÁS ALTA DE ÁFRICA AUSTRAL y uno de los puntos de carretera más altos de todo el continente. No hay nada arriba salvo el cartel, el viento y una panorámica de 360 grados sobre las Maloti peladas; en invierno se cubre de nieve y se cierra. Para un viaje que ha atravesado el Sáhara y el ecuador, cruzar aquí a más de 3.200 m con los dos vehículos es uno de los hitos del recorrido. Altitud y coordenadas aproximadas, por confirmar sobre el terreno. — Perro: permitido con condiciones",,https://theawakeman.github.io/africa2027/paises/lesoto/#poi-6,"https://www.google.com/maps?q=-28.87,28.76",PDI · Verde,-28.87,28.76
Mokhotlong,"Media · Ciudad · servicios — La ciudad más aislada del país y última base antes del Sani Pass: combustible (no siempre garantizado), tienda, y poco más. Es territorio de pastores a caballo con manta basotho y gorro mokorotlo, y el sitio donde se ve cómo se vive de verdad a 2.400 m. Desde aquí arranca el tramo que hace mítica la travesía: la pista hacia el Sani, y el acceso al Thabana Ntlenyana. Repostar aquí es obligatorio, y conviene llevar garrafa. — Perro: permitido con condiciones",,https://theawakeman.github.io/africa2027/paises/lesoto/#poi-7,"https://www.google.com/maps?q=-29.29,29.07",PDI · Azul,-29.29,29.07
Thabana Ntlenyana · el techo de África austral,"Alta · Naturaleza — 3.482 m: el pico más alto de África al sur del Kilimanjaro, y se sube ANDANDO, sin material técnico. Está en la cresta de Mohlesi, justo al norte del Sani Pass, y se ataca desde Sani Top o desde la carretera de Mokhotlong en una caminata larga de un día por pradera de altura, sin sendero marcado y con el viento como único obstáculo serio. No hay cumbre más fácil de alcanzar con un techo tan alto en todo el continente. Niebla frecuente: brújula y GPS obligatorios, y ropa de abrigo de verdad aunque sea verano. — Perro: por confirmar",,https://theawakeman.github.io/africa2027/paises/lesoto/#poi-8,"https://www.google.com/maps?q=-29.467,29.267",PDI · Verde,-29.467,29.267
Sani Pass · el acceso 4x4 mítico,"Alta · Naturaleza — EL TRAMO 4x4 MÁS FAMOSO DE ÁFRICA AUSTRAL. La pista sube 1.332 m —de 1.544 a 2.876 m— por la pared del Drakensberg en una sucesión de horquillas de grava con RAMPAS DE HASTA EL 33% (1:3). Sudáfrica solo permite subirlo en 4x4; el puesto fronterizo está arriba del todo, en la cima, lo que significa que todo el paso está técnicamente en territorio sudafricano y solo se entra en Lesoto al coronar. Los dos puestos abren de 6:00 a 18:00 y NO SE PUEDE CRUZAR FUERA DE ESE HORARIO. Se ha ido asfaltando por fases desde el lado sudafricano (los primeros 14 km en 2012, y una segunda fase casi terminada en 2021), pero el tramo final sigue siendo grava, y el paso ha costado vidas: por el camino se ven restos de vehículos que no lo consiguieron. — Perro: permitido con condiciones",https://commons.wikimedia.org/wiki/Special:FilePath/Lesotho%20-%20South%20Africa%20Border%20-%20Sani%20Pass.jpg?width=900,https://theawakeman.github.io/africa2027/paises/lesoto/#poi-9,"https://www.google.com/maps?q=-29.5881,29.2927",PDI · Verde,-29.5881,29.2927
Sani Top · el pub más alto de África,"Alta · Cultura — Justo al coronar el Sani Pass, a 2.874 m, está el Sani Mountain Lodge y su bar, que se anuncia como EL PUB MÁS ALTO DE ÁFRICA: chimenea encendida, cerveza Maluti y un ventanal sobre el precipicio por el que se acaba de subir. Es el premio clásico de la travesía y una de las pocas «instituciones» del overland africano que está a la altura de su fama. Hay alojamiento y sitio para acampar, y desde aquí salen las caminatas al Thabana Ntlenyana y por el borde del escarpe. Dormir arriba tiene además una ventaja práctica: se evita la carrera contra el cierre de la frontera a las 18:00. Coordenadas aproximadas, por confirmar. — Perro: permitido con condiciones",https://commons.wikimedia.org/wiki/Special:FilePath/Sani%20Pass%20Lesotho%202.jpg?width=900,https://theawakeman.github.io/africa2027/paises/lesoto/#poi-10,"https://www.google.com/maps?q=-29.5836,29.2879",PDI · Morado,-29.5836,29.2879
Presa de Katse,"Alta · Cultura — La obra que explica la economía del país: una presa de arco de hormigón de 185 m de altura y 710 m de coronación sobre el río Malibamatso, la SEGUNDA MÁS ALTA DE ÁFRICA y la de mayor altitud del continente (1.993 m). Forma parte del Lesotho Highlands Water Project, que vende agua a Sudáfrica —unos 30 m³ por segundo— a cambio de unos 35 millones de dólares anuales más royalties. Terminada en 1996, costó 8.000 millones de dólares. Se visita con guía por dentro del muro, hay centro de visitantes y un jardín botánico de plantas alpinas rescatadas antes de la inundación, y el embalse serpentea entre montañas peladas creando una de las conducciones más espectaculares del país. — Perro: permitido con condiciones",https://commons.wikimedia.org/wiki/Special:FilePath/Lesotho%20-%20South%20Africa%20Border%20-%20Sani%20Pass.jpg?width=900,https://theawakeman.github.io/africa2027/paises/lesoto/#poi-11,"https://www.google.com/maps?q=-29.337,28.5061",PDI · Morado,-29.337,28.5061
Paso de Mafika Lisiu y reserva de Bokong,"Alta · Naturaleza — La subida a Katse desde Pitseng corona el paso de MAFIKA LISIU a unos 3.090 m, otro de los grandes puertos asfaltados del país, con un mirador en lo alto sobre un mar de crestas. Justo arriba está la Reserva Natural de Bokong, el centro de visitantes más alto de África austral, colgado sobre el barranco del Lepaqoa, cuya cascada SE CONGELA EN INVIERNO formando una columna de hielo de decenas de metros. Desde aquí sale el sendero de 39 km hasta Ts'ehlanyane. Altitud y coordenadas aproximadas, por confirmar. — Perro: por confirmar",https://commons.wikimedia.org/wiki/Special:FilePath/Katse%20Dam%2CLesotho%2CAfrica.jpg?width=900,https://theawakeman.github.io/africa2027/paises/lesoto/#poi-12,"https://www.google.com/maps?q=-29.25,28.35",PDI · Verde,-29.25,28.35
Presa de Mohale y su carretera,"Media · Naturaleza — La segunda presa del Lesotho Highlands Water Project, de escollera y unos 145 m, conectada con Katse por un túnel de trasvase de 32 km. Lo interesante para el viaje no es la presa sino LA CARRETERA: la A3 de Maseru a Mohale es una obra de ingeniería que trepa y se descuelga por cornisas con vistas continuas, y es la forma más bonita de entrar al interior montañoso desde la capital. Hay mirador, centro de información y alojamiento junto al embalse. Coordenadas aproximadas, por confirmar. — Perro: permitido con condiciones",,https://theawakeman.github.io/africa2027/paises/lesoto/#poi-13,"https://www.google.com/maps?q=-29.467,28.083",PDI · Verde,-29.467,28.083
Maseru,"Alta · Ciudad · servicios — La capital, pegada al río Caledon y a la frontera del Maseru Bridge, es la única base logística de verdad del país: bancos, supermercados sudafricanos, talleres, hospitales y las oficinas donde se tramitan permisos. No es una ciudad monumental, pero tiene el mercado de artesanía basotho, la catedral y el Basotho Hat, y es el sitio para repostar, comprar y resolver papeleo antes de meterse en la montaña. Todo lo que falta aquí se compra al otro lado del puente, en Ladybrand (Sudáfrica), a 20 km. — Perro: permitido con condiciones",https://commons.wikimedia.org/wiki/Special:FilePath/Maseru%2C%20Lesotho.jpg?width=900,https://theawakeman.github.io/africa2027/paises/lesoto/#poi-14,"https://www.google.com/maps?q=-29.31,27.48",PDI · Azul,-29.31,27.48
Thaba-Bosiu · la montaña fortaleza de Moshoeshoe,"Alta · Cultura — LA CUNA DE LA NACIÓN BASOTHO, a 24 km de Maseru. En julio de 1824 Moshoeshoe I, huyendo de las guerras del Mfecane, subió con su gente a esta meseta de arenisca de 2 km² y 1.804 m rodeada de cortados verticales, con ocho manantiales dentro y solo seis pasos de acceso — el principal, el de Khubelu. La llamó «montaña de la noche» porque llegaron de noche. Desde aquí resistió los asedios de los ndebele, los bóeres y los británicos, y aquí nació Lesoto como estado, razón por la que es el único país del sur de África que nunca fue absorbido por Sudáfrica. Moshoeshoe I y Moshoeshoe II están enterrados arriba. Se sube a pie con guía desde el centro de información; hay aldea cultural y alojamiento en rondavel al pie. — Perro: permitido con condiciones",,https://theawakeman.github.io/africa2027/paises/lesoto/#poi-15,"https://www.google.com/maps?q=-29.3503,27.6714",PDI · Morado,-29.3503,27.6714
Morija · museo y huellas de dinosaurio,"Media · Cultura — El pueblo de la primera misión evangélica francesa (1833), que trajo la imprenta y fijó por escrito el sesotho: aquí está el Museo y Archivos de Morija, el mejor museo del país, con paleontología, etnografía e historia basotho, y la imprenta más antigua de Lesoto. En las lajas de arenisca de los alrededores hay HUELLAS DE DINOSAURIO perfectamente visibles, y a media hora a pie se llega a la colina de Makhoarane con vistas sobre todo el valle. En septiembre u octubre celebra el festival de artes de Morija, el evento cultural más importante del país. — Perro: permitido con condiciones",,https://theawakeman.github.io/africa2027/paises/lesoto/#poi-16,"https://www.google.com/maps?q=-29.6333,27.5",PDI · Morado,-29.6333,27.5
Malealea,"Alta · Cultura — Una vieja tienda comercial de 1905 convertida en lodge en un valle de montaña, y el sitio donde la mayoría de los viajeros descubre el LESOTO A CABALLO: los ponis basotho, pequeños, duros y criados para estas laderas, son aquí el medio de transporte normal, y se hacen salidas de un día o de varios con guías del pueblo, durmiendo en aldeas. También hay senderos a pie a cascadas, pinturas rupestres y la garganta de Ribaneng. El acceso se hace por el «Gates of Paradise Pass», donde una placa dice: «Vas ahora a entrar en la Puerta del Paraíso». Coordenadas aproximadas, por confirmar. — Perro: por confirmar",,https://theawakeman.github.io/africa2027/paises/lesoto/#poi-17,"https://www.google.com/maps?q=-29.85,27.6167",PDI · Morado,-29.85,27.6167
Semonkong y la cascada de Maletsunyane,"Alta · Naturaleza — EL SALTO Y EL RÉCORD. La cascada de Maletsunyane cae 192 M DE UN SOLO CHORRO en un anfiteatro de basalto, y la nube de agua pulverizada que levanta da nombre al pueblo: Semonkong, «el lugar del humo». Desde el borde, el Semonkong Lodge opera el DESCENSO EN RÁPEL COMERCIAL MÁS LARGO DEL MUNDO según el Guinness: 204 m de cuerda, más altos que la propia cascada. Aunque no se haga, el pueblo es el mejor sitio del país para ver la vida basotho real: los jinetes bajan al mercado envueltos en mantas y con el poni cargado, y en invierno todo se cubre de nieve. Hay ruta a caballo hasta la base del salto y senderos a otras dos cascadas. — Perro: permitido con condiciones",https://commons.wikimedia.org/wiki/Special:FilePath/Lesotho%20maletsunyane%20falls.jpg?width=900,https://theawakeman.github.io/africa2027/paises/lesoto/#poi-18,"https://www.google.com/maps?q=-29.8686,28.0517",PDI · Verde,-29.8686,28.0517
Quthing (Moyeni) · las huellas de dinosaurio,"Alta · Cultura — La ciudad más meridional del país, a 1.500 m sobre el río Senqu (el Orange en su cabecera) y junto a la frontera del Tele Bridge con el Cabo Oriental. A la entrada, y prácticamente al borde de la carretera, hay un yacimiento de HUELLAS DE DINOSAURIO del Jurásico Inferior grabadas en la arenisca, de las más accesibles de África: se ven las pisadas de tres dedos sin necesidad de caminar nada. Cerca está la Masitise Cave House, una casa misionera de 1866 CONSTRUIDA DENTRO DE UN ABRIGO DE ROCA, hoy pequeño museo, y hay arte rupestre san por toda la comarca. Quthing fue fundada en 1877, abandonada en la Guerra de los Fusiles de 1880 y reconstruida después. — Perro: permitido con condiciones",,https://theawakeman.github.io/africa2027/paises/lesoto/#poi-19,"https://www.google.com/maps?q=-30.4001,27.7002",PDI · Morado,-30.4001,27.7002
Parque Nacional de Sehlabathebe,"Alta · Patrimonio UNESCO — El rincón más salvaje y remoto de Lesoto: 69,5 km² a una altitud media de 2.400 m, en el extremo sureste contra el escarpe del Drakensberg, dentro del bien Patrimonio de la Humanidad de MALOTI-DRAKENSBERG que Lesoto comparte con Sudáfrica. Es un paisaje surrealista de praderas de altura, formaciones de arenisca erosionadas en arcos y setas, lagunas y cascadas, con 65 YACIMIENTOS DE ARTE RUPESTRE SAN identificados y el pez endémico amenazado maluti redfin. Casi no hay nadie: fauna escasa y esquiva (rhebok, chacales, quizá algún íbice), pero silencio absoluto. El acceso es por pista dura desde Qacha's Nek o Sehonghong, y desde el parque se puede bajar a pie a Sudáfrica por el paso de Bushman's Nek (solo peatonal). — Perro: prohibido",,https://theawakeman.github.io/africa2027/paises/lesoto/#poi-20,"https://www.google.com/maps?q=-29.8989,29.1211",PDI · Ámbar,-29.8989,29.1211
Ngwenya · la mina más antigua del mundo,"Alta · Patrimonio UNESCO — Nada más cruzar la frontera de Oshoek, en la loma de Bomvu Ridge, está el yacimiento minero más antiguo conocido de la humanidad: LA LION CAVERN, datada por radiocarbono entre hace 41.000 Y 43.000 AÑOS. Los primeros habitantes no buscaban hierro sino OCRE ROJO y especularita —hematites de brillo metálico— para cosmética y ritual: es decir, la minería empezó en el mundo por motivos simbólicos, no utilitarios. La mina moderna de hierro funcionó de 1964 a 1977 y de 2011 a 2014, sacó unos 20 millones de toneladas con mineral de hasta el 60% de hierro, y dejó un cráter espectacular. El centro de visitantes abrió en 2005 y ARDIÓ EN 2018, destruyendo artefactos antiguos: confirmar qué se puede visitar hoy. La gestiona la Eswatini National Trust Commission, dentro de Malolotja. — Perro: por confirmar",,https://theawakeman.github.io/africa2027/paises/esuatini/#poi-1,"https://www.google.com/maps?q=-26.2017,31.0339",PDI · Ámbar,-26.2017,31.0339
Fábrica de vidrio de Ngwenya,"Media · Cultura — A un paso de la frontera y de la mina antigua, una vidriería artesanal que trabaja EXCLUSIVAMENTE CON VIDRIO RECICLADO recogido en todo el país: se ve soplar las piezas desde una pasarela sobre el taller, y el resultado —animales, vasos, cuencos— es el souvenir clásico de Esuatini y una de las pocas industrias artesanales de África austral con proyección internacional. Es una parada de una hora que además tiene cafetería y aparcamiento cómodo: buen sitio para estirar las piernas y el perro justo después del papeleo de frontera. Coordenadas aproximadas, por confirmar. — Perro: permitido con condiciones",,https://theawakeman.github.io/africa2027/paises/esuatini/#poi-2,"https://www.google.com/maps?q=-26.2,31.0333",PDI · Morado,-26.2,31.0333
Reserva Natural de Malolotja,"Alta · Naturaleza — EL MEJOR SENDERISMO DEL PAÍS Y DE LOS MEJORES DE ÁFRICA AUSTRAL: 180 km² de montaña abierta en la frontera noroccidental, con solo 25 km de carretera dentro y una red de senderos que permite caminatas de un día o travesías de varios días con vivac. Dentro está el monte Ngwenya (1.829 m, segunda cumbre del país) y las CATARATAS DE MALOLOTJA, el salto más alto de Esuatini con 89 m. Es paisaje de pradera de altura, gargantas y flores —un santuario botánico— con cebras, ñus, antílopes y el buitre del Cabo. Al no haber grandes depredadores se camina en libertad, sin ranger obligatorio: una rareza en esta parte de África. Coordenadas aproximadas, por confirmar. — Perro: por confirmar",https://commons.wikimedia.org/wiki/Special:FilePath/Malolotja%20Scenery%20(31722500693).jpg?width=900,https://theawakeman.github.io/africa2027/paises/esuatini/#poi-3,"https://www.google.com/maps?q=-26.1333,31.1167",PDI · Verde,-26.1333,31.1167
Malolotja Canopy Tour · la tirolina del cañón,"Alta · Naturaleza — Dentro de Malolotja, un recorrido de tirolinas de plataforma en plataforma sobre el cañón del río Majolomba, con un PUENTE COLGANTE de unos 50 m de altura sobre la garganta como remate. Se anuncia como la tirolina más larga de África austral — dato POR CONFIRMAR con el operador, pero en cualquier caso es la actividad de adrenalina del país y una forma imbatible de ver el cañón. Dura unas dos o tres horas, con equipo y guías incluidos. No apto para el perro, evidentemente: se queda en el camping de la reserva. Coordenadas aproximadas, por confirmar. — Perro: prohibido",,https://theawakeman.github.io/africa2027/paises/esuatini/#poi-4,"https://www.google.com/maps?q=-26.135,31.12",PDI · Verde,-26.135,31.12
Presa de Maguga y el valle del Komati,"Media · Naturaleza — Una presa de escollera de 115 m sobre el río Komati, al norte de Malolotja, que embalsa un lago serpenteante entre montañas y crea uno de los mejores miradores de carretera del país. Hay lodge y camping en la orilla, pesca de black bass y paseos en barca, y la carretera MR1 que baja desde Piggs Peak es una conducción preciosa de curvas continuas. Es la parada lógica entre Malolotja y el arte rupestre de Nsangwini. Coordenadas aproximadas, por confirmar. — Perro: permitido con condiciones",,https://theawakeman.github.io/africa2027/paises/esuatini/#poi-5,"https://www.google.com/maps?q=-26.0333,31.2167",PDI · Verde,-26.0333,31.2167
Arte rupestre de Nsangwini,"Media · Cultura — El único abrigo con arte rupestre san abierto al público en Esuatini, en un balcón de roca sobre el valle del Komati al que se baja por un sendero corto pero empinado. Tiene un panel excepcional con FIGURAS ALADAS —seres humanos con alas, interpretados como chamanes en trance— y elefantes, antílopes y cazadores, con varios miles de años de antigüedad. Lo gestiona la comunidad local, que pone el guía: es un proyecto comunitario pequeño y muy honesto, y de las visitas más memorables del país. Coordenadas aproximadas, por confirmar. — Perro: por confirmar",,https://theawakeman.github.io/africa2027/paises/esuatini/#poi-6,"https://www.google.com/maps?q=-26.0,31.2",PDI · Morado,-26.0,31.2
Cascadas de Phophonyane,"Media · Naturaleza — Reserva privada junto a Piggs Peak en torno a una sucesión de saltos y pozas del río Phophonyane, encajados en un bosque autóctono de ribera con más de 250 especies de aves. Hay senderos cortos, pozas naturales en las que bañarse y un lodge con casas de campaña bajo los árboles. Es el rincón fresco y verde del norte, y un contraste absoluto con el lowveld seco del este. Coordenadas aproximadas, por confirmar. — Perro: por confirmar",,https://theawakeman.github.io/africa2027/paises/esuatini/#poi-7,"https://www.google.com/maps?q=-25.95,31.2",PDI · Verde,-25.95,31.2
Mbabane,"Media · Ciudad · servicios — La capital administrativa, en el highveld a unos 1.100 m, con clima fresco y un tamaño muy manejable: bancos, supermercados sudafricanos, talleres, hospitales y el mercado de artesanía como principal atractivo urbano. No es una ciudad monumental —la capital real, la de la monarquía, es Lobamba—, pero es donde se resuelven las gestiones. Desde aquí se sube a Sibebe en veinte minutos. — Perro: permitido con condiciones",,https://theawakeman.github.io/africa2027/paises/esuatini/#poi-8,"https://www.google.com/maps?q=-26.3167,31.1333",PDI · Azul,-26.3167,31.1333
Sibebe · el monolito de granito,"Alta · Naturaleza — A 10 km de Mbabane se levanta una cúpula de granito desnudo que se describe como EL SEGUNDO MONOLITO MÁS GRANDE DEL MUNDO DESPUÉS DE ULURU y el mayor plutón de granito expuesto del planeta: 350 m de pared sobre el valle del Mbuluzi. Y la gracia es que SE SUBE A PIE, sin material, por la roca desnuda: una subida de dos o tres horas con tramos en los que se trepa a cuatro patas por pura fricción, y una cumbre plana con vistas de 360 grados sobre todo el highveld. Cada año se celebra el «Sibebe Survivor», una marcha benéfica multitudinaria hasta arriba. No hay recinto de parque nacional: es terreno comunitario con guía local. Coordenadas aproximadas, por confirmar. — Perro: por confirmar",,https://theawakeman.github.io/africa2027/paises/esuatini/#poi-9,"https://www.google.com/maps?q=-26.2833,31.1667",PDI · Verde,-26.2833,31.1667
Valle de Ezulwini,"Alta · Cultura — «El valle del cielo»: el corredor entre Mbabane y Manzini donde se concentra casi todo lo que hay que ver en Esuatini, y la base natural del desvío. Reúne el mercado de artesanía de Ezulwini, las fuentes termales de Cuddle Puddle, hoteles y campings, el santuario de Mlilwane, el poblado cultural de Mantenga y, un poco más allá, Lobamba con el Parlamento, el Museo Nacional, el memorial del rey Sobhuza II y el recinto real de Ludzidzini donde se celebran la Umhlanga y la Incwala. Todo en unos veinte kilómetros: se puede dormir en un sitio y no mover el vehículo en tres días. — Perro: permitido con condiciones",,https://theawakeman.github.io/africa2027/paises/esuatini/#poi-10,"https://www.google.com/maps?q=-26.4333,31.1667",PDI · Morado,-26.4333,31.1667
Mantenga · poblado cultural suazi y las cascadas,"Alta · Cultura — Reserva natural de la Eswatini National Trust Commission que contiene la mejor reconstrucción de una ALDEA SUAZI TRADICIONAL de mediados del siglo XIX: dieciséis estructuras de paja y barro levantadas con técnica auténtica —el kraal de ganado, las cabañas de las esposas, el corral, el granero— con visita guiada que explica cómo funcionaba de verdad la familia extensa y la homestead. Dos veces al día hay espectáculo de DANZA SIBHACA, que no es un montaje para turistas sino la danza competitiva real de los hombres suazis. Al lado están las cascadas de Mantenga, sobre el río Lusushwana, y enfrente se ve la silueta de la Roca de la Ejecución (Nyonyane). Coordenadas aproximadas, por confirmar. — Perro: por confirmar",https://commons.wikimedia.org/wiki/Special:FilePath/Mantenga%20nature%20reserve%20(37097743884).jpg?width=900,https://theawakeman.github.io/africa2027/paises/esuatini/#poi-11,"https://www.google.com/maps?q=-26.45,31.1833",PDI · Morado,-26.45,31.1833
Santuario de Vida Silvestre de Mlilwane,"Alta · Naturaleza — 4.560 hectáreas en el valle de Ezulwini y el área protegida más antigua del país, rehabilitada por la familia Reilly sobre antiguas tierras de cultivo y minas de estaño. Su singularidad es que NO TIENE GRANDES DEPREDADORES, así que aquí se puede recorrer la reserva A PIE, EN BICICLETA DE MONTAÑA Y A CABALLO entre cebras, ñus, impalas, facóqueros y antílopes — algo imposible en cualquier parque de Sudáfrica o Botsuana. Hay manantiales cálidos, el pico Nyonyane con la Roca de la Ejecución (desde la que, según la tradición, se despeñaba a los condenados), y un camping y alojamiento en cabañas de paja con facóqueros pastando entre las tiendas. Es LA joya del desvío para quien quiere fauna sin encierro. — Perro: prohibido",https://commons.wikimedia.org/wiki/Special:FilePath/Plains%20zebra%20in%20Mlilwane%20Wildlife%20Sanctuary%2001.jpg?width=900,https://theawakeman.github.io/africa2027/paises/esuatini/#poi-12,"https://www.google.com/maps?q=-26.4691,31.1619",PDI · Verde,-26.4691,31.1619
Manzini,"Media · Ciudad · servicios — La mayor ciudad y el corazón comercial e industrial del país, a media hora de Ezulwini. Su atractivo real es EL MERCADO: el de productos frescos abajo y, arriba, el de artesanía, que los jueves y viernes por la mañana es cuando llegan los artesanos rurales y es el mejor de Esuatini con diferencia. Es también el nudo de carreteras del país —de aquí salen las vías al este (Hlane, Mkhaya, Mozambique) y al sur (Lavumisa/Golela y KwaZulu-Natal)— y el sitio con más talleres y repuestos. — Perro: permitido con condiciones",,https://theawakeman.github.io/africa2027/paises/esuatini/#poi-13,"https://www.google.com/maps?q=-26.4833,31.3667",PDI · Azul,-26.4833,31.3667
Reserva de Mkhaya · el rinoceronte negro,"Alta · Naturaleza — El sitio con mejor reputación de África austral para ver RINOCERONTE NEGRO de cerca, y una reserva con una historia particular: se creó en 1979 para salvar de la extinción al GANADO NGUNI autóctono, y acabó convertida en refugio de especies amenazadas. NO SE PUEDE ENTRAR CON VEHÍCULO PROPIO: hay que dejar el coche en el punto de encuentro de Phuzumoya y todo se hace guiado y con reserva previa, en vehículo abierto o a pie. Está gestionada y patrullada íntegramente por personal suazi y se autofinancia solo con los ingresos de visitantes. Tiene rinoceronte negro y blanco, elefante, búfalo, antílopes raros y muy pocas plazas: es cara y hay que reservarla con antelación, pero quien va la pone por encima de casi cualquier parque de la región. — Perro: prohibido",,https://theawakeman.github.io/africa2027/paises/esuatini/#poi-14,"https://www.google.com/maps?q=-26.625,31.7375",PDI · Verde,-26.625,31.7375
Parque Nacional Real de Hlane,"Alta · Naturaleza — 300 km² en el lowveld nororiental, a unos 67 km de Manzini: el ÁREA PROTEGIDA MÁS GRANDE DEL PAÍS y el antiguo coto de caza real, que hoy el rey Mswati III mantiene en fideicomiso para la nación. «Hlane» significa «tierra salvaje», y el nombre se lo puso el rey Sobhuza II. Tiene LEONES, ELEFANTES, RINOCERONTE BLANCO, jirafas y guepardos reintroducidos, y en la estación seca los ñus, cebras e impalas se concentran en las charcas. Para los aficionados a las aves es excepcional: LA MAYOR DENSIDAD DE BUITRE DORSIBLANCO NIDIFICANTE DE ÁFRICA y el punto de nidificación más meridional del marabú. Se recorre con vehículo propio por pistas llanas (mejor con altura libre) y tiene dos campamentos: Ndlovu, junto a la entrada, y Bhubesi, al norte. Coordenadas aproximadas, por confirmar. — Perro: prohibido",https://commons.wikimedia.org/wiki/Special:FilePath/Hlane%20Royal%20National%20Park%20banner%20White%20Rhinos%20wallowing%20and%20resting%20in%20the%20bushes.jpg?width=900,https://theawakeman.github.io/africa2027/paises/esuatini/#poi-15,"https://www.google.com/maps?q=-26.25,31.8833",PDI · Verde,-26.25,31.8833
Lubombo y el Shewula Mountain Camp,"Media · Naturaleza — En el escarpe de los montes Lubombo, contra la frontera de Mozambique, está el primer campamento comunitario del país: lo gestiona íntegramente la comunidad de Shewula, con cabañas sencillas asomadas al borde de la meseta y vistas al valle del Mbuluzi y a Hlane. Se hacen paseos con guías del pueblo, visita a curanderos tradicionales y a la escuela, y se come comida suazi de verdad. Es la parada lógica antes de salir hacia Mozambique por Lomahasha, y el contrapunto honesto a los lodges del valle de Ezulwini. Cerca queda la reserva de Mlawula y las gargantas del Mbuluzi. Coordenadas aproximadas, por confirmar. — Perro: por confirmar",,https://theawakeman.github.io/africa2027/paises/esuatini/#poi-16,"https://www.google.com/maps?q=-26.1333,31.95",PDI · Verde,-26.1333,31.95
Christmas Pass · mirador de Mutare,Alta · Ciudad · servicios — El paso montañoso que abre la vista sobre Mutare es una parada breve y una buena lectura del cambio de paisaje al entrar desde Mozambique. — Perro: permitido con condiciones,"https://commons.wikimedia.org/wiki/Special:FilePath/Mutare_Area,_Zimbabwe.jpg?width=1200",https://theawakeman.github.io/africa2027/paises/zimbabue/#poi-1,"https://www.google.com/maps?q=-18.95089,32.64729",PDI · Azul,-18.95089,32.64729
Vumba Botanical Garden,"Alta · Naturaleza — Jardín botánico de montaña en los Bvumba, con bosque húmedo, grandes árboles y notable avifauna. No representa todos los montes ni da acceso automático a fincas privadas. — Perro: permitido con condiciones","https://commons.wikimedia.org/wiki/Special:FilePath/Yellow-bellied_waxbill,_Estrilda_quartinia,_Vumba_National_Botanical_Garden,_Zimbabwe_(21655564689).jpg?width=1200",https://theawakeman.github.io/africa2027/paises/zimbabue/#poi-2,"https://www.google.com/maps?q=-19.11895,32.78298",PDI · Verde,-19.11895,32.78298
Monte Nyangani · cumbre,"Alta · Naturaleza — La cumbre más alta de Zimbabue es una caminata de montaña dentro de Nyanga National Park. El pin marca la cima, no el aparcamiento ni una ruta de conducción. — Perro: prohibido",https://commons.wikimedia.org/wiki/Special:FilePath/Nyangani_from_nyamuziwa_source.jpg?width=1200,https://theawakeman.github.io/africa2027/paises/zimbabue/#poi-3,"https://www.google.com/maps?q=-18.29556,32.84194",PDI · Verde,-18.29556,32.84194
Mtarazi Falls · mirador,"Alta · Naturaleza — Mirador sobre Mtarazi Falls y el valle de Honde, dentro del área de Nyanga. La altura y el vacío exigen permanecer en estructuras y senderos autorizados. — Perro: prohibido",https://commons.wikimedia.org/wiki/Special:FilePath/Mutarazi_Falls00.jpg?width=1200,https://theawakeman.github.io/africa2027/paises/zimbabue/#poi-4,"https://www.google.com/maps?q=-18.48625,32.79376",PDI · Verde,-18.48625,32.79376
Ziwa Site Museum y terrazas,"Media · Cultura — Ziwa conserva recintos, muros, terrazas y estructuras excavadas que explican el paisaje agrícola histórico de Nyanga. Es un sitio arqueológico, no una reconstrucción completa. — Perro: permitido con condiciones",https://commons.wikimedia.org/wiki/Special:FilePath/Ziwa_ruins_pitentrance.JPG?width=1200,https://theawakeman.github.io/africa2027/paises/zimbabue/#poi-5,"https://www.google.com/maps?q=-18.14476,32.6356",PDI · Morado,-18.14476,32.6356
Chimanimani · oficina del parque,Alta · Naturaleza — La oficina del parque en Chimanimani es el ancla operativa para registrar rutas de varios días por montañas remotas. No se presenta el pin como refugio ni como cumbre. — Perro: prohibido,https://commons.wikimedia.org/wiki/Special:FilePath/Eastern_Highlands_banner_Chimanimani_mountains.png?width=1200,https://theawakeman.github.io/africa2027/paises/zimbabue/#poi-6,"https://www.google.com/maps?q=-19.80505,32.8704",PDI · Verde,-19.80505,32.8704
Great Zimbabwe National Monument,"Alta · Patrimonio UNESCO — Capital medieval de piedra seca y principal conjunto arqueológico del país, con complejo de la colina, Gran Recinto y ruinas del valle. — Perro: permitido con condiciones","https://commons.wikimedia.org/wiki/Special:FilePath/Gro%C3%9F_Simbabwe,_Konischer_Turm.JPG?width=1200",https://theawakeman.github.io/africa2027/paises/zimbabue/#poi-7,"https://www.google.com/maps?q=-20.27146,30.93275",PDI · Ámbar,-20.27146,30.93275
Lake Mutirikwi Recreational Park,"Media · Ciudad · servicios — Área recreativa en la orilla de Lake Mutirikwi, separada de la ciudad de Masvingo y del monumento de Great Zimbabwe. Sirve como pausa lacustre y base de descanso. — Perro: permitido con condiciones",https://commons.wikimedia.org/wiki/Special:FilePath/Lake_Kyle00.jpg?width=1200,https://theawakeman.github.io/africa2027/paises/zimbabue/#poi-8,"https://www.google.com/maps?q=-20.19681,30.9994",PDI · Azul,-20.19681,30.9994
Chilojo Cliffs · Gonarezhou,"Alta · Naturaleza — Muralla de arenisca roja sobre el río Runde, dentro de Gonarezhou. La ficha se ancla en el mirador real de Chilojo, no en el centro del parque. — Perro: prohibido",https://commons.wikimedia.org/wiki/Special:FilePath/Zimbabwe_Gonarezhou_Landscape_Chilojo_Cliffs.jpg?width=1200,https://theawakeman.github.io/africa2027/paises/zimbabue/#poi-9,"https://www.google.com/maps?q=-21.44358,32.08521",PDI · Verde,-21.44358,32.08521
Natural History Museum · Bulawayo,"Alta · Ciudad · servicios — Museo de historia natural de Bulawayo con colecciones zoológicas, geológicas y arqueológicas; convierte la parada urbana en una visita concreta. — Perro: permitido con condiciones",https://commons.wikimedia.org/wiki/Special:FilePath/Natural_History_Museum_Zimbabwe_Bulawayo.jpg?width=1200,https://theawakeman.github.io/africa2027/paises/zimbabue/#poi-10,"https://www.google.com/maps?q=-20.15579,28.59648",PDI · Azul,-20.15579,28.59648
Matobo Hills · World’s View,"Alta · Patrimonio UNESCO — World’s View ocupa una cumbre sagrada de Matobo y contiene la tumba de Cecil Rhodes, figura colonial controvertida. El paisaje y la memoria viva requieren una lectura crítica y respetuosa. — Perro: ver matriz — parcialmente posible",https://commons.wikimedia.org/wiki/Special:FilePath/Sunrise_Matobo_Zimbabwe.jpg?width=1200,https://theawakeman.github.io/africa2027/paises/zimbabue/#poi-11,"https://www.google.com/maps?q=-20.49376,28.51373",PDI · Ámbar,-20.49376,28.51373
Khami World Heritage Site,Media · Patrimonio UNESCO — Khami conserva plataformas aterrazadas y muros decorados de piedra seca posteriores al auge de Great Zimbabwe. Suele requerir menos tiempo y recibe menos visitantes. — Perro: permitido con condiciones,https://commons.wikimedia.org/wiki/Special:FilePath/Khami_ruins_(ZW).jpg?width=1200,https://theawakeman.github.io/africa2027/paises/zimbabue/#poi-12,"https://www.google.com/maps?q=-20.14281,28.42325",PDI · Ámbar,-20.14281,28.42325
Hwange National Park · Main Camp,Alta · Naturaleza — Main Camp es la puerta práctica al sector oriental de Hwange y a sus circuitos de pozas. La ficha no promete cifras de fauna ni avistamientos concretos. — Perro: prohibido,"https://commons.wikimedia.org/wiki/Special:FilePath/Hwange_National_Park,_Zimbabwe_(48595118982).jpg?width=1200",https://theawakeman.github.io/africa2027/paises/zimbabue/#poi-13,"https://www.google.com/maps?q=-18.73073,26.9519",PDI · Verde,-18.73073,26.9519
Victoria Falls · entrada principal,Alta · Patrimonio UNESCO — La entrada principal del lado zimbabuense da acceso al sendero de miradores del bosque lluvioso frente a Victoria Falls. Caudal y spray cambian mucho según la estación. — Perro: prohibido,"https://commons.wikimedia.org/wiki/Special:FilePath/Victoria_Falls,_Zimbabwe_01.jpg?width=1200",https://theawakeman.github.io/africa2027/paises/zimbabue/#poi-14,"https://www.google.com/maps?q=-17.92488,25.84714",PDI · Ámbar,-17.92488,25.84714
Victoria Falls Bridge,"Alta · Cultura — Puente histórico y fronterizo sobre la segunda garganta, con vistas al Batoka y al spray de las cataratas. Cruzarlo implica controles internacionales, aunque se visite solo el puente. — Perro: permitido con condiciones","https://commons.wikimedia.org/wiki/Special:FilePath/Puente_de_las_cataratas_Victoria,_Zambia-Zimbabue,_2018-07-27,_DD_10.jpg?width=1200",https://theawakeman.github.io/africa2027/paises/zimbabue/#poi-15,"https://www.google.com/maps?q=-17.92844,25.8572",PDI · Morado,-17.92844,25.8572
Zambezi National Park,"Alta · Ciudad · servicios — Parque ribereño aguas arriba de Victoria Falls, útil para un safari corto desde la ciudad. El pin marca el objeto del parque; puerta y actividad se confirman al reservar. — Perro: permitido con condiciones","https://commons.wikimedia.org/wiki/Special:FilePath/Facocero_com%C3%BAn_(Phacochoerus_africanus),_parque_nacional_de_Zambeze,_Zimbabue,_2018-07-28,_DD_01.jpg?width=1200",https://theawakeman.github.io/africa2027/paises/zimbabue/#poi-16,"https://www.google.com/maps?q=-17.97828,25.71018",PDI · Azul,-17.97828,25.71018
National Gallery of Zimbabwe · Harare,Alta · Ciudad · servicios — Galería nacional de Harare con arte moderno y contemporáneo de Zimbabue y la región. Es una visita cultural concreta dentro de una escala principalmente logística. — Perro: permitido con condiciones,https://commons.wikimedia.org/wiki/Special:FilePath/National_Gallery_Zimbabwe.jpg?width=1200,https://theawakeman.github.io/africa2027/paises/zimbabue/#poi-17,"https://www.google.com/maps?q=-17.82493,31.04904",PDI · Azul,-17.82493,31.04904
Domboshawa · roca y pinturas,Media · Cultura — Afloramiento granítico visitable cerca de Harare con vistas y pinturas rupestres en abrigo. Sustituye la mezcla anterior con Epworth: esta ficha trata solo Domboshawa. — Perro: permitido con condiciones,https://commons.wikimedia.org/wiki/Special:FilePath/Domboshava_rock.jpg?width=1200,https://theawakeman.github.io/africa2027/paises/zimbabue/#poi-18,"https://www.google.com/maps?q=-17.61058,31.17338",PDI · Morado,-17.61058,31.17338
Chinhoyi Caves · Sleeping Pool,"Media · Naturaleza — Sistema de cavidades con el intenso azul del Sleeping Pool, accesible por escaleras dentro de un parque recreativo. Profundidad y buceo no deben tratarse como actividad casual. — Perro: prohibido","https://commons.wikimedia.org/wiki/Special:FilePath/Chinhoyi_caves,_Zimbabwe.JPG?width=1200",https://theawakeman.github.io/africa2027/paises/zimbabue/#poi-19,"https://www.google.com/maps?q=-17.35637,30.12997",PDI · Verde,-17.35637,30.12997
Mana Pools · base de Nyamepi,Alta · Patrimonio UNESCO — Nyamepi es la base principal de la llanura aluvial de Mana Pools. El pin se ha fijado en un campsite operativo y no en un punto genérico del parque. — Perro: prohibido,https://commons.wikimedia.org/wiki/Special:FilePath/Island_in_the_Zambezi_River_at_Mana_Pools_National_Park-1.jpg?width=1200,https://theawakeman.github.io/africa2027/paises/zimbabue/#poi-20,"https://www.google.com/maps?q=-15.71962,29.36976",PDI · Ámbar,-15.71962,29.36976
Kariba Dam,Alta · Naturaleza — La presa de Kariba cruza el Zambeze y explica el enorme embalse compartido por Zimbabue y Zambia. Es infraestructura crítica y el acceso puede cambiar. — Perro: ver matriz,"https://commons.wikimedia.org/wiki/Special:FilePath/Kariba,_Zimbabwe_11.JPG?width=1200",https://theawakeman.github.io/africa2027/paises/zimbabue/#poi-21,"https://www.google.com/maps?q=-16.52211,28.76167",PDI · Verde,-16.52211,28.76167
Chizarira · Mucheni Gorge Viewpoint,Media · Naturaleza — Mucheni Gorge Viewpoint permite leer la gran escarpa de Chizarira desde un punto concreto. El aislamiento del parque es parte del atractivo y del riesgo logístico. — Perro: prohibido,"https://commons.wikimedia.org/wiki/Special:FilePath/Chizarira_National_Park,_Zimbabwe.jpg?width=1200",https://theawakeman.github.io/africa2027/paises/zimbabue/#poi-22,"https://www.google.com/maps?q=-17.64607,27.8769",PDI · Verde,-17.64607,27.8769
Kazungula Bridge,"Alta · Ciudad · servicios — El puente carretero y ferroviario sobre el Zambeze enlaza Botsuana y Zambia. El pin marca el puente real, no el centro de Kasane ni un supuesto punto cuádruple visitable. — Perro: permitido con condiciones",https://commons.wikimedia.org/wiki/Special:FilePath/Kazungula_Bridge.jpg?width=1200,https://theawakeman.github.io/africa2027/paises/botsuana/#poi-1,"https://www.google.com/maps?q=-17.79044,25.26276",PDI · Azul,-17.79044,25.26276
Chobe Riverfront · Sedudu Gate,"Alta · Naturaleza — Sedudu Gate es la entrada concreta al Riverfront de Chobe, uno de los circuitos de fauna más accesibles del país. Un crucero por el río es una actividad diferente. — Perro: prohibido","https://commons.wikimedia.org/wiki/Special:FilePath/Chobe_Riverfront,_Botswana_(2611398068).jpg?width=1200",https://theawakeman.github.io/africa2027/paises/botsuana/#poi-2,"https://www.google.com/maps?q=-17.84397,25.14344",PDI · Verde,-17.84397,25.14344
Savuti · campamento,Alta · Naturaleza — Savuti es el sector seco y remoto de Chobe articulado alrededor de su canal y su campamento. La arena profunda cambia mucho con la estación. — Perro: prohibido,https://commons.wikimedia.org/wiki/Special:FilePath/Lion-savuti-botswana-april-2025.jpg?width=1200,https://theawakeman.github.io/africa2027/paises/botsuana/#poi-3,"https://www.google.com/maps?q=-18.56493,24.06436",PDI · Verde,-18.56493,24.06436
Linyanti · campsite,"Media · Naturaleza — Linyanti Campsite es una pequeña base remota junto al río, en el extremo occidental de Chobe. No debe confundirse con alojamientos privados de la concesión. — Perro: prohibido",https://commons.wikimedia.org/wiki/Special:FilePath/Namibia_from_Linyanti_River.jpg?width=1200,https://theawakeman.github.io/africa2027/paises/botsuana/#poi-4,"https://www.google.com/maps?q=-18.29556,23.90776",PDI · Verde,-18.29556,23.90776
Khwai · North Gate,Alta · Naturaleza — North Gate es el acceso a Moremi desde Khwai y un punto operativo mucho más útil que un pin genérico en la reserva. — Perro: prohibido,"https://commons.wikimedia.org/wiki/Special:FilePath/Palm_trees_at_Khwai,_Botswana_in_summer_03.jpg?width=1200",https://theawakeman.github.io/africa2027/paises/botsuana/#poi-5,"https://www.google.com/maps?q=-19.17262,23.75231",PDI · Verde,-19.17262,23.75231
Moremi · Xakanaxa,Alta · Naturaleza — Xakanaxa es el nodo de campamento y embarcaderos de Moremi donde se encuentran canales permanentes y tierra seca. — Perro: prohibido,https://commons.wikimedia.org/wiki/Special:FilePath/Okavangodelta_Xakanaxa.jpg?width=1200,https://theawakeman.github.io/africa2027/paises/botsuana/#poi-6,"https://www.google.com/maps?q=-19.18273,23.41138",PDI · Verde,-19.18273,23.41138
Mboma Island · salida de excursiones,Media · Naturaleza — Mboma Island Expeditions es un punto concreto de salida para recorridos acuáticos desde Moremi. La ficha no presenta toda la isla como acceso libre. — Perro: prohibido,"https://commons.wikimedia.org/wiki/Special:FilePath/Equus_quagga_in_Moremi_Game_Reserve,_Botswana,_-12_Nov._2011_a.jpg?width=1200",https://theawakeman.github.io/africa2027/paises/botsuana/#poi-7,"https://www.google.com/maps?q=-19.19456,23.27155",PDI · Verde,-19.19456,23.27155
Maun · Nhabe Museum,Alta · Ciudad · servicios — Nhabe Museum ocupa un edificio histórico de Maun y explica culturas y paisaje del noroeste. Convierte la parada logística en una visita breve y concreta. — Perro: permitido con condiciones,https://commons.wikimedia.org/wiki/Special:FilePath/Maun_-_Botswana_-_panoramio.jpg?width=1200,https://theawakeman.github.io/africa2027/paises/botsuana/#poi-8,"https://www.google.com/maps?q=-19.97884,23.42872",PDI · Azul,-19.97884,23.42872
Okavango · estación de mokoro Boro 2,Alta · Patrimonio UNESCO — Boro 2 es una estación comunitaria de salida en mokoro al sur de Maun. No es un mirador libre ni una coordenada genérica del delta. — Perro: prohibido,https://commons.wikimedia.org/wiki/Special:FilePath/Mokoro_In_the_Kavango_Delta_Botswana.jpg?width=1200,https://theawakeman.github.io/africa2027/paises/botsuana/#poi-9,"https://www.google.com/maps?q=-19.84665,23.40229",PDI · Ámbar,-19.84665,23.40229
Shakawe · Panhandle del Okavango,"Media · Naturaleza — Shakawe es la base urbana del Panhandle, la sección estrecha y permanente del Okavango. El interés está en el río, no en el centro de la población. — Perro: permitido con condiciones","https://commons.wikimedia.org/wiki/Special:FilePath/Shakawe_(2019),_Version_A.jpg?width=1200",https://theawakeman.github.io/africa2027/paises/botsuana/#poi-10,"https://www.google.com/maps?q=-18.36734,21.83897",PDI · Verde,-18.36734,21.83897
Tsodilo Hills · museo y oficina,Alta · Patrimonio UNESCO — El museo de Tsodilo es el punto correcto para registrarse antes de recorrer colinas sagradas con miles de pinturas rupestres. — Perro: permitido con condiciones,https://commons.wikimedia.org/wiki/Special:FilePath/Tsodilo_Hills_rock_paintings4.jpg?width=1200,https://theawakeman.github.io/africa2027/paises/botsuana/#poi-11,"https://www.google.com/maps?q=-18.75858,21.73715",PDI · Ámbar,-18.75858,21.73715
Gcwihaba Caves,Media · Naturaleza — Gcwihaba es un sistema de cuevas remoto en el Kalahari. Su acceso y visita requieren preparación; el pin marca el objeto real en Google Maps. — Perro: permitido con condiciones,https://commons.wikimedia.org/wiki/Special:FilePath/Niambia_botswanaensis_(10.3897-subtbiol.40.72499)_Figure_4.jpg?width=1200,https://theawakeman.github.io/africa2027/paises/botsuana/#poi-12,"https://www.google.com/maps?q=-20.02301,21.35518",PDI · Verde,-20.02301,21.35518
D’Kar · Kuru Art Project,"Media · Cultura — Kuru Art Project en D’Kar trabaja con artistas san contemporáneos. Es un estudio y proyecto cultural real, no una aldea presentada como espectáculo. — Perro: permitido con condiciones",https://kuruart.com/wp-content/uploads/2023/10/32EE3397-7737-42AD-9598-729A8B951873.png,https://theawakeman.github.io/africa2027/paises/botsuana/#poi-13,"https://www.google.com/maps?q=-21.51983,21.94476",PDI · Morado,-21.51983,21.94476
CKGR · Deception Valley,"Alta · Naturaleza — Deception Valley es un sector remoto del Central Kalahari Game Reserve. El pin marca el valle en Google Maps, no una puerta ni un campamento garantizado. — Perro: prohibido",https://commons.wikimedia.org/wiki/Special:FilePath/Kalahari_PICT0036.JPG?width=1200,https://theawakeman.github.io/africa2027/paises/botsuana/#poi-14,"https://www.google.com/maps?q=-21.4393,23.81386",PDI · Verde,-21.4393,23.81386
Baines Baobabs,"Alta · Naturaleza — Los siete baobabs de Baines forman un hito histórico y paisajístico junto a Kudiakam Pan, dentro de Nxai Pan National Park. — Perro: prohibido","https://commons.wikimedia.org/wiki/Special:FilePath/Baines_Baobabs,_Nxai_Pan_(48591925422).jpg?width=1200",https://theawakeman.github.io/africa2027/paises/botsuana/#poi-15,"https://www.google.com/maps?q=-20.11214,24.76911",PDI · Verde,-20.11214,24.76911
Makgadikgadi · acceso de Khumaga,Alta · Naturaleza — Khumaga es el acceso occidental de Makgadikgadi Pans National Park junto al Boteti; el cruce puede depender de puente o transbordador operativo. — Perro: prohibido,https://commons.wikimedia.org/wiki/Special:FilePath/Auto-_und_Personenf%C3%A4hre_%C3%BCber_den_Boteti.jpg?width=1200,https://theawakeman.github.io/africa2027/paises/botsuana/#poi-16,"https://www.google.com/maps?q=-20.45547,24.51647",PDI · Verde,-20.45547,24.51647
Kubu Island · Lekhubu,"Alta · Cultura — Lekhubu o Kubu Island es un afloramiento granítico con baobabs en medio de Sowa Pan, gestionado por un fideicomiso comunitario. — Perro: permitido con condiciones",https://commons.wikimedia.org/wiki/Special:FilePath/Boababs_at_Kubu.jpg?width=1200,https://theawakeman.github.io/africa2027/paises/botsuana/#poi-17,"https://www.google.com/maps?q=-20.893,25.819",PDI · Morado,-20.893,25.819
Nata Bird Sanctuary,Media · Naturaleza — Santuario comunitario junto a Nata con acceso a las orillas de Sua Pan. Las concentraciones de aves dependen del agua y la estación. — Perro: permitido con condiciones,"https://commons.wikimedia.org/wiki/Special:FilePath/Nata_Bird_Sanctuary,_Botswana_(2652921427).jpg?width=1200",https://theawakeman.github.io/africa2027/paises/botsuana/#poi-18,"https://www.google.com/maps?q=-20.33583,26.25407",PDI · Verde,-20.33583,26.25407
Khama Rhino Sanctuary · entrada,Alta · Naturaleza — Reserva comunitaria cercada cerca de Serowe centrada en la conservación del rinoceronte. La entrada real sustituye el pin urbano anterior. — Perro: prohibido,"https://commons.wikimedia.org/wiki/Special:FilePath/Rinoceronte_blanco_(Ceratotherium_simum),_Santuario_de_Rinocerontes_Khama,_Botsuana,_2018-08-02,_DD_06.jpg?width=1200",https://theawakeman.github.io/africa2027/paises/botsuana/#poi-19,"https://www.google.com/maps?q=-22.23444,26.72008",PDI · Verde,-22.23444,26.72008
Northern Tuli · acceso de Pont Drift,Media · Naturaleza — Pont Drift es el paso del Limpopo que da acceso al Northern Tuli. El cruce puede ser vado o transporte alternativo según el nivel del río. — Perro: prohibido,https://commons.wikimedia.org/wiki/Special:FilePath/Lions_Tuli_Block_Botswana.jpg?width=1200,https://theawakeman.github.io/africa2027/paises/botsuana/#poi-20,"https://www.google.com/maps?q=-22.21406,29.13839",PDI · Verde,-22.21406,29.13839
Three Dikgosi Monument · Gaborone,"Media · Ciudad · servicios — Monumento de Gaborone dedicado a Khama III, Sebele I y Bathoen I, los tres dikgosi que viajaron a Gran Bretaña en 1895. — Perro: permitido con condiciones","https://commons.wikimedia.org/wiki/Special:FilePath/Three_Dikgosi_Monument,_Gaborone,_Botswana.jpg?width=1200",https://theawakeman.github.io/africa2027/paises/botsuana/#poi-21,"https://www.google.com/maps?q=-24.6449,25.90739",PDI · Azul,-24.6449,25.90739
Parque Nacional de Liuwa Plain,"Alta · Naturaleza — Gran llanura inundable del oeste y uno de los safaris más remotos de Zambia, conocida por su migración estacional de ñus, hienas y recuperación de leones. El acceso se organiza desde Kalabo y exige 4x4, autonomía y comprobar el nivel del agua. — Perro: prohibido",https://commons.wikimedia.org/wiki/Special:FilePath/Safari_Liuwa_Sambia_-_8215581739_(cropped).jpg?width=1200,https://theawakeman.github.io/africa2027/paises/zambia/#poi-1,"https://www.google.com/maps?q=-14.5,22.5",PDI · Verde,-14.5,22.5
Mongu y la llanura del Barotse (Kuomboka),Alta · Cultura — Mongu es la base del Barotse y su puerto abre la llanura inundable. Kuomboka es el traslado ceremonial del Litunga en la barcaza Nalikwanda; su fecha depende de la crecida y no debe darse por garantizada sin anuncio oficial. — Perro: permitido con condiciones,https://commons.wikimedia.org/wiki/Special:FilePath/Nalikwanda.jpg?width=1200,https://theawakeman.github.io/africa2027/paises/zambia/#poi-2,"https://www.google.com/maps?q=-15.2727,23.11955",PDI · Morado,-15.2727,23.11955
Parque Nacional de Kafue · llanuras de Busanga,"Alta · Naturaleza — El enorme Kafue ofrece un safari menos concurrido; las llanuras de Busanga son su sector norte más singular. El pin marca Busanga, no una puerta: el desvío solo compensa con alojamiento, pista y vados confirmados. — Perro: prohibido",https://commons.wikimedia.org/wiki/Special:FilePath/Male_Bush_Elephant_Head_Trunk_Up_Kafue_Jul23_A7R_05195.jpg?width=1200,https://theawakeman.github.io/africa2027/paises/zambia/#poi-3,"https://www.google.com/maps?q=-14.32096,25.96578",PDI · Verde,-14.32096,25.96578
Lusaka,"Media · Ciudad · servicios — Capital y principal base logística del país para talleres, neumáticos, recambios, supermercados, hospital y trámites. El interés turístico es secundario frente a la oportunidad de revisar bien los vehículos antes del norte remoto. — Perro: permitido con condiciones","https://commons.wikimedia.org/wiki/Special:FilePath/Lusaka,_Zambia_CBD_Kafue_Roundabout.jpg?width=1200",https://theawakeman.github.io/africa2027/paises/zambia/#poi-4,"https://www.google.com/maps?q=-15.4067,28.305",PDI · Azul,-15.4067,28.305
Cataratas Victoria · lado zambiano (Mosi-oa-Tunya),Alta · Naturaleza — El lado zambiano de Victoria Falls permite caminar frente a la cortina de agua y alcanzar Knife Edge Bridge. El aspecto cambia por completo con el caudal; Devil’s Pool solo se considera con operador autorizado y condiciones confirmadas. — Perro: prohibido,"https://commons.wikimedia.org/wiki/Special:FilePath/Mosi-oa-Tunya,_Livingstone_(20260519-P1075699).jpg?width=1200",https://theawakeman.github.io/africa2027/paises/zambia/#poi-5,"https://www.google.com/maps?q=-17.92832,25.86404",PDI · Verde,-17.92832,25.86404
Garganta del Batoka y puente de Victoria Falls,"Media · Naturaleza — El puente histórico de 1905 cruza la garganta del Batoka entre Zambia y Zimbabue. Las vistas y el cañón justifican una parada breve; rafting, puenting o acceso peatonal dependen de operador, caudal y control fronterizo. — Perro: permitido con condiciones","https://commons.wikimedia.org/wiki/Special:FilePath/Victoria_Falls_Bridge,_Africa_092.jpg?width=1200",https://theawakeman.github.io/africa2027/paises/zambia/#poi-6,"https://www.google.com/maps?q=-17.92844,25.8572",PDI · Verde,-17.92844,25.8572
Parque Nacional de South Luangwa (Mfuwe),"Alta · Naturaleza — South Luangwa es un referente del safari a pie y de la observación de fauna en torno al río. La ficha se ancla en la puerta principal de Mfuwe, donde deben confirmarse tasas, guía, alojamiento y reglas para el vehículo. — Perro: prohibido",https://commons.wikimedia.org/wiki/Special:FilePath/Sunset_Luangwa_River_Wide_Zambia_Jul23_A7C_05776.jpg?width=1200,https://theawakeman.github.io/africa2027/paises/zambia/#poi-7,"https://www.google.com/maps?q=-13.09924,31.78607",PDI · Verde,-13.09924,31.78607
Parque Nacional de Kasanka · migración de murciélagos,"Alta · Naturaleza — Kasanka reúne lagos, bosque de mushitu y, aproximadamente entre finales de octubre y diciembre, millones de murciélagos frugívoros. La escala merece dos noches solo si las fechas, plataformas y alojamiento están confirmados. — Perro: prohibido",https://commons.wikimedia.org/wiki/Special:FilePath/Kasanka_National_Park_Bat_feast.jpg?width=1200,https://theawakeman.github.io/africa2027/paises/zambia/#poi-8,"https://www.google.com/maps?q=-12.54645,30.21552",PDI · Verde,-12.54645,30.21552
Humedales de Bangweulu · el picozapato,"Alta · Naturaleza — Bangweulu combina humedales comunitarios, grandes grupos de lechwe negro y una de las mejores posibilidades de ver picozapato. El pin conduce a Nkondo, base real de visita; la ausencia de cobertura y las pistas exigen autonomía. — Perro: prohibido",https://commons.wikimedia.org/wiki/Special:FilePath/Bangweulu_Swamps.jpg?width=1200,https://theawakeman.github.io/africa2027/paises/zambia/#poi-9,"https://www.google.com/maps?q=-12.28981,30.62613",PDI · Verde,-12.28981,30.62613
Cataratas de Ntumbachushi,"Media · Naturaleza — Serie de rápidos, pozas y un salto principal de unos 30 m cerca de Kawambwa, con importancia ritual local. Es una parada de naturaleza sencilla, no un baño garantizado: preguntar por caudal, acceso y normas del lugar. — Perro: permitido",https://commons.wikimedia.org/wiki/Special:FilePath/Ntumbachushi_Falls_2011.jpg?width=1200,https://theawakeman.github.io/africa2027/paises/zambia/#poi-10,"https://www.google.com/maps?q=-9.85381,28.94649",PDI · Verde,-9.85381,28.94649
Cataratas de Lumangwe y Kabwelume,"Alta · Naturaleza — Lumangwe forma una gran cortina sobre el Kalungwishi y Kabwelume queda a pocos kilómetros por pista. Juntas son una de las mejores etapas del circuito norte, pero el estado del desvío y el camping debe comprobarse localmente. — Perro: permitido",https://commons.wikimedia.org/wiki/Special:FilePath/Lumangwe_falls_on_the_Kalungwishi_river_during_the_dry_season(September-October).jpg?width=1200,https://theawakeman.github.io/africa2027/paises/zambia/#poi-11,"https://www.google.com/maps?q=-9.54267,29.38791",PDI · Verde,-9.54267,29.38791
Cataratas de Chishimba,"Media · Naturaleza — Tres tramos sucesivos —Mutumuna, Kaela y Chishimba— unidos por senderos y miradores cerca de Kasama. Además de paisaje, es un lugar sagrado bemba: hay que respetar las indicaciones locales y no tratarlo como una piscina recreativa. — Perro: permitido con condiciones",https://commons.wikimedia.org/wiki/Special:FilePath/Chishimba_Falls_-_Zambia.jpg?width=1200,https://theawakeman.github.io/africa2027/paises/zambia/#poi-12,"https://www.google.com/maps?q=-10.10835,30.9175",PDI · Verde,-10.10835,30.9175
Lago Tanganyika y Mpulungu,"Alta · Naturaleza — Mpulungu es el puerto zambiano del Tanganyika y una base para playas y campamentos de la orilla sur. El pin marca el puerto real; el MV Liemba y cualquier travesía deben verificarse por separado, sin asumir calendario estable. — Perro: permitido con condiciones",https://commons.wikimedia.org/wiki/Special:FilePath/Lake_Tanganyika_paradise_campsite.jpg?width=1200,https://theawakeman.github.io/africa2027/paises/zambia/#poi-13,"https://www.google.com/maps?q=-8.76367,31.10541",PDI · Verde,-8.76367,31.10541
Cataratas de Kalambo (221 m),Alta · Naturaleza — El Kalambo cae unos 221 m junto a la frontera con Tanzania y comparte protagonismo con un yacimiento arqueológico excepcional. La aproximación final y el borde requieren prudencia; la visita debe hacerse con luz y pista confirmada. — Perro: permitido con correa,https://commons.wikimedia.org/wiki/Special:FilePath/Kalambo_Falls.jpg?width=1200,https://theawakeman.github.io/africa2027/paises/zambia/#poi-14,"https://www.google.com/maps?q=-8.59642,31.23955",PDI · Verde,-8.59642,31.23955
Cataratas de Sipi,"Alta · Naturaleza — Tres saltos sobre los acantilados de Mount Elgon, con el principal cayendo frente a una amplia llanura. La visita exige guía local para enlazar miradores y comprobar barro, niebla y bordes. — Perro: confirmar con guía y alojamiento",https://commons.wikimedia.org/wiki/Special:FilePath/Sipi_falls_uganda.jpg?width=1200,https://theawakeman.github.io/africa2027/paises/uganda/#poi-1,"https://www.google.com/maps?q=1.33804,34.37971",PDI · Verde,1.33804,34.37971
Monte Elgon · pico Wagagai y la caldera,"Media · Naturaleza — Antiguo volcán transfronterizo cuya cumbre ugandesa, Wagagai, alcanza 4.321 m junto a una enorme caldera. Es una travesía de varios días, no una excursión añadida a Sipi. — Perro: prohibido en el parque",https://commons.wikimedia.org/wiki/Special:FilePath/Mount_Elgon-1.jpg?width=1200,https://theawakeman.github.io/africa2027/paises/uganda/#poi-2,"https://www.google.com/maps?q=1.11841,34.52609",PDI · Verde,1.11841,34.52609
Jinja y la fuente del Nilo,"Alta · Naturaleza — El monumento de Speke junto al nacimiento del Nilo Blanco convierte Jinja en una visita concreta, complementada por paseos en barca y rápidos río abajo. El punto histórico es interpretativo: el lago Victoria alimenta el río a través de una zona amplia. — Perro: confirmar con recinto y operador",https://commons.wikimedia.org/wiki/Special:FilePath/Jinja_source_of_Nile.jpg?width=1200,https://theawakeman.github.io/africa2027/paises/uganda/#poi-3,"https://www.google.com/maps?q=0.42197,33.19397",PDI · Verde,0.42197,33.19397
Kampala · Museo de Uganda y base logística,"Alta · Ciudad · servicios — Kampala es el nodo principal para talleres, recambios, hospitales y trámites. La ficha se ancla en el Museo de Uganda; su web oficial advierte de cierre temporal por obras, por lo que hay que comprobar la reapertura. — Perro: prohibido en el museo","https://commons.wikimedia.org/wiki/Special:FilePath/Uganda_Museum,_kampala.jpg?width=1200",https://theawakeman.github.io/africa2027/paises/uganda/#poi-4,"https://www.google.com/maps?q=0.33614,32.58257",PDI · Azul,0.33614,32.58257
Entebbe · jardines botánicos y la orilla del Victoria,"Media · Ciudad · servicios — Jardín botánico histórico junto al lago Victoria, con grandes árboles, aves y senderos sombreados cerca del aeropuerto. Es una parada suave, distinta de una reserva de fauna. — Perro: confirmar con el jardín",https://commons.wikimedia.org/wiki/Special:FilePath/Entebbe_Botanical_Gardens_UGANDA.jpg?width=1200,https://theawakeman.github.io/africa2027/paises/uganda/#poi-5,"https://www.google.com/maps?q=0.06201,32.47927",PDI · Azul,0.06201,32.47927
Islas Ssese (lago Victoria),"Media · Costa — Archipiélago de 84 islas en el lago Victoria; Kalangala, en Bugala, es la base más práctica para playas, bosque y descanso. El vehículo depende del ferry y de un horario que debe reconfirmarse. — Perro: confirmar con alojamiento y ferry","https://commons.wikimedia.org/wiki/Special:FilePath/The_Shore_at_Ssese_Islands,_on_Lake_Victoria.jpg?width=1200",https://theawakeman.github.io/africa2027/paises/uganda/#poi-6,"https://www.google.com/maps?q=-0.30952,32.29146",PDI · Turquesa,-0.30952,32.29146
Santuario de rinocerontes de Ziwa,"Alta · Naturaleza — Rancho de conservación donde se realiza rastreo a pie de rinoceronte blanco con guía. El pin se fija en la entrada operativa de Ziwa Rhino and Wildlife Ranch, no en el centro del santuario. — Perro: prohibido en la reserva","https://commons.wikimedia.org/wiki/Special:FilePath/White_Rhinos_at_Ziwa_Rhino_Sanctuary_in_Uganda,_August_2025.jpg?width=1200",https://theawakeman.github.io/africa2027/paises/uganda/#poi-7,"https://www.google.com/maps?q=1.44831,32.07765",PDI · Verde,1.44831,32.07765
Cataratas Murchison · el Nilo estrangulado,"Alta · Naturaleza — El Nilo Victoria se comprime entre roca antes de caer en Murchison Falls, dentro del mayor parque nacional ugandés. La ficha se ancla en el mirador superior exacto; crucero y safari son actividades separadas. — Perro: prohibido en el parque","https://commons.wikimedia.org/wiki/Special:FilePath/Murchison_Falls,_Uganda_(23475021234).jpg?width=1200",https://theawakeman.github.io/africa2027/paises/uganda/#poi-8,"https://www.google.com/maps?q=2.27848,31.6855",PDI · Verde,2.27848,31.6855
Parque Nacional del Valle de Kidepo,"Alta · Naturaleza — Sabana remota entre montañas en el extremo nordeste, con Apoka como base operativa. La distancia y el aislamiento son parte de su atractivo y también su principal coste logístico. — Perro: prohibido en el parque",https://commons.wikimedia.org/wiki/Special:FilePath/Kidepo_savanna_plain.jpg?width=1200,https://theawakeman.github.io/africa2027/paises/uganda/#poi-9,"https://www.google.com/maps?q=3.73994,33.73082",PDI · Verde,3.73994,33.73082
Fort Patiko · historia del norte,Media · Ciudad · servicios — Fort Patiko conserva murallas y afloramientos de la antigua base vinculada primero al tráfico de personas esclavizadas y después a Samuel Baker. Sustituye al centro genérico de Gulu por una visita histórica concreta. — Perro: confirmar con custodios locales,https://commons.wikimedia.org/wiki/Special:FilePath/Fort_Patiko_walls.jpg?width=1200,https://theawakeman.github.io/africa2027/paises/uganda/#poi-10,"https://www.google.com/maps?q=3.01578,32.31773",PDI · Azul,3.01578,32.31773
Lago Nyabikere y cráteres de Fort Portal,Alta · Naturaleza — Lake Nyabikere es uno de los lagos de cráter más accesibles del campo volcánico al sur de Fort Portal. Representa un paisaje concreto sin fingir que un solo pin cubre decenas de lagos. — Perro: confirmar con guía y alojamiento,https://commons.wikimedia.org/wiki/Special:FilePath/Crater_Lakes_of_Fort_Portal_01.jpg?width=1200,https://theawakeman.github.io/africa2027/paises/uganda/#poi-11,"https://www.google.com/maps?q=0.4972,30.32842",PDI · Verde,0.4972,30.32842
Parque Nacional de Kibale · chimpancés,"Alta · Naturaleza — Bosque húmedo del Rift Albertino famoso por el rastreo guiado de chimpancés y otros primates. El pin conduce al Kanyanchu Visitor Center, salida real de las actividades principales. — Perro: prohibido en el parque",https://commons.wikimedia.org/wiki/Special:FilePath/Entrance_of_Kibale_NP_(7863696254).jpg?width=1200,https://theawakeman.github.io/africa2027/paises/uganda/#poi-12,"https://www.google.com/maps?q=0.43681,30.39512",PDI · Verde,0.43681,30.39512
Rwenzori · acceso por Nyakalengija,"Alta · Patrimonio UNESCO — Cordillera ecuatorial de glaciares menguantes, lagos y vegetación afroalpina, Patrimonio Mundial. La ficha se ancla en Rwenzori Mountaineering Services de Nyakalengija, no en la cumbre ni en el centro del parque. — Perro: prohibido en el parque",https://commons.wikimedia.org/wiki/Special:FilePath/Rwenzori_night_Kitasamba.jpg?width=1200,https://theawakeman.github.io/africa2027/paises/uganda/#poi-13,"https://www.google.com/maps?q=0.34239,30.04413",PDI · Ámbar,0.34239,30.04413
Katwe · salinas y campo de cráteres,"Media · Naturaleza — Salinas artesanales en el lago de cráter Katwe, donde la extracción organiza el paisaje en balsas y canales. Es una visita cultural y laboral que requiere respeto, no un baño ni un mirador libre. — Perro: confirmar con guía local","https://commons.wikimedia.org/wiki/Special:FilePath/Salt_mining_in_Lake_Katwe,_Uganda_16.jpg?width=1200",https://theawakeman.github.io/africa2027/paises/uganda/#poi-14,"https://www.google.com/maps?q=-0.12761,29.86706",PDI · Verde,-0.12761,29.86706
Canal de Kazinga · embarcadero de Mweya,"Alta · Naturaleza — El canal de Kazinga une los lagos George y Edward y concentra aves, hipopótamos y fauna que baja a beber. El pin se ha corregido al Launch Jetty de Mweya, punto real de embarque. — Perro: prohibido en el parque",https://commons.wikimedia.org/wiki/Special:FilePath/Passenger_boats_at_Kazinga_Channel_in_Kasese_district_in_western_Uganda_03.jpg?width=1200,https://theawakeman.github.io/africa2027/paises/uganda/#poi-15,"https://www.google.com/maps?q=-0.187,29.90064",PDI · Verde,-0.187,29.90064
Ishasha · los leones trepadores,"Alta · Naturaleza — Sector meridional de Queen Elizabeth conocido por leones que a veces descansan en higueras. El pin está en Ishasha Sector Entrance Gate: el comportamiento es posible, nunca garantizado. — Perro: prohibido en el parque",https://commons.wikimedia.org/wiki/Special:FilePath/Tree-climbing_lions_(Panthera_leo).jpg?width=1200,https://theawakeman.github.io/africa2027/paises/uganda/#poi-16,"https://www.google.com/maps?q=-0.5858,29.71757",PDI · Verde,-0.5858,29.71757
Bosque Impenetrable de Bwindi (Buhoma),"Alta · Patrimonio UNESCO — Bosque antiguo del Rift Albertino y Patrimonio Mundial, célebre por el rastreo de gorila de montaña. El pin conduce al Buhoma Visitor Centre, uno de varios sectores que no son intercambiables. — Perro: prohibido en el parque","https://commons.wikimedia.org/wiki/Special:FilePath/Gorila_de_monta%C3%B1a_(Gorilla_beringei_beringei),_parque_nacional_de_la_Selva_Impenetrable_de_Bwindi,_Uganda,_2024-02-02,_DD_80.jpg?width=1200",https://theawakeman.github.io/africa2027/paises/uganda/#poi-17,"https://www.google.com/maps?q=-0.98778,29.61639",PDI · Ámbar,-0.98778,29.61639
Parque Nacional de los Gorilas de Mgahinga,"Alta · Naturaleza — Pequeño parque volcánico en la frontera con Ruanda y Congo, con gorilas, monos dorados y ascensiones a los Virunga. El pin marca el Ntebeko Visitor Centre, acceso operativo. — Perro: prohibido en el parque",https://commons.wikimedia.org/wiki/Special:FilePath/Mgahinga_Gorilla_National_Park.jpg?width=1200,https://theawakeman.github.io/africa2027/paises/uganda/#poi-18,"https://www.google.com/maps?q=-1.35478,29.61908",PDI · Verde,-1.35478,29.61908
Lago Bunyonyi · base de Rutinda,"Alta · Naturaleza — Lago de laderas cultivadas e islas cerca de Kabale, adecuado para descansar y navegar con operador local. El pin lleva a Bunyonyi Overland Resort, base concreta con acceso por carretera en Rutinda. — Perro: confirmar con alojamiento y barca",https://commons.wikimedia.org/wiki/Special:FilePath/Impressions_of_Lake_Bunyonyi_by_Zenith4237_(04).jpg?width=1200,https://theawakeman.github.io/africa2027/paises/uganda/#poi-19,"https://www.google.com/maps?q=-1.27111,29.93915",PDI · Verde,-1.27111,29.93915
Parque Nacional del Lago Mburo,"Media · Naturaleza — Parque de sabana, colinas y humedales cercano al eje Kampala–Mbarara, conocido por cebras y safaris a pie autorizados. El pin conduce a Nshara Gate, entrada real. — Perro: prohibido en el parque",https://commons.wikimedia.org/wiki/Special:FilePath/Lake_Mburo_National_Park.JPG?width=1200,https://theawakeman.github.io/africa2027/paises/uganda/#poi-20,"https://www.google.com/maps?q=-0.5315,31.0164",PDI · Verde,-0.5315,31.0164
Cuevas de Musanze,"Alta · Ciudad · servicios — Túneles de lava visitables en las afueras de Musanze, formados por antiguas coladas de los Virunga. Es una actividad guiada con casco y luz, y una buena introducción geológica antes de los volcanes. — Perro: prohibido en la cueva",https://commons.wikimedia.org/wiki/Special:FilePath/Musanze_Cave.jpg?width=1200,https://theawakeman.github.io/africa2027/paises/ruanda/#poi-1,"https://www.google.com/maps?q=-1.50368,29.61323",PDI · Azul,-1.50368,29.61323
Volcanoes National Park · acceso de Kinigi,"Alta · Naturaleza — Bosque montano sobre los volcanes Virunga, principal base ruandesa para rastreos reglados de gorila de montaña y mono dorado. Cada actividad requiere reserva y permiso propios. — Perro: prohibido en el parque",https://commons.wikimedia.org/wiki/Special:FilePath/Mountain_gorilla_(Gorilla_beringei_beringei)_female_with_baby.jpg?width=1200,https://theawakeman.github.io/africa2027/paises/ruanda/#poi-2,"https://www.google.com/maps?q=-1.44456,29.49675",PDI · Verde,-1.44456,29.49675
Monte Bisoke · el lago del cráter,"Alta · Naturaleza — Ascensión guiada al volcán Bisoke y a su lago de cráter, por bosque, bambú y terreno frecuentemente embarrado. La altitud y el desnivel la convierten en una jornada exigente. — Perro: prohibido en el parque","https://commons.wikimedia.org/wiki/Special:FilePath/Bisoke_Crater_Lake_in_Volcanoes_National_Park,_Rwanda.jpg?width=1200",https://theawakeman.github.io/africa2027/paises/ruanda/#poi-3,"https://www.google.com/maps?q=-1.46194,29.48583",PDI · Verde,-1.46194,29.48583
Karisoke y la tumba de Dian Fossey,"Media · Cultura — Cementerio de montaña donde descansan Dian Fossey y varios gorilas, junto al emplazamiento histórico de Karisoke. Se llega en una caminata guiada dentro del parque. — Perro: prohibido en el parque",https://commons.wikimedia.org/wiki/Special:FilePath/Digit%27s_and_Dian_Fossey%27s_graves.jpg?width=1200,https://theawakeman.github.io/africa2027/paises/ruanda/#poi-4,"https://www.google.com/maps?q=-1.47327,29.48462",PDI · Morado,-1.47327,29.48462
Lagos gemelos Burera y Ruhondo,"Media · Naturaleza — Lago Ruhondo, uno de los lagos gemelos al este de Musanze, ofrece agua, colinas cultivadas y los Virunga al fondo. La ficha se ancla en un punto real de embarque, no en el centro del lago. — Perro: confirmar con alojamiento y barca",https://commons.wikimedia.org/wiki/Special:FilePath/Twin_lakes_burera_and_ruhondo_Rwanda.jpg?width=1200,https://theawakeman.github.io/africa2027/paises/ruanda/#poi-5,"https://www.google.com/maps?q=-1.48012,29.73907",PDI · Verde,-1.48012,29.73907
Gisenyi (Rubavu) y el lago Kivu,"Alta · Costa — Rubavu es la principal escala del lago Kivu al norte, con paseo costero, playa pública y servicios junto a la frontera congoleña. El pin lleva a la playa real, no a una vista de Karongi. — Perro: confirmar con alojamiento",https://commons.wikimedia.org/wiki/Special:FilePath/Scene_along_Shore_of_Lake_Kivu_-_Looking_toward_DR_Congo_Border_-_Rubavu-Gisenyi_-_Rwanda_-_01.jpg?width=1200,https://theawakeman.github.io/africa2027/paises/ruanda/#poi-6,"https://www.google.com/maps?q=-1.70336,29.25878",PDI · Turquesa,-1.70336,29.25878
Congo Nile Trail · tramo de Karongi,Alta · Naturaleza — Ruta de senderismo y bicicleta que recorre las colinas de la orilla oriental del Kivu entre Rubavu y Rusizi. El pin representa el tramo de Gisovu–Karongi y no toda la travesía. — Perro: confirmar con guía y alojamiento,https://commons.wikimedia.org/wiki/Special:FilePath/Congo-Nile_trail_-_6956319035.jpg?width=1200,https://theawakeman.github.io/africa2027/paises/ruanda/#poi-7,"https://www.google.com/maps?q=-2.0616,29.34834",PDI · Verde,-2.0616,29.34834
Karongi (Kibuye) y las islas del Kivu,"Media · Costa — Karongi, antigua Kibuye, ocupa una sucesión de penínsulas y bahías del lago Kivu. Es una base cómoda para navegar, descansar y dividir el corredor occidental. — Perro: confirmar con alojamiento y barca",https://commons.wikimedia.org/wiki/Special:FilePath/Shore_of_Lake_Kivu_-_Karongi-Kibuye_-_Western_Rwanda_-_01.jpg?width=1200,https://theawakeman.github.io/africa2027/paises/ruanda/#poi-8,"https://www.google.com/maps?q=-2.06001,29.34775",PDI · Turquesa,-2.06001,29.34775
Rusizi (Cyangugu) y la frontera de Bukavu,Media · Ciudad · servicios — Rusizi cierra el eje del lago Kivu junto al puente hacia Bukavu y sirve de base para el acceso meridional a Nyungwe. La frontera congoleña no forma parte de la ruta prevista. — Perro: permitido con condiciones,https://commons.wikimedia.org/wiki/Special:FilePath/View_over_Rwandan_Shore_of_Lake_Kivu_-_With_DR_Congo-Bukavu_at_Rear_-_Cyangugu_(Rusizi)_-_Rwanda_(9008089727).jpg?width=1200,https://theawakeman.github.io/africa2027/paises/ruanda/#poi-9,"https://www.google.com/maps?q=-2.49116,28.89301",PDI · Azul,-2.49116,28.89301
Parque Nacional de Nyungwe · la pasarela del dosel,"Alta · Patrimonio UNESCO — El sendero de Igishigishigi alcanza una pasarela suspendida sobre el bosque montano de Nyungwe. El pin se ha corregido al Uwinka Visitor Center, salida operativa de esta actividad. — Perro: prohibido en el parque",https://commons.wikimedia.org/wiki/Special:FilePath/Nyungwe_Canopy_Walk.jpg?width=1200,https://theawakeman.github.io/africa2027/paises/ruanda/#poi-10,"https://www.google.com/maps?q=-2.47862,29.2003",PDI · Ámbar,-2.47862,29.2003
Huye (Butare) y el Museo Etnográfico Nacional,"Media · Cultura — Museo Etnográfico de Huye con colecciones sobre tecnología, vivienda, música y formas de vida de Ruanda. Es la parada cultural más completa del corredor sur. — Perro: prohibido en el museo",https://commons.wikimedia.org/wiki/Special:FilePath/National_Museum_of_Rwanda_-_Butare_-_Flickr_-_Dave_Proffer_(3).jpg?width=1200,https://theawakeman.github.io/africa2027/paises/ruanda/#poi-11,"https://www.google.com/maps?q=-2.58874,29.7453",PDI · Morado,-2.58874,29.7453
Nyanza · el Palacio del Rey (Rukari),"Media · Cultura — Reconstrucción del recinto real en Nyanza, con vivienda tradicional y exposición sobre la monarquía ruandesa. La visita debe separar patrimonio documentado de escenificación contemporánea. — Perro: prohibido en el museo",https://commons.wikimedia.org/wiki/Special:FilePath/King%27s_palace_in_Nyanza.jpg?width=1200,https://theawakeman.github.io/africa2027/paises/ruanda/#poi-12,"https://www.google.com/maps?q=-2.36015,29.74061",PDI · Morado,-2.36015,29.74061
Kigali · Kandt House y base logística,Alta · Ciudad · servicios — Antigua residencia de Richard Kandt convertida en museo sobre historia natural y la formación de Kigali. Funciona además como ancla concreta para la base logística de la capital. — Perro: prohibido en el museo,https://commons.wikimedia.org/wiki/Special:FilePath/Front_side_in_Richard_Kandt_museum.jpg?width=1200,https://theawakeman.github.io/africa2027/paises/ruanda/#poi-13,"https://www.google.com/maps?q=-1.94669,30.05321",PDI · Azul,-1.94669,30.05321
Memorial del Genocidio de Kigali (Gisozi),"Alta · Patrimonio UNESCO — Lugar de memoria y centro de documentación donde descansan víctimas del genocidio contra los tutsi de 1994. Exige tiempo, silencio y una visita respetuosa. — Perro: prohibido en el memorial",https://commons.wikimedia.org/wiki/Special:FilePath/Kigali_Genocide_Memorial_site.jpg?width=1200,https://theawakeman.github.io/africa2027/paises/ruanda/#poi-14,"https://www.google.com/maps?q=-1.93077,30.06051",PDI · Ámbar,-1.93077,30.06051
Memorial de Nyamata,"Media · Patrimonio UNESCO — Iglesia y recinto conmemorativo de Nyamata, parte del conjunto de memoriales del genocidio inscrito por UNESCO. Conserva el lugar como prueba y espacio de duelo. — Perro: prohibido en el memorial",https://commons.wikimedia.org/wiki/Special:FilePath/Nyamata_Genocide_Memorial_Church_-_Flickr_-_Dave_Proffer_(11).jpg?width=1200,https://theawakeman.github.io/africa2027/paises/ruanda/#poi-15,"https://www.google.com/maps?q=-2.14906,30.09368",PDI · Ámbar,-2.14906,30.09368
Lago Muhazi,"Media · Naturaleza — Lago alargado al este de Kigali, rodeado de colinas agrícolas y pequeños alojamientos. El pin se fija en Muhazi Marina Beach como acceso real y no en el centro del agua. — Perro: confirmar con alojamiento y barca","https://commons.wikimedia.org/wiki/Special:FilePath/Canoe_on_Lake_Muhazi,_Rwanda,_Africa.jpg?width=1200",https://theawakeman.github.io/africa2027/paises/ruanda/#poi-16,"https://www.google.com/maps?q=-1.84162,30.228",PDI · Verde,-1.84162,30.228
Parque Nacional de Akagera,"Alta · Naturaleza — Parque de sabana, lagos y humedales en el este de Ruanda, gestionado con un sistema de puertas y reservas. La autoconducción es posible solo dentro de las rutas y horarios autorizados. — Perro: prohibido en el parque",https://commons.wikimedia.org/wiki/Special:FilePath/Parc_National_d%27Akagera.jpg?width=1200,https://theawakeman.github.io/africa2027/paises/ruanda/#poi-17,"https://www.google.com/maps?q=-1.87873,30.70358",PDI · Verde,-1.87873,30.70358
Parque Nacional de Gishwati-Mukura,"Media · Naturaleza — Bosque montano restaurado dentro de Gishwati–Mukura, con senderos guiados y primates en un paisaje que también muestra los efectos históricos de la deforestación. La visita se prepara con la gestión del parque. — Perro: prohibido en el parque",https://commons.wikimedia.org/wiki/Special:FilePath/Gishwati_Natural_Forest_01.jpg?width=1200,https://theawakeman.github.io/africa2027/paises/ruanda/#poi-18,"https://www.google.com/maps?q=-1.81647,29.351",PDI · Verde,-1.81647,29.351
Yibuti ciudad y el puerto,"Alta · Ciudad · servicios — Capital y único gran centro urbano del país, con el puerto de Doraleh y el histórico muelle colonial como referencia logística clave del proyecto: aquí se gestiona el envío marítimo del vehículo hacia Egipto o Europa dado el bloqueo del corredor de Sudán. — Perro: permitido con condiciones",https://commons.wikimedia.org/wiki/Special:FilePath/Jetty%20of%20the%20Port%20of%20Djibouti.jpg?width=900,https://theawakeman.github.io/africa2027/paises/yibuti/#poi-1,"https://www.google.com/maps?q=11.5721,43.1456",PDI · Azul,11.5721,43.1456
Lac Assal,"Alta · Naturaleza — El punto más bajo de África (155 m bajo el nivel del mar) y uno de los lagos más salados del planeta, en pleno desierto volcánico de Afar; paisaje lunar de costras de sal blanca sobre aguas turquesa. — Perro: no recomendado",https://commons.wikimedia.org/wiki/Special:FilePath/DjiboutiLacAssal.jpg?width=900,https://theawakeman.github.io/africa2027/paises/yibuti/#poi-2,"https://www.google.com/maps?q=11.66,42.41",PDI · Verde,11.66,42.41
Lac Abbé,"Media · Naturaleza — Paisaje geotérmico de chimeneas de piedra caliza humeantes en la frontera con Etiopía, escenario de ciencia ficción y de la vida pastoral afar; acceso por pista, mejor con guía local. — Perro: no recomendado",https://commons.wikimedia.org/wiki/Special:FilePath/Lac%20Abbe-01.JPG?width=900,https://theawakeman.github.io/africa2027/paises/yibuti/#poi-3,"https://www.google.com/maps?q=11.1667,41.8",PDI · Verde,11.1667,41.8
