Nombre,Descripcion,Foto,Ficha,Google Maps,Categoria,Latitude,Longitude
Embajada de España en Dakar,Consular — 18-20 Av. Nelson Mandela (Plateau) · +221 33 889 65 80 / +221 33 821 30 81 · emb.dakar@maec.es,,https://theawakeman.github.io/africa2027/paises/senegal/#logistica,"https://www.google.com/maps?q=14.66292,-17.43621",Consulado,14.66292,-17.43621
Consulado General de España en Dakar,"Consular — Corniche Ouest, Fann-Mermoz, Villa nº 7 (B.P. 25908) · +221 33 869 07 07 · emergencia +221 77 569 28 89 · cog.dakar@maec.es",,https://theawakeman.github.io/africa2027/paises/senegal/#logistica,"https://www.google.com/maps?q=14.70041,-17.4755",Consulado,14.70041,-17.4755
Hôpital Principal de Dakar,Hospital — Urgencias; 1 Avenue Nelson Mandela. SAMU: 1515; confirmar antes de desplazarse.,,https://theawakeman.github.io/africa2027/paises/senegal/#logistica,"https://www.google.com/maps?q=14.66128,-17.43479",Hospital,14.66128,-17.43479
Centre Hospitalier Régional de Saint-Louis,Hospital — +221 77 289 02 44 · Boulevard Abdoulaye Mar Diop.,,https://theawakeman.github.io/africa2027/paises/senegal/#logistica,"https://www.google.com/maps?q=16.02284,-16.50597",Hospital,16.02284,-16.50597
Centre Hospitalier Régional de Tambacounda,"Hospital — Av. Léopold Sédar Senghor, Tambacounda · +221 33 981 10 28 / +221 33 981 12 18. Hospital de referencia del este del país.",,https://theawakeman.github.io/africa2027/paises/senegal/#logistica,"https://www.google.com/maps?q=13.77345,-13.6697",Hospital,13.77345,-13.6697
Centre Hospitalier Régional Amath Dansokho — Kédougou,Hospital — Único hospital de la región de Kédougou (CHRADK): urgencias 24 h y unidad de diálisis · +221 78 163 78 39 / +221 76 667 78 46 · coordenada de DIMO Santé (fuente única): reconfirmar sobre el terreno.,,https://theawakeman.github.io/africa2027/paises/senegal/#logistica,"https://www.google.com/maps?q=12.53777,-12.151",Hospital,12.53777,-12.151
Centre de santé de Ranérou,Hospital — Capacidad limitada; coordenada provisional; no sustituye evacuación.,,https://theawakeman.github.io/africa2027/paises/senegal/#logistica,"https://www.google.com/maps?q=15.29808,-13.96239",Hospital,15.29808,-13.96239
Paso fronterizo Kalifourou — salida hacia Guinea,"Frontera — Control senegalés del corredor base; revalidar apertura, horario y trámites.",,https://theawakeman.github.io/africa2027/paises/senegal/#logistica,"https://www.google.com/maps?q=12.92415,-13.63848",Frontera,12.92415,-13.63848
Sambaïlo (Koundara) — primeros controles guineanos tras Kalifourou,"Frontera — La salida de Senegal se hace en Kalifourou (punto anterior); esta coordenada es el pueblo guineano de Sambaïlo, no un puesto fronterizo. El puesto de control yuxtapuesto de Boundou Fourdou, construido a caballo sobre la frontera por UEMOA/BAD y entregado en diciembre de 2019, seguía descrito en abril de 2023 con «ausencia total de vida administrativa»: no contar con él. Ruta usual Manda–Kalifourou → Sambaïlo–Koundara, asfaltada. Revalidar apertura, horario y trámites.",,https://theawakeman.github.io/africa2027/paises/senegal/#logistica,"https://www.google.com/maps?q=12.58241,-13.37191",Frontera,12.58241,-13.37191
Paso Karang–Amdalai — Senegal/Gambia (SUBIDA),"Frontera — Paso del corredor de SUBIDA: se cruza a Gambia a la vuelta, viniendo de Casamance, para subir después hacia Dakar y el lago Retba. Ver la ficha de Gambia.",,https://theawakeman.github.io/africa2027/paises/senegal/#logistica,"https://www.google.com/maps?q=13.59169,-16.42208",Frontera,13.59169,-16.42208
Paso Keur Ayib–Farafenni — Senegal/Gambia (SUBIDA),"Frontera — Paso de la variante interior de Gambia, a una decena de kilómetros al norte del puente de Senegambia (Farafenni–Soma), si a la vuelta se remonta el río en vez de tomar el eje corto costero. El punto es el corredor de trámites: la aldea senegalesa de Keur Ayip Guèye queda 270 m al norte y las oficinas gambianas de aduana e inmigración 330 m al sur (13.59044, -15.60541).",,https://theawakeman.github.io/africa2027/paises/senegal/#logistica,"https://www.google.com/maps?q=13.59335,-15.60578",Frontera,13.59335,-15.60578
Combustible · Saint-Louis,"Combustible — Estaciones formales (Total, Elton, Shell) en la entrada de la ciudad; repostar tras la frontera de Diama.",,https://theawakeman.github.io/africa2027/paises/senegal/#logistica,"https://www.google.com/maps?q=16.0294,-16.4894",Combustible,16.0294,-16.4894
Combustible · Dakar,Combustible — Mejor oferta y calidad del país; repostar aquí antes del bloque del Ferlo o del Saloum.,,https://theawakeman.github.io/africa2027/paises/senegal/#logistica,"https://www.google.com/maps?q=14.7167,-17.4677",Combustible,14.7167,-17.4677
Combustible · Tambacounda,Combustible — Última ciudad grande con oferta amplia antes de Kédougou y el bloque oriental.,,https://theawakeman.github.io/africa2027/paises/senegal/#logistica,"https://www.google.com/maps?q=13.7667,-13.6667",Combustible,13.7667,-13.6667
Combustible · Kédougou,"Combustible — Estaciones formales limitadas; repostar a fondo antes de Bandafassi, Iwol y Dindéfelo.",,https://theawakeman.github.io/africa2027/paises/senegal/#logistica,"https://www.google.com/maps?q=12.5578,-12.174",Combustible,12.5578,-12.174
Agua de servicio · Zebrabar (Saint-Louis),Agua de servicio — [CONDICIONAL] Duchas y camping verificados; pedir permiso explícito para llenar los depósitos. No asumir potabilidad.,,https://theawakeman.github.io/africa2027/paises/senegal/#agua-combustible,"https://www.google.com/maps?q=15.8649,-16.512",Agua de servicio,15.8649,-16.512
Agua de servicio · Café Romantique (Rufisque),"Agua de servicio — [CONDICIONAL] Agua corriente y duchas en recinto pequeño; precontactar, confirmar altura aproximada de 4 m, plaza y permiso de llenado.",,https://theawakeman.github.io/africa2027/paises/senegal/#agua-combustible,"https://www.google.com/maps?q=14.7285,-17.2556",Agua de servicio,14.7285,-17.2556
Agua de servicio · tuberías de Hamdallai Diapaldi (N7),"Agua de servicio — [PUNTO PÚBLICO REPORTADO] Tres tuberías con caudal, usadas por la comunidad. Prioridad absoluta a residentes: esperar turno, llenar con garrafas sin bloquear y tratar antes de beber.",,https://theawakeman.github.io/africa2027/paises/senegal/#agua-combustible,"https://www.google.com/maps?q=13.4457,-13.4317",Agua de servicio,13.4457,-13.4317
Agua de servicio · Oasis Oriental Club (Tambacounda),"Agua de servicio — [CONDICIONAL] Alojamiento con agua, duchas y acceso camper publicados. Contactar para confirmar acceso de dos 4x4, precio y autorización de llenado.",,https://theawakeman.github.io/africa2027/paises/senegal/#agua-combustible,"https://www.google.com/maps?q=13.7751,-13.6921",Agua de servicio,13.7751,-13.6921
Desierto de Lompoul: dunas rojas entre Dakar y Saint-Louis,"media · Dunas — Es un pequeño erg de unos 18 km² con dunas de 40-50 m de arena fina ocre y rojiza, casi sin vegetación, a menos de 10 km del Atlántico. Es el único campo de dunas de verdad en la ruta senegalesa y se usa como anticipo de los desiertos de Mauritania. Tiene campamentos de jaimas y se recorre en 4x4 o en dromedario. Coordenada: el Écolodge de Lompoul, dentro del campo de dunas. — Perro: sin dato",,https://theawakeman.github.io/africa2027/paises/senegal/#ox-1,"https://www.google.com/maps?q=15.45987,-16.68296",4x4 y offroad,15.45987,-16.68296
Kayar: entrada a la playa de la Grande Côte (solo con marea baja),"media · Paso técnico — Kayar es el gran puerto pesquero de la Grande Côte y uno de los puntos de partida del transfer en 4x4 por la playa hacia Lompoul y Saint-Louis, que sigue el trazado histórico del rally París-Dakar. Desde aquí la arena corre sin interrupción hacia el norte, con dunas y filaos a un lado y el océano al otro. Los operadores también salen del Lac Rose, unos 15 km al suroeste. — Perro: con condiciones",,https://theawakeman.github.io/africa2027/paises/senegal/#ox-2,"https://www.google.com/maps?q=14.91893,-17.11978",4x4 y offroad,14.91893,-17.11978
Potou y Gandiol: salida norte de la playa hacia Saint-Louis,"media · Paso técnico — Es la zona donde el recorrido por la playa deja el océano para seguir el río por el Gandiolais hasta Saint-Louis, según el hotel que organiza el transfer desde Saint-Louis. Al norte queda la Langue de Barbarie, cortada por la antigua desembocadura del río. Coordenada de Potou (aproximada, al minuto). — Perro: con condiciones",,https://theawakeman.github.io/africa2027/paises/senegal/#ox-3,"https://www.google.com/maps?q=15.71667,-16.5",4x4 y offroad,15.71667,-16.5
Ranérou: arranque de la pista a Katané (Ferlo Norte),"difícil · Pista 4x4 — Desde Ranérou sale la pista de unos 30 km hacia el enclos de Katané, en la Reserva de Fauna del Ferlo Norte, donde se han reintroducido más de 300 órix algacel y gacelas. Un reportaje de 2020 describe el trayecto como una hora de pista impracticable esquivando charcas y vegetación espinosa, y recomienda buen vehículo y un conductor que conozca la zona. Routard aconseja guía o agencia para los sitios aislados del Ferlo. — Perro: no",,https://theawakeman.github.io/africa2027/paises/senegal/#ox-4,"https://www.google.com/maps?q=15.3,-13.96667",4x4 y offroad,15.3,-13.96667
Dar Salam: entrada principal del Niokolo-Koba,"media · Pista 4x4 — Es la puerta principal del parque, sobre la N7, a unos 80 km al sur de Tambacounda y unos 100 km de Kédougou. Aquí se pagan las entradas (5.000 FCFA por persona y 10.000 por vehículo y día según una guía de 2026) y se contrata el guía oficial, que es obligatorio. Las pistas interiores, donde se ve la fauna, solo son practicables en 4x4. — Perro: no",,https://theawakeman.github.io/africa2027/paises/senegal/#ox-5,"https://www.google.com/maps?q=13.25,-13.2",4x4 y offroad,13.25,-13.2
Simenti: campamentos junto al río Gambia,"media · Oasis o bivac — Simenti es el núcleo turístico del interior del parque, a orillas del río Gambia, con el hotel del mismo nombre y campamentos rústicos (cabañas de unos 8.000 FCFA la noche en 2023). Es la base para las pistas de observación de fauna y, en la estación seca, para subir a la meseta del monte Assirik. Coordenada: pista de aterrizaje de Simenti. — Perro: no",,https://theawakeman.github.io/africa2027/paises/senegal/#ox-6,"https://www.google.com/maps?q=13.04687,-13.29522",4x4 y offroad,13.04687,-13.29522
Ségou (Kédougou): arranque de la pista hacia Mali (Guinea),"muy difícil · Pista 4x4 — Ségou, junto a Dindéfelo, es el último pueblo senegalés del eje Kédougou–Mali–Labé, la variante de montaña para entrar en el Fouta Djallon. Una guía de 2017 la describe como pista difícil reservada a conductores de 4x4 con experiencia, frente al paso principal de Kalifourou–Sambaïlo, que va por asfalto. El lado senegalés (Sily–Ségou–frontera) está en proyecto de asfaltado con AGEROUTE. — Perro: con condiciones",,https://theawakeman.github.io/africa2027/paises/senegal/#ox-7,"https://www.google.com/maps?q=12.40917,-12.28306",4x4 y offroad,12.40917,-12.28306
Casamance: no salir del asfalto (riesgo de minas),"muy difícil · Pista 4x4 — Aviso para la subida, que entra en Senegal por la Casamance. MAEC recomienda no abandonar nunca las carreteras asfaltadas, salvo en las zonas turísticas cercanas a Cap Skirring, por el riesgo de minas, y desaconseja la ciudad de Ziguinchor y sus carreteras secundarias y caminos. No se propone ninguna pista 4x4 en la región. Coordenada: Ziguinchor. — Perro: sin dato",,https://theawakeman.github.io/africa2027/paises/senegal/#ox-8,"https://www.google.com/maps?q=12.56801,-16.27326",4x4 y offroad,12.56801,-16.27326
Frontera · Entrada norte — puesto mauritano de Guerguerat,"Frontera — Puesto MAURITANO (complejo PK55: policía de fronteras, oficina de visados y aduana); esta coordenada está sobre la oficina de policía de fronteras. El puesto MARROQUÍ de El Guerguarat es otro y queda 3,5 km al norte (21.36266 / -16.96084): entre ambos hay unos 4 km de tierra de nadie sin asfaltar. No abandonar la pista marcada en la zona intermedia. Corredor oficial hacia Nuadibú.",,https://theawakeman.github.io/africa2027/paises/mauritania/#logistica,"https://www.google.com/maps?q=21.33367,-16.94717",Frontera,21.33367,-16.94717
Frontera · Salida Diama — presa y puesto fronterizo,"Frontera — Opción preferente por Diawling; verificar horarios, tasas y trámite de ambos vehículos.",,https://theawakeman.github.io/africa2027/paises/mauritania/#logistica,"https://www.google.com/maps?q=16.21581,-16.41484",Frontera,16.21581,-16.41484
Frontera · Salida Rosso — embarcadero del ferry,"Frontera — Alternativa a Diama; prever colas, ferry y controles en ambas orillas.",,https://theawakeman.github.io/africa2027/paises/mauritania/#logistica,"https://www.google.com/maps?q=16.50873,-15.81176",Frontera,16.50873,-15.81176
Embajada de España en Nuakchot,"Consular — Rue Mamadou Konaté s/n, B.P. 232 · +222 4525 2080 / 4525 2579 · emergencia +222 4683 3662 · emb.nouakchott@maec.es",,https://theawakeman.github.io/africa2027/paises/mauritania/#logistica,"https://www.google.com/maps?q=18.09511,-15.97425",Consulado,18.09511,-15.97425
Consulado de España en Nuadibú,"Consular — Consulado de carrera (no honorario). Dirección oficial de Exteriores: Boulevard Médian s/n, B.P. 175 · +222 4574 5371 · emergencia +222 4670 7502 · con.nouadhibou@maec.es. El edificio no está cartografiado en OSM: esta coordenada es urbana aproximada, no la puerta.",,https://theawakeman.github.io/africa2027/paises/mauritania/#logistica,"https://www.google.com/maps?q=20.93,-17.033",Consulado,20.93,-17.033
Consulado honorario de España en Rosso,"Consular — Existe: cónsul honorario D. Al Hassane Diew · +222 4690 1067 · alhassanediew@gmail.com (lista oficial de la Embajada de España en Nuakchot). Exteriores no publica dirección postal: coordenada urbana aproximada, avisar por teléfono antes de ir.",,https://theawakeman.github.io/africa2027/paises/mauritania/#logistica,"https://www.google.com/maps?q=16.5128,-15.805",Consulado,16.5128,-15.805
Consulado honorario de España en Chinguetti,"Consular — Existe: cónsul honorario D. Mohamed Amara · +222 3445 6929 · sasbureau@yahoo.fr (lista oficial de la Embajada de España en Nuakchot). Exteriores no publica dirección postal: coordenada urbana aproximada sobre Chinguetti, avisar por teléfono antes de ir.",,https://theawakeman.github.io/africa2027/paises/mauritania/#logistica,"https://www.google.com/maps?q=20.46343,-12.36648",Consulado,20.46343,-12.36648
Centre Hospitalier National — Nuakchot,Hospital — Hospital público de referencia; capacidad limitada para casos complejos.,,https://theawakeman.github.io/africa2027/paises/mauritania/#logistica,"https://www.google.com/maps?q=18.08806,-15.98798",Hospital,18.08806,-15.98798
Centre Hospitalier des Spécialités — Nuadibú,Hospital — Centro hospitalario de referencia en el norte de la ruta.,,https://theawakeman.github.io/africa2027/paises/mauritania/#logistica,"https://www.google.com/maps?q=20.92879,-17.04444",Hospital,20.92879,-17.04444
Centre Hospitalier d'Atar,Hospital — Recurso sanitario urbano para el bloque del Adrar; no sustituye seguro de evacuación.,,https://theawakeman.github.io/africa2027/paises/mauritania/#logistica,"https://www.google.com/maps?q=20.52214,-13.0521",Hospital,20.52214,-13.0521
Hôpital de la Fraternité — Chinguetti,Hospital — Centro local relevante en el itinerario interior.,,https://theawakeman.github.io/africa2027/paises/mauritania/#logistica,"https://www.google.com/maps?q=20.46379,-12.36812",Hospital,20.46379,-12.36812
Clinique Chiva — Nuakchot,Hospital — Clínica privada citada por Exteriores; confirmar servicio antes de desplazarse.,,https://theawakeman.github.io/africa2027/paises/mauritania/#logistica,"https://www.google.com/maps?q=18.10059,-15.9846",Hospital,18.10059,-15.9846
Clinique Kissi — Nuakchot,Hospital — Clínica privada citada por Exteriores; confirmar servicio antes de desplazarse.,,https://theawakeman.github.io/africa2027/paises/mauritania/#logistica,"https://www.google.com/maps?q=18.09859,-15.98184",Hospital,18.09859,-15.98184
Clinique Ibn Sina — Nuakchot,Hospital — Clínica privada citada por Exteriores; confirmar servicio antes de desplazarse.,,https://theawakeman.github.io/africa2027/paises/mauritania/#logistica,"https://www.google.com/maps?q=18.09963,-15.9944",Hospital,18.09963,-15.9944
Combustible · Nuadibú,Combustible — Primera plaza con oferta amplia tras la frontera de Guerguerat; repostar aquí antes del eje ferroviario.,,https://theawakeman.github.io/africa2027/paises/mauritania/#logistica,"https://www.google.com/maps?q=20.93,-17.033",Combustible,20.93,-17.033
Combustible · Atar,"Combustible — Base del Adrar; última oferta formal fiable antes de los bloques de Tifoujar, Chinguetti, Ouadane y Richat — salir con el depósito lleno.",,https://theawakeman.github.io/africa2027/paises/mauritania/#logistica,"https://www.google.com/maps?q=20.51819,-13.05439",Combustible,20.51819,-13.05439
Combustible · Nuakchot,Combustible — Mejor oferta y calidad del país; repostar aquí antes del tramo final hacia Diawling/Diama o Rosso.,,https://theawakeman.github.io/africa2027/paises/mauritania/#logistica,"https://www.google.com/maps?q=18.11029,-16.02292",Combustible,18.11029,-16.02292
Agua de servicio · Africa Escale (Nuakchot),"Agua de servicio — [CONDICIONAL] El recinto publica agua y duchas, pero hay reseñas recientes contradictorias sobre disponibilidad y estado. Contactar antes y pedir autorización para llenar; inspeccionar el agua.",,https://theawakeman.github.io/africa2027/paises/mauritania/#agua-combustible,"https://www.google.com/maps?q=18.1049,-15.9922",Agua de servicio,18.1049,-15.9922
Agua de servicio · Bab Sahara (Atar),"Agua de servicio — [RECARGA CONFIRMADA POR EL OPERADOR] 100 l por 100 MRU según su web, con duchas. Anclaje para el Adrar; reconfirmar tarifa y tratar antes de beber.",,https://theawakeman.github.io/africa2027/paises/mauritania/#agua-combustible,"https://www.google.com/maps?q=20.51923,-13.0619",Agua de servicio,20.51923,-13.0619
Frontera · Entrada desde Argelia — puesto Ismail Ould El Bardi (Hassi 75),"Frontera — Puesto mauritano frente al argelino de Hassi 75 (Chahid Mostefa Ben Boulaïd, 27,1760 N · 8,4331 O), abierto a personas desde el 24-02-2024. E-visa previa + 55 € en efectivo; sin banco ni seguro. Zona roja del MAEC. COORDENADAS SIN CONFIRMAR: está a pocos km al sur del puesto argelino.",,https://theawakeman.github.io/africa2027/paises/mauritania/#logistica,"https://www.google.com/maps?q=27.15,-8.44",Frontera,27.15,-8.44
Aïn Bentili — puesto militar y tienda,"Frontera — Control militar a unos 225 km del paso, en el vértice noroeste de la zona militar prohibida (no desviarse al este ni al sureste). Combustible solo en bidones y poco fiable. Coordenadas de la tienda (HUBB).",,https://theawakeman.github.io/africa2027/paises/mauritania/#logistica,"https://www.google.com/maps?q=25.8761,-9.5487",Frontera,25.8761,-9.5487
Combustible · Bir Moghrein (gasolinera nueva),"Combustible — Gasolinera nueva (HUBB, 27-02-2026), 1–1,6 €/l; ha habido semanas sin gasóleo (febrero de 2025). Siguiente punto seguro: Zuérat. Zona con minas cerca de la frontera del Sáhara Occidental.",,https://theawakeman.github.io/africa2027/paises/mauritania/#logistica,"https://www.google.com/maps?q=25.2294,-11.573",Combustible,25.2294,-11.573
Aduana de Zuérat — trámite del vehículo tras entrar desde Argelia,Frontera — Tras entrar por Hassi 75 hay que presentarse aquí para completar la importación temporal. Probable punto para comprar el seguro mauritano (sin confirmar). Combustible y servicios de ciudad minera.,,https://theawakeman.github.io/africa2027/paises/mauritania/#logistica,"https://www.google.com/maps?q=22.7388,-12.4708",Frontera,22.7388,-12.4708
Chami – gasóleo y oficina del Parque del Banc d'Arguin,"fácil · Repostaje — Ciudad nueva en la N2 Nuadibú–Nuakchot, nacida en 2012 y convertida en centro de la fiebre del oro. Tiene gasolinera y una oficina del Parque Nacional del Banc d'Arguin donde se pagan las entradas. Es la base lógica para entrar al parque por el norte y la última gasolinera antes de muchos kilómetros de N2. — Perro: sí",,https://theawakeman.github.io/africa2027/paises/mauritania/#ox-1,"https://www.google.com/maps?q=20.1673,-15.9724",4x4 y offroad,20.1673,-15.9724
Acceso norte del Parque Nacional del Banc d'Arguin (pista a Iwik),"media · Pista 4x4 — Entrada norte al Banc d'Arguin, Patrimonio Mundial, a pocos km al sur de Chami. Desde aquí una pista de arena lleva hacia la costa y los campamentos imraguen de Iwik. Es la forma más directa de meter los 4x4 en el parque, con la ventaja de tener gasóleo justo al lado. — Perro: sin dato",,https://theawakeman.github.io/africa2027/paises/mauritania/#ox-2,"https://www.google.com/maps?q=20.04231,-15.91961",4x4 y offroad,20.04231,-15.91961
Mamghar (Nouamghar) – acceso sur del Banc d'Arguin y playa con marea baja,"difícil · Paso técnico — Pueblo pesquero sobre una duna costera, a la entrada del cabo Timiris, que hace de sede administrativa del parque y de su acceso sur. Es el punto donde la antigua pista de playa desde Nuakchot entraba en el Banc d'Arguin. Hoy se llega por asfalto, pero la playa al sur y al norte sigue siendo un tramo que solo se puede hacer con marea baja. — Perro: sin dato",,https://theawakeman.github.io/africa2027/paises/mauritania/#ox-3,"https://www.google.com/maps?q=19.35752,-16.50848",4x4 y offroad,19.35752,-16.50848
Playa de Tiouilit – salida a la playa al norte de Nuakchot,"media · Pista 4x4 — Playa de arena blanca a unos 25 km al norte de Nuakchot, con tiendas de pescadores que sirven té y comida y lugar gratuito para pernoctar. Es el acceso a la playa documentado más cercano a la capital y el primer tramo de la antigua pista costera hacia el Banc d'Arguin. Buen sitio para probar la conducción en arena de playa antes de alejarse. — Perro: sí",,https://theawakeman.github.io/africa2027/paises/mauritania/#ox-4,"https://www.google.com/maps?q=18.2525,-16.0371",4x4 y offroad,18.2525,-16.0371
Erg Amatlich – entrada de la travesía de dunas,"difícil · Dunas — Cordón de dunas de unos 130 km de largo y 5-8 km de ancho, encajado entre los relieves del Adrar, que va desde el paso de Tifoujar hasta cerca de Akjoujt. Cruzarlo en 4x4 es uno de los clásicos del Adrar y lo incluyen casi todos los circuitos 4x4 de agencia. En 2013 un convoy de tres vehículos lo pasó en una mañana sin atascos, con guía abriendo pista, aunque lo describió como nada fácil. — Perro: con condiciones",,https://theawakeman.github.io/africa2027/paises/mauritania/#ox-5,"https://www.google.com/maps?q=19.71543,-13.70892",4x4 y offroad,19.71543,-13.70892
Guelta de Amazmaz,media · Oasis o bivac — Poza natural de agua (guelta) en un valle rocoso entre el Amatlich y el paso de Tifoujar. Permite baño y es un buen lugar de bivac en la travesía. Su interés en 4x4 es que obliga a navegar: la pista no es fácil de encontrar y el último tramo es pedregoso. — Perro: con condiciones,,https://theawakeman.github.io/africa2027/paises/mauritania/#ox-6,"https://www.google.com/maps?q=19.68735,-13.43275",4x4 y offroad,19.68735,-13.43275
Paso de Tifoujar (bajada al Valle Blanco),"media · Paso técnico — Puerto en pista de arena a 278 m que domina una garganta que acaba en el Oued el Abiod o Valle Blanco; en su ladera oeste nace el erg Amatlich. Un viajero de 2013 lo describió como espléndido, con una gran bajada. Es el enlace natural entre la travesía del Amatlich y el oasis de Terjit. — Perro: con condiciones",,https://theawakeman.github.io/africa2027/paises/mauritania/#ox-7,"https://www.google.com/maps?q=20.09967,-13.19672",4x4 y offroad,20.09967,-13.19672
Oasis de Mhaïreth,"media · Oasis o bivac — Uno de los principales oasis del Adrar, un palmeral entre rocas y dunas cerca de Terjit. Los circuitos 4x4 lo usan como etapa entre Terjit y Chinguetti, con una bajada hacia el oasis. Permite enlazar Terjit con la meseta sin volver a Atar. — Perro: con condiciones",,https://theawakeman.github.io/africa2027/paises/mauritania/#ox-8,"https://www.google.com/maps?q=20.26389,-13.00556",4x4 y offroad,20.26389,-13.00556
Paso de Amogjar y Fort Saganne,"media · Paso técnico — Antigua subida a la meseta del Adrar por una garganta de arenisca, en la ruta histórica Atar–Chinguetti. Sobre el paso quedan las ruinas de adobe del decorado de la película Fort Saganne (1984) y, junto al pico Agrour Amogjar (690 m), abrigos con pinturas rupestres de pago. Hoy el tráfico va por el paso de Ebnou, más directo, así que Amogjar queda como alternativa en pista, más lenta y con más paisaje. — Perro: con condiciones",,https://theawakeman.github.io/africa2027/paises/mauritania/#ox-9,"https://www.google.com/maps?q=20.6362,-12.72448",4x4 y offroad,20.6362,-12.72448
Oasis de Tanouchert (pista sur Chinguetti–Ouadane),"media · Oasis o bivac — Pequeño oasis con pozo y unas pocas casas a mitad de la pista sur, la de arena, entre Chinguetti y Ouadane. Esta variante evita la tôle ondulée de la pista principal y atraviesa acacias y algunas dunas que en 2024 dieron «fuertes sensaciones» a una furgoneta Sprinter. Es la puerta de entrada al erg Ouarane para quien no va en caravana de agencia. — Perro: con condiciones",,https://theawakeman.github.io/africa2027/paises/mauritania/#ox-10,"https://www.google.com/maps?q=20.74471,-11.73504",4x4 y offroad,20.74471,-11.73504
Ouadane – única gasolinera antes del Richat,fácil · Repostaje — Ciudad caravanera Patrimonio Mundial en el extremo noreste de la meseta del Adrar. Su pequeña gasolinera es el único punto de gasóleo de la zona y condiciona cualquier salida hacia el Guelb er Richat o la vuelta por el erg. — Perro: sí,,https://theawakeman.github.io/africa2027/paises/mauritania/#ox-11,"https://www.google.com/maps?q=20.93373,-11.61737",4x4 y offroad,20.93373,-11.61737
Ben Amera – bivac al pie del monolito,"media · Oasis o bivac — Monolito de 633 m sobre el llano, el mayor de África, a unos 60 km al oeste de Choum y 3-4 km al norte de la vía del tren minero. A 5-7 km está Aïcha, con esculturas talladas por artistas en 1999. No hay carretera: se llega por arena siguiendo la vía, y la acampada libre al pie del monolito está permitida. — Perro: con condiciones",,https://theawakeman.github.io/africa2027/paises/mauritania/#ox-12,"https://www.google.com/maps?q=21.23003,-13.66437",4x4 y offroad,21.23003,-13.66437
Choum – gasóleo y albergue en el cruce del tren,"fácil · Repostaje — Pueblo en el cruce de la carretera Atar–Zuérat con el tren minero, junto al famoso túnel de 2 km. Es el punto de partida hacia Ben Amera y el extremo este de la pista del ferrocarril. Aquí se puede subir el coche al tren del desierto. — Perro: sí",,https://theawakeman.github.io/africa2027/paises/mauritania/#ox-13,"https://www.google.com/maps?q=21.3,-13.06667",4x4 y offroad,21.3,-13.06667
Desvío a Diama en Bavreichiya – inicio de la pista del Diawling,"media · Pista 4x4 — Punto donde se deja la carretera de Rosso para tomar la pista hacia el paso fronterizo de Diama, alternativa tranquila al caótico ferry de Rosso. La pista cruza el Parque Nacional del Diawling, con humedales, aves, facoceros y cocodrilos. Para dos 4x4 con perro es el paso a Senegal más recomendable. — Perro: con condiciones",,https://theawakeman.github.io/africa2027/paises/mauritania/#ox-14,"https://www.google.com/maps?q=16.79007,-16.09879",4x4 y offroad,16.79007,-16.09879
Dique del Diawling – pista de la presa hacia Diama,"media · Paso técnico — Zona de entrada al Parque del Diawling, donde un viajero bivaqueó para cruzarlo a primera hora. Desde aquí la pista sigue la presa: hay dos trazados paralelos, uno arriba del dique y otro abajo, a su lado. Es el tramo más lento del día, con baches enormes y tôle que rara vez permiten pasar de 20 km/h. — Perro: con condiciones",,https://theawakeman.github.io/africa2027/paises/mauritania/#ox-15,"https://www.google.com/maps?q=16.60589,-16.24133",4x4 y offroad,16.60589,-16.24133
Pista del oued Matmata a la guelta Tartêga,"media · Pista 4x4 — Acceso a las gueltas de cocodrilos del Tagant. Extrem-Sud (2008) da el aparcamiento de la pista 4x4 del jebel sobre la guelta Tartêga, que sale del cauce del oued Matmata. ChingiTours describe unos 20 km de arena profunda desde el desvío. Un grupo en Sprinter llegó en noviembre de 2024 por la pista de arena desde N'Beika. — Perro: con condiciones",,https://theawakeman.github.io/africa2027/paises/mauritania/#ox-16,"https://www.google.com/maps?q=17.88417,-12.0975",4x4 y offroad,17.88417,-12.0975
Hassi et Tâloghza – oasis abandonado del Tagant norte,"muy difícil · Oasis o bivac — Oasis abandonado (hassi = pozo) en la zona arenosa entre el Adrar y el Tagant. Es el único lugar del sitio con coordenada GPS publicada. Su autor lo usa como imagen de portada y como paso de la Trace Nomade: ruinas, agua a poca profundidad y total aislamiento. Un foro de viajeros lo tuvo como objetivo de un viaje en 4x4 en enero de 2020. — Perro: con condiciones",,https://theawakeman.github.io/africa2027/paises/mauritania/#ox-17,"https://www.google.com/maps?q=18.90303,-12.33935",4x4 y offroad,18.90303,-12.33935
Laguna de Bellaat (península de Tintan) – paso con marea baja,"muy difícil · Paso técnico — En 2013 el mar abrió una brecha en el cordón de dunas de la península de Tintan, frente a Nuadibú, e inundó las depresiones de detrás. Así se formó una laguna de unos 10 × 6 km que hoy es una gran zona de cría de peces, con tortugas verdes y aves. mauritanie-au-gps.fr la describe como una laguna donde el océano entra varios km entre las dunas y cuenta que el 4x4 solo pasa con marea baja donde la duna toca el mar. En la misma península están las pesqueras neolíticas de piedra de Tintan, estudiadas por R. Vernet. — Perro: sin dato",,https://theawakeman.github.io/africa2027/paises/mauritania/#ox-18,"https://www.google.com/maps?q=20.67978,-16.67709",4x4 y offroad,20.67978,-16.67709
Frontera · Entrada — Puerto de Tánger Med (ferry Tarifa/Algeciras),"Frontera — Entrada con vehículo y perro en el mismo ferry; control de pasaporte, ficha de importación temporal (TVIP) y, si procede, TIR/CPD de la Delica en el mismo trámite. Reservar plaza de vehículo con antelación en temporada alta. Punto en la terminal de pasajeros (Port Passagers Tanger Med), no en las terminales de contenedores.",,https://theawakeman.github.io/africa2027/paises/marruecos/#logistica,"https://www.google.com/maps?q=35.87794,-5.51435",Frontera,35.87794,-5.51435
Continuidad hacia el sur — límite de administración marroquí / Sáhara Occidental,"Frontera — No hay control fronterizo internacional entre Tarfaya y Laayoune (administración marroquí continua); sí puede haber controles de gendarmería con petición de documentación. Punto de referencia: la aldea de Tah, en la N1 justo sobre el paralelo 27°40′N que marcaba el límite del antiguo Sáhara español. El control real de salida del conjunto Marruecos–Sáhara está en Guerguerat (ver ficha Sáhara Occidental).",,https://theawakeman.github.io/africa2027/paises/marruecos/#logistica,"https://www.google.com/maps?q=27.672,-12.9563",Frontera,27.672,-12.9563
Embajada de España en Rabat,"Consular — 3, Rue Aïn Khalouiya, Av. Mohammed VI (antigua Rte. des Zaërs), km 5,3, Souissi, 10170 Rabat. +212 537 63 39 00.",,https://theawakeman.github.io/africa2027/paises/marruecos/#logistica,"https://www.google.com/maps?q=33.96008,-6.82389",Consulado,33.96008,-6.82389
Consulado General de España en Tánger,"Consular — 85, Av. Président Habib Bourguiba, 90040 Tánger. +212 539 93 70 00. Referencia útil justo tras el desembarco en Tánger Med.",,https://theawakeman.github.io/africa2027/paises/marruecos/#logistica,"https://www.google.com/maps?q=35.78003,-5.82381",Consulado,35.78003,-5.82381
Consulado General de España en Casablanca,"Consular — 14, Bd. de Paris, 4ª planta, 20070 Casablanca (junto a la catedral del Sagrado Corazón y el parque de la Liga Árabe); trasladado desde la antigua sede de la rue d'Alger. +212 522 22 07 52.",,https://theawakeman.github.io/africa2027/paises/marruecos/#logistica,"https://www.google.com/maps?q=33.59025,-7.6252",Consulado,33.59025,-7.6252
Consulado General de España en Agadir,"Consular — 49, rue Ibn Batouta, secteur mixte, B.P. 3179, Agadir. +212 528 299 140; emergencia consular 24 h +212 661 080 470. Última oficina consular española antes del tramo sur; sin representación en Laayoune ni Dakhla.",,https://theawakeman.github.io/africa2027/paises/marruecos/#logistica,"https://www.google.com/maps?q=30.4217,-9.58642",Consulado,30.4217,-9.58642
Hôpital Ibn Sina — Rabat (CHU),"Hospital — Centro Hospitalario Universitario de referencia nacional, en Souissi, junto al hipódromo de Rabat.",,https://theawakeman.github.io/africa2027/paises/marruecos/#logistica,"https://www.google.com/maps?q=33.98268,-6.8521",Hospital,33.98268,-6.8521
Hôpital Militaire Avicenne — Marrakech,"Hospital — Hospital de referencia en el sur para urgencias graves, en el barrio de L'Hivernage; base logística antes de entrar en el Atlas y el desierto.",,https://theawakeman.github.io/africa2027/paises/marruecos/#logistica,"https://www.google.com/maps?q=31.63475,-8.02171",Hospital,31.63475,-8.02171
CHU Mohammed VI — Agadir (Souss-Massa),"Hospital — Hospital universitario inaugurado en noviembre de 2025 junto a la Facultad de Medicina Ibn Zohr, en la salida sureste de Agadir. Asume urgencias y partos desde el cierre del antiguo Hôpital Hassan II del centro (30.43628, -9.59078), en reconstrucción desde finales de marzo de 2026. Punto de apoyo médico antes del tramo semidesértico.",,https://theawakeman.github.io/africa2027/paises/marruecos/#logistica,"https://www.google.com/maps?q=30.41096,-9.53499",Hospital,30.41096,-9.53499
Combustible · red densa Afriquia/Shell/Total en todo el eje N1,"Combustible — Sin problema de autonomía en Marruecos: estaciones cada pocos kilómetros en el eje Tánger–Agadir–Tarfaya, todas con gasóleo de calidad estándar europea. Punto representativo (Agadir); repostar siempre por debajo de medio depósito antes de Guelmim.",,https://theawakeman.github.io/africa2027/paises/marruecos/#logistica,"https://www.google.com/maps?q=30.4,-9.6",Combustible,30.4,-9.6
Agua de servicio · fuente de Taddart (N7),"Agua de servicio — [RECARGA CONFIRMADA] Fuente de carretera con llenados recientes de hasta 200 l; caudal a veces débil. No bloquear el uso local, llevar bomba/garrafas y tratar antes de beber. Verificar el mismo día en la fuente enlazada.",,https://theawakeman.github.io/africa2027/paises/marruecos/#agua-combustible,"https://www.google.com/maps?q=31.4556,-7.9804",Agua de servicio,31.4556,-7.9804
Agua de servicio · Camping Equinox (El Ouatia),"Agua de servicio — [CONDICIONAL] Directorio actual declara agua y duchas, pero hay informes recientes de deterioro. Confirmar funcionamiento, acceso con ambos 4x4 y calidad antes de conectar; no asumir potabilidad.",,https://theawakeman.github.io/africa2027/paises/marruecos/#agua-combustible,"https://www.google.com/maps?q=28.49091,-11.33789",Agua de servicio,28.49091,-11.33789
Agua de servicio · Oued Ma Fatma,"Agua de servicio — [RECARGA DE PAGO DOCUMENTADA] Guía overlander registra 100 l por 20 MAD. Reconfirmar disponibilidad y precio; agua de servicio, no potable sin tratamiento.",,https://theawakeman.github.io/africa2027/paises/marruecos/#agua-combustible,"https://www.google.com/maps?q=28.205,-11.78283",Agua de servicio,28.205,-11.78283
Erg Chebbi (acceso por Hassi Labied),"media · Dunas — Es el gran erg de Marruecos: unos 28 km de norte a sur, 5-7 km de ancho y dunas de hasta 150 m sobre la hamada. Hassi Labied es el pueblo del borde occidental, junto a Merzouga, donde empieza y acaba la vuelta al Erg Chebbi, que alterna tramos compactos y arena blanda. — Perro: con condiciones",,https://theawakeman.github.io/africa2027/paises/marruecos/#ox-1,"https://www.google.com/maps?q=31.13444,-4.02611",4x4 y offroad,31.13444,-4.02611
M'Fis – cara sureste del Erg Chebbi,"media · Pista 4x4 — M'Fis es un antiguo pueblo minero abandonado al sureste del Erg Chebbi. Es la parte más aislada de la vuelta al erg. La variante estándar de la vuelta pasa por aquí y la fácil lo evita. Desde aquí se ve la cara oriental de las dunas, con mucho menos tráfico que en Merzouga. — Perro: con condiciones",,https://theawakeman.github.io/africa2027/paises/marruecos/#ox-2,"https://www.google.com/maps?q=31.04143,-3.95066",4x4 y offroad,31.04143,-3.95066
Taouz – inicio de la pista Merzouga–Zagora,"media · Pista 4x4 — Taouz es el pueblo al sur de Merzouga donde se acaba el asfalto y empieza la pista clásica hacia Ramlia, Tafraoute Sidi Ali y el valle del Draa. La travesía cruza lechos de oued, llanuras de arcilla, tramos de arena y pistas pedregosas, con controles militares amables en el camino. Es una de las travesías de desierto más conocidas de Marruecos que se pueden hacer sin permisos especiales. — Perro: con condiciones",,https://theawakeman.github.io/africa2027/paises/marruecos/#ox-3,"https://www.google.com/maps?q=30.90722,-3.99583",4x4 y offroad,30.90722,-3.99583
Ramlia – paso de fech-fech,"difícil · Paso técnico — Ramlia es un pequeño oasis en la pista Taouz–Tafraoute Sidi Ali. Cerca está el tramo más delicado de la travesía: varios kilómetros de fech-fech (polvo muy fino) donde es fácil quedarse clavado. En los foros aconsejan no entrar a Ramlia por el este, porque la arena entre las palmeras es profunda y blanda. Existe una variante por el paso de M'Harech que evita parte de este tramo. — Perro: con condiciones",,https://theawakeman.github.io/africa2027/paises/marruecos/#ox-4,"https://www.google.com/maps?q=30.68528,-4.41583",4x4 y offroad,30.68528,-4.41583
Tafraoute Sidi Ali,"media · Oasis o bivac — Pueblo-oasis a mitad de la pista Merzouga–Zagora, rodeado de gara y dunas pequeñas (la duna Zereg está a unos 4 km al este). Los viajeros lo recomiendan como parada para comer y tiene cobertura de internet. A unos 15 km al noreste hay un albergue-camping en Foum Mharech. — Perro: sin dato",,https://theawakeman.github.io/africa2027/paises/marruecos/#ox-5,"https://www.google.com/maps?q=30.67351,-4.68907",4x4 y offroad,30.67351,-4.68907
Lago Maider (Daya el Maïder),"media · Paso técnico — Es una depresión inundable y temporal (daya) del Maïder, al oeste de Tafraoute Sidi Ali. La llanura de inundación del Maïder forma parte de la travesía Merzouga–Zagora. Es un paisaje muy abierto, con relieves de gara alrededor. — Perro: sin dato",,https://theawakeman.github.io/africa2027/paises/marruecos/#ox-6,"https://www.google.com/maps?q=30.73778,-4.79056",4x4 y offroad,30.73778,-4.79056
Tagounite – fin de la pista desde Merzouga,"fácil · Repostaje — Es el pueblo del valle del Draa donde termina la pista que viene de Taouz y vuelve el asfalto (N9). Sirve para repostar y reponer agua después de la travesía, o antes de seguir hacia M'Hamid y el Erg Chigaga. — Perro: sí",,https://theawakeman.github.io/africa2027/paises/marruecos/#ox-7,"https://www.google.com/maps?q=29.97,-5.58",4x4 y offroad,29.97,-5.58
M'Hamid El Ghizlane – último gasóleo antes del Chigaga,"fácil · Repostaje — Es el final de la carretera N9 y la base de las salidas en camello y en 4x4 hacia el Erg Chigaga. Su gasolinera es el último punto de repostaje antes de la travesía por el Chigaga y el lago Iriki. Aquí se pueden contratar guías: el campamento La Boussole, por ejemplo, organiza la salida con guía. — Perro: sí",,https://theawakeman.github.io/africa2027/paises/marruecos/#ox-8,"https://www.google.com/maps?q=29.82793,-5.72844",4x4 y offroad,29.82793,-5.72844
Erg Chigaga,"media · Dunas — Es el segundo gran erg de Marruecos, con dunas de más de 50 m y mucho menos visitado que el Erg Chebbi. Queda entre el Jbel Bani al norte y el lago Iriki al oeste. Se llega solo en 4x4 o en camello, y hay campamentos en su borde. Es la etapa central de la travesía M'Hamid–Foum Zguid. — Perro: con condiciones",,https://theawakeman.github.io/africa2027/paises/marruecos/#ox-9,"https://www.google.com/maps?q=29.8278,-6.25",4x4 y offroad,29.8278,-6.25
Lago Iriki (Parque Nacional de Iriqui),"media · Paso técnico — Es un lago seco de unos 65 x 15 km dentro del Parque Nacional de Iriqui (creado en 1994, 1230 km²). Normalmente está seco, pero en septiembre de 2024 se inundó por primera vez en 20 años. Cruzarlo es una de las experiencias más impactantes de la travesía: una llanura inmensa, espejismos y ninguna referencia. — Perro: con condiciones",,https://theawakeman.github.io/africa2027/paises/marruecos/#ox-10,"https://www.google.com/maps?q=29.84165,-6.51725",4x4 y offroad,29.84165,-6.51725
Foum Zguid – salida de la travesía Iriki–Chigaga,fácil · Pista 4x4 — Es el pueblo de la provincia de Tata en el extremo occidental de la travesía. De aquí salen las pistas hacia el lago Iriki y el Erg Chigaga. Hay agencias y campamentos locales que ofrecen guía para la travesía. — Perro: sí,,https://theawakeman.github.io/africa2027/paises/marruecos/#ox-11,"https://www.google.com/maps?q=30.08778,-6.87111",4x4 y offroad,30.08778,-6.87111
Oasis de Fint,"fácil · Oasis o bivac — Es un oasis escondido entre relieves minerales a 15-17 km de Ouarzazate. Hace falta medio día para pasear sin prisa. No es una gran pista, pero sí una salida corta en 4x4 desde la zona de Ouarzazate y Aït Benhaddou. El verdor depende mucho de las lluvias del año. — Perro: sin dato",,https://theawakeman.github.io/africa2027/paises/marruecos/#ox-12,"https://www.google.com/maps?q=30.81861,-6.96472",4x4 y offroad,30.81861,-6.96472
Souk Tleta Tasserirt – bifurcación Aït Mansour / Tizerkine,"fácil · Pista 4x4 — Es el cruce, a unos 8 km de Tafraout, donde empiezan las dos bajadas hacia el sur: por la derecha las gargantas de Aït Mansour (con palmeral) y por la izquierda la garganta de Tizerkine. Las dos se juntan en Afella Ighir y forman un bucle de unos 50 km, en gran parte por pista, entre pueblos del Anti-Atlas. — Perro: sí",,https://theawakeman.github.io/africa2027/paises/marruecos/#ox-13,"https://www.google.com/maps?q=29.60611,-8.91667",4x4 y offroad,29.60611,-8.91667
Fort Bou Jerif,"media · Oasis o bivac — Es un hotel-camping aislado junto a las ruinas de un fuerte de la época colonial, en el valle del oued Noun. Es la base clásica para bajar a la Plage Blanche por pista. Las reseñas de 2025 lo describen como un sitio tranquilo, aunque con precios altos en el restaurante. — Perro: sí",,https://theawakeman.github.io/africa2027/paises/marruecos/#ox-14,"https://www.google.com/maps?q=29.0822,-10.3313",4x4 y offroad,29.0822,-10.3313
Plage Blanche – bajada junto al fuerte de Aoreora,"difícil · Paso técnico — Es una playa virgen de unos 25-30 km en la costa de Guelmim, entre Aoreora y la desembocadura del Draa. Se puede recorrer en 4x4 por la arena, siempre con la marea bajando. Es de los tramos de pista más exigentes de la costa marroquí y se ha usado como salida del Morocco Desert Challenge. — Perro: con condiciones",,https://theawakeman.github.io/africa2027/paises/marruecos/#ox-15,"https://www.google.com/maps?q=28.84028,-10.84306",4x4 y offroad,28.84028,-10.84306
Desembocadura del Oued Draa (Foum Oued Drâa),"difícil · Paso técnico — Es la desembocadura del río más largo de Marruecos, al sur del cabo Draa. El paso del oued es una de las claves de la pista costera Plage Blanche–Tafnidilt, con aproximaciones rocosas y bajadas técnicas. Es un tramo muy salvaje, entre acantilados y arena. — Perro: con condiciones",,https://theawakeman.github.io/africa2027/paises/marruecos/#ox-16,"https://www.google.com/maps?q=28.66,-11.11",4x4 y offroad,28.66,-11.11
Ksar Tafnidilt,"media · Oasis o bivac — Es un hotel-campamento de estilo ksar levantado 'en medio de la nada' al norte de Tan-Tan. Es la base sur de la pista hacia la desembocadura del Draa, el cabo Draa y la Plage Blanche. Desde aquí sale una travesía de unos 150 km (unas 7 h) hasta Fort Bou Jerif. — Perro: sin dato",,https://theawakeman.github.io/africa2027/paises/marruecos/#ox-17,"https://www.google.com/maps?q=28.54194,-10.99083",4x4 y offroad,28.54194,-10.99083
Entrada (bajada) · Tarfaya → Tah: sin frontera internacional,"Frontera — NO hay frontera internacional al entrar: la administración marroquí es continua desde Tarfaya y el vehículo sigue con la misma TVIP obtenida en Tánger Med. Lo que sí empieza aquí es el régimen de CONTROLES DE GENDARMERÍA: a partir de Tah los puestos se suceden cada pocas decenas de kilómetros. Última localidad marroquí propiamente dicha: Tarfaya, con el museo de Saint-Exupéry y la Casa del Mar.",,https://theawakeman.github.io/africa2027/paises/sahara-occidental/#logistica,"https://www.google.com/maps?q=27.9394,-12.9231",Frontera,27.9394,-12.9231
Salida (bajada) / Entrada (subida) · Guerguerat,"Frontera — Único paso terrestre con Mauritania y único corredor viable norte-sur de toda África occidental. Control marroquí + tierra de nadie sin asfaltar + control mauritano: 4-6 h. eVisa mauritana OBLIGATORIA tramitada con antelación (ya no hay visado a la llegada). Llevar dírhams o euros en efectivo, no dólares. No fotografiar nada. Cruzar por la mañana. En la subida el sentido es el inverso y el control marroquí de ENTRADA es más minucioso que el de salida.",,https://theawakeman.github.io/africa2027/paises/sahara-occidental/#logistica,"https://www.google.com/maps?q=21.4261,-16.9586",Frontera,21.4261,-16.9586
Salida (subida) · Smara → Tan-Tan o El Aaiún → Tarfaya,"Frontera — Tampoco hay frontera al salir del territorio hacia Marruecos. La subida puede rematar por el interior (Smara → Tan-Tan, POR CONFIRMAR estado de la carretera y controles) o volviendo a la N1 costera por El Aaiún y Tarfaya. En ambos casos la continuidad administrativa es marroquí. El punto de la ficha se sitúa en Smara, que es donde se decide la variante interior; la variante costera sale por el mismo Tarfaya/Tah del punto de entrada.",,https://theawakeman.github.io/africa2027/paises/sahara-occidental/#logistica,"https://www.google.com/maps?q=26.74358,-11.66455",Frontera,26.74358,-11.66455
Hospital Regional Moulay Hassan Ben El Mehdi — El Aaiún,"Hospital — Hospital de referencia del territorio y mayor de los dos que forman el Centro Hospitalario Regional de El Aaiún (el otro es el Hassan II de especialidades). Cubre urgencias y cirugía básica, no politraumatismos graves: el seguro con evacuación médica es imprescindible en este tramo. La evacuación realista es a Agadir o Canarias.",,https://theawakeman.github.io/africa2027/paises/sahara-occidental/#logistica,"https://www.google.com/maps?q=27.15672,-13.18926",Hospital,27.15672,-13.18926
Hospital / centro de salud — Dajla,"Hospital — Hospital Hassan II de Dajla («General Hospitals of Dakhla»), suficiente para lo básico. Para urgencias graves, evacuación a El Aaiún o Agadir — a 550 y 1.200 km.",,https://theawakeman.github.io/africa2027/paises/sahara-occidental/#logistica,"https://www.google.com/maps?q=23.71409,-15.92269",Hospital,23.71409,-15.92269
Consulado de España más próximo — Agadir (referencia),"Consular — Sin representación consular española en El Aaiún ni en Dajla: el consulado general de Agadir y la embajada en Rabat son las referencias operativas para todo el territorio, en las dos pasadas.",,https://theawakeman.github.io/africa2027/paises/sahara-occidental/#logistica,"https://www.google.com/maps?q=30.4217,-9.58642",Consulado,30.4217,-9.58642
Combustible · Laayoune Plage,"Combustible — Primera estación tras salir de El Aaiún, ~20 km al sur. Diésel subvencionado, sensiblemente más barato que en Marruecos: repostar aquí en las dos pasadas.",,https://theawakeman.github.io/africa2027/paises/sahara-occidental/#logistica,"https://www.google.com/maps?q=27.11,-13.42",Combustible,27.11,-13.42
Combustible · Lemsid,"Combustible — ~80 km al sur de Laayoune Plage. Punto de repostaje intermedio confirmado por overlanders (Horizons Unlimited, iOverlander).",,https://theawakeman.github.io/africa2027/paises/sahara-occidental/#logistica,"https://www.google.com/maps?q=26.53933,-13.83683",Combustible,26.53933,-13.83683
Combustible · Bojador (Boujdour),"Combustible — ~80 km al sur de Lemsid; última localidad con oferta amplia antes del tramo largo hacia Dajla. Repostar aquí siempre, aunque el depósito no esté a la mitad.",,https://theawakeman.github.io/africa2027/paises/sahara-occidental/#logistica,"https://www.google.com/maps?q=26.1331,-14.4669",Combustible,26.1331,-14.4669
Combustible · cruce de Dajla (Dakhla Junction),"Combustible — ~290 km al sur de Bojador; dos estaciones en la rotonda de acceso a la península, confirmadas y activas en iOverlander. El tramo previo no tiene nada intermedio salvo viento.",,https://theawakeman.github.io/africa2027/paises/sahara-occidental/#logistica,"https://www.google.com/maps?q=23.735,-15.87",Combustible,23.735,-15.87
Combustible · Bir Gandouz,Combustible — Última estación fiable antes de Guerguerat (~80 km). El tramo Dajla-Bir Gandouz (~250 km) es el más largo sin repostaje garantizado de todo el bloque Marruecos/Sáhara: llegar con el depósito lleno desde Dajla.,,https://theawakeman.github.io/africa2027/paises/sahara-occidental/#logistica,"https://www.google.com/maps?q=21.61373,-16.47107",Combustible,21.61373,-16.47107
Combustible · El Aaiún → Smara (corredor de subida),Combustible — Eje interior de ~240 km con oferta escasa: repostar a fondo en El Aaiún y contar con que entre medias puede no haber nada fiable. POR CONFIRMAR sobre el terreno antes de tomar el desvío de Smara.,,https://theawakeman.github.io/africa2027/paises/sahara-occidental/#logistica,"https://www.google.com/maps?q=26.7394,-11.6703",Combustible,26.7394,-11.6703
Zona de exclusión · muro de arena (berma) y franja este,"Servicio — El muro marroquí recorre unos 2.700 km de sur a norte y está flanqueado por EL CAMPO DE MINAS CONTINUO MÁS LARGO DEL MUNDO, con minas colocadas en zigzag a un metro unas de otras y hasta tres filas en algunos tramos. Toda la franja este del territorio, y cualquier pista que se aleje del corredor asfaltado hacia el interior, queda EXCLUIDA SIN EXCEPCIÓN. Coordenada meramente indicativa de la zona a evitar, no un punto a visitar: cae en la franja al ESTE del muro, entre Mehaires y Tifariti, es decir dentro de la zona controlada por el Polisario y fuera de todo itinerario posible.",,https://theawakeman.github.io/africa2027/paises/sahara-occidental/#logistica,"https://www.google.com/maps?q=26.0,-11.0",Servicio,26.0,-11.0
Agua de servicio · Camping Sahara Line (Bojador),"Agua de servicio — [CONDICIONAL] Se documentan recargas de pago y duchas, pero también agua salobre, poca presión y servicio irregular. Confirmar el mismo día; usar solo como agua de servicio.",,https://theawakeman.github.io/africa2027/paises/sahara-occidental/#agua-combustible,"https://www.google.com/maps?q=26.13217,-14.49533",Agua de servicio,26.13217,-14.49533
Agua de servicio · Camping Moussafir (Dajla),Agua de servicio — [CONDICIONAL] El establecimiento publica agua y vaciado para 4x4/campers. Reservar y pedir autorización expresa para llenar ambos depósitos; no asumir potabilidad.,,https://theawakeman.github.io/africa2027/paises/sahara-occidental/#agua-combustible,"https://www.google.com/maps?q=23.76417,-15.9075",Agua de servicio,23.76417,-15.9075
Duna Blanca de Dajla (acceso por las llanuras de marea),"media · Dunas — Gran duna de arena muy clara que cae directamente sobre la laguna de Dajla, en la orilla continental, frente a la isla Herné. Con la marea alta el agua casi rodea su base y con la baja aparecen bajíos turquesa. Es la excursión 4x4 clásica de Dajla: se llega por pistas sin señalizar a través de sebjas y llanuras mareales, lo que la convierte en una buena primera toma de contacto con la arena y la lectura de mareas antes de Mauritania. — Perro: con condiciones",,https://theawakeman.github.io/africa2027/paises/sahara-occidental/#ox-1,"https://www.google.com/maps?q=23.822,-15.7448",4x4 y offroad,23.822,-15.7448
Pozas de la Sebja de Imlili (tramo final de pista),"fácil · Oasis o bivac — Sebja (salar) con decenas de pozas naturales de agua salobre en pleno desierto, habitadas por pequeños peces. Es uno de los pocos lugares del sur del territorio documentados para salir del asfalto con un destino claro. El último tramo es una pista rota, pedregosa y ondulada que termina en arena, útil para probar suspensión y presiones sin alejarse de la N1. — Perro: con condiciones",,https://theawakeman.github.io/africa2027/paises/sahara-occidental/#ox-2,"https://www.google.com/maps?q=23.27956,-15.91336",4x4 y offroad,23.27956,-15.91336
Bir Gandouz – último gasóleo antes de Guerguerat,"fácil · Repostaje — Pueblo de paso en la N1 a 79 km de Guerguerat, con una estación Petrom a la entrada y una Shell junto al Hotel Barbas. Es la última parada lógica para repostar, comer y comprar agua antes de la frontera. Para dos 4x4 que luego harán pistas en Mauritania, salir de aquí con todo lleno es la mejor garantía de autonomía. — Perro: sí",,https://theawakeman.github.io/africa2027/paises/sahara-occidental/#ox-3,"https://www.google.com/maps?q=22.05474,-16.75",4x4 y offroad,22.05474,-16.75
Tierra de nadie de Guerguerat (tramo sin asfaltar entre puestos),"fácil · Paso técnico — Franja entre el puesto marroquí de Guerguerat y el mauritano, donde el asfalto termina de golpe y se pasa a una pista rota con montículos de arena, chatarra y basura, atravesando el Berm. No es técnica, pero es el único tramo sin asfaltar obligatorio del paso y el primer contacto con el desierto de verdad. Hay un acuerdo Marruecos-Mauritania (septiembre de 2026) para rehabilitar la carretera por este paso, sin fecha de obra. — Perro: sí",,https://theawakeman.github.io/africa2027/paises/sahara-occidental/#ox-4,"https://www.google.com/maps?q=21.38,-16.953",4x4 y offroad,21.38,-16.953
"Frontera · Entrada bajada — Sambaïlo / Koundara (desde Kalifourou, Senegal)","Frontera — El paso más fácil entre Senegal y Guinea y el que usa la práctica totalidad del tráfico: carretera asfaltada en buen estado a los dos lados. El puesto SENEGALÉS real de este eje es KALIFOUROU (12,92415 / -13,63848, región de Kolda), no Manda; del lado GUINEANO los trámites se hacen en SAMBAÏLO, subprefectura a 11 km al noroeste de Koundara y a unos 48 km de Kalifourou. Esta coordenada es el nodo OSM del pueblo de Sambaïlo: OSM no cartografía aquí ningún puesto fronterizo. El puesto de control yuxtapuesto de Boundou Fourdou, construido a caballo sobre la raya y entregado a las autoridades en diciembre de 2019, seguía descrito en abril de 2023 con «une absence totale de vie administrative»: no contar con él. El eje evita por completo el territorio de Guinea-Bisáu (junta militar desde noviembre de 2025). AVISOS: (1) el visado NO se expide en la frontera — hay que llegar con la eVisa o el visado consular ya emitido; (2) las fronteras de Guinea CIERRAN DE NOCHE: llegar con margen de varias horas de luz; (3) hay una franja larga de tierra de nadie entre los dos puestos —las fuentes hablan de ~20 km, pero de Kalifourou a Sambaïlo hay ~48 km de carretera: POR CONFIRMAR dónde está exactamente cada control—; (4) se paga un laissez-passer de frontera del orden de 50.000 GNF que fija la duración de la estancia — comprobar que la fecha que escriben cubre todo el tramo previsto; (5) el ferry sobre el río Bantala, en la variante antigua, ha estado averiado con frecuencia: confirmar qué ruta está operativa. Es también la frontera de SALIDA de la subida.",,https://theawakeman.github.io/africa2027/paises/guinea/#logistica,"https://www.google.com/maps?q=12.58241,-13.37191",Frontera,12.58241,-13.37191
"Frontera · Salida bajada — N'Zo / Gbapleu (hacia Danané, Costa de Marfil)","Frontera — Paso principal entre la Guinea forestal y el oeste de Costa de Marfil, en la prefectura de Lola: del puesto guineano de N'Zo al marfileño de Gbapleu, y de ahí a Danané y Man. Reabierto en septiembre de 2016 tras el cierre sanitario por el ébola. Es la salida obligada de la bajada, porque LIBERIA ESTÁ EXCLUIDA de la ruta por la imposibilidad de obtener visado en frontera terrestre: de Guinea se va directo a Costa de Marfil. POR CONFIRMAR: horarios exactos, si sellan CPD y el estado del asfalto en el tramo Nzérékoré-Lola-N'Zo. Frontera cerrada de noche. GEOMETRÍA DEL PASO (nodos OSM, verificados): las Douanes guineanas están DENTRO del pueblo de N'Zoo (7,67720 / -8,31470, a 280 m del mercado semanal); 6 km al sur, la Police aux frontières (7,62060 / -8,30528); y 1,25 km más allá, ya en la raya, el Poste Frontière (7,60982 / -8,31122), que es esta coordenada. Del lado marfileño, el pueblo de Gbapleu queda 4,5 km al suroeste. Son TRES paradas, no una, repartidas en unos 8 km.",,https://theawakeman.github.io/africa2027/paises/guinea/#logistica,"https://www.google.com/maps?q=7.60982,-8.31122",Frontera,7.60982,-8.31122
Frontera · Entrada subida — N'Zo / Gbapleu (desde Costa de Marfil),"Frontera — Mismo paso en sentido inverso. Aquí se abre el segundo visado guineano y el segundo permiso temporal del vehículo. Alternativa teórica más al norte (Sipilou / Kérouané-Beyla) que evitaría repetir el puesto, PERO está muy poco documentada y la carretera es incierta: POR CONFIRMAR antes de contar con ella. Salvo que se verifique, la entrada de la subida repite N'Zo y la diferenciación de corredores se consigue en el interior del país, no en la frontera. La coordenada es la misma que la de salida (Poste Frontière de N'Zoo, 7,60982 / -8,31122): ver en aquel punto la secuencia de aduana, policía de fronteras y puesto de raya.",,https://theawakeman.github.io/africa2027/paises/guinea/#logistica,"https://www.google.com/maps?q=7.60982,-8.31122",Frontera,7.60982,-8.31122
Frontera · Variante de salida — Pamelap (hacia Sierra Leona),"Frontera — Paso costero Forécariah-Pamelap-Kambia, asfaltado de punta a punta, hacia Freetown. Solo se activa si se ejecuta la variante opcional de Sierra Leona en el tramo de subida que contempla la ruta global. No es la salida prevista por defecto. La coordenada es el nodo OSM del pueblo guineano de Pamélap (subprefectura de Forécariah, región de Kindia, 35 m de altitud): el comisariado «Pamelap Police» está unos 500 m al sursuroeste y OSM cartografía además un control fronterizo EN CONSTRUCCIÓN. Al otro lado está Gbalamuya, distrito de Kambia (Sierra Leona).",,https://theawakeman.github.io/africa2027/paises/guinea/#logistica,"https://www.google.com/maps?q=9.18013,-12.96925",Frontera,9.18013,-12.96925
Frontera · EXCLUIDA — todos los pasos con Guinea-Bisáu y con Malí,"Frontera — NO ES UN LUGAR: esto es una regla de exclusión, no un punto geocodificable, y su coordenada (12,0 / -13,8) es solo un ancla para que la regla se vea en el mapa del noroeste — no hay ni debe buscarse aquí ningún puesto. La ruta planificada no pasa por Guinea-Bisáu (junta militar desde noviembre de 2025). Malí queda excluido por conflicto: eso descarta el eje Siguiri-Kourémalé y toda la franja fronteriza del noreste (prefecturas de Siguiri y Mandiana), donde además hay presión de grupos armados del Sahel. El corredor de subida por la Alta Guinea se mantiene deliberadamente al sur y al oeste de esa franja.",,https://theawakeman.github.io/africa2027/paises/guinea/#logistica,"https://www.google.com/maps?q=12.0,-13.8",Frontera,12.0,-13.8
Embajada de España en Conakry,"Consular — Place Almamy Samory Touré, Bâtiment R2000, 6º piso, Moussoudougou, Coléah — B.P. 706, Conakry (dirección verificada en exteriores.gob.es). Cancillería +224 664 18 64 04 y +224 664 20 22 01 · Sección consular +224 613 33 90 90 · Emergencia consular grave +224 664 33 54 93 · emb.conakry@maec.es · sección consular emb.conakry.sc@maec.es · registro civil emb.conakry.rgc@maec.es. La embajada está acreditada también en Sierra Leona. EDIFICIO NO VERIFICADO: OSM no tiene el nodo de la embajada y la Place Almamy Samory Touré no aparece cartografiada; esta coordenada es el nodo OSM del barrio de Coléah, es decir precisión de barrio (±1 km). Fijar el punto exacto al llegar.",,https://theawakeman.github.io/africa2027/paises/guinea/#logistica,"https://www.google.com/maps?q=9.52937,-13.68384",Consulado,9.52937,-13.68384
Embajada de Costa de Marfil en Conakry,"Consular — Punto crítico del itinerario: es donde se tramita el visado marfileño para la salida de la bajada. Ambassade de Côte d'Ivoire, Boulevard du Commerce, Kaloum — 190 m al sur de la catedral de Santa María y 340 m al norte del Palais Mohammed V (OSM way 549630555). Tel. +224 656 34 34 34 · guinee.diplomatie.gouv.ci · horario cartografiado en OSM: lunes a jueves 9:00-15:00, viernes 9:00-14:00. Confirmar horarios y requisitos por teléfono nada más llegar a Conakry, con margen de varios días.",,https://theawakeman.github.io/africa2027/paises/guinea/#logistica,"https://www.google.com/maps?q=9.50847,-13.71541",Consulado,9.50847,-13.71541
Hôpital National Donka — Conakry,Hospital — Principal hospital de referencia del país; capacidad limitada para politraumatismos. El seguro con evacuación aérea es imprescindible en todo el país: la evacuación realista desde Guinea es a Dakar o a Europa. Coordenada urbana aproximada.,,https://theawakeman.github.io/africa2027/paises/guinea/#logistica,"https://www.google.com/maps?q=9.535,-13.695",Hospital,9.535,-13.695
Hôpital Régional de Labé,"Hospital — Recurso sanitario de referencia de todo el Fouta Djallon y del corredor norte. Para casos graves, evacuación a Conakry o a Dakar. Coordenada urbana aproximada.",,https://theawakeman.github.io/africa2027/paises/guinea/#logistica,"https://www.google.com/maps?q=11.3167,-12.2833",Hospital,11.3167,-12.2833
Laboratoire Régional Vétérinaire de Labé,"Servicio — Uno de los pocos servicios veterinarios oficiales del interior de Guinea, dependiente de la Direction Nationale des Services Vétérinaires (DNSV). Está dentro del CFEL (centro de formación ganadera de Labé), unos 5 km al norte del centro de la ciudad y 3 km al noreste del aeródromo de Tata; se inauguró el 18 de diciembre de 2019, rehabilitado con financiación de USAID y coordinación de la FAO, dentro de un programa de tres laboratorios regionales (Labé, Kankan y Nzérékoré). OJO CON LAS EXPECTATIVAS: es un laboratorio de DIAGNÓSTICO —microbiología y serología, parasitología/coprología y virología, con prueba rápida e inmunofluorescencia de rabia—, no una clínica veterinaria, y funciona con muy poco personal. Sirve para analizar un problema sanitario del perro; para un certificado o una vacuna hay que ver in situ qué puede firmar el servicio veterinario y con cuánto margen. Es el recurso más cercano fuera de Conakry y está justo en el nudo de los dos corredores.",,https://theawakeman.github.io/africa2027/paises/guinea/#logistica,"https://www.google.com/maps?q=11.3596,-12.27487",Servicio,11.3596,-12.27487
Hôpital Régional de Nzérékoré,Hospital — Única referencia hospitalaria seria de toda la Guinea forestal y del sureste. Entre Kankan y Nzérékoré no hay nada equivalente.,,https://theawakeman.github.io/africa2027/paises/guinea/#logistica,"https://www.google.com/maps?q=7.7561,-8.8179",Hospital,7.7561,-8.8179
Hôpital Régional de Kankan,"Hospital — Referencia hospitalaria del corredor de subida por la Alta Guinea. Coordenada del recinto hospitalario (OSM way 788920328), unos 2 km al sur del punto urbano de Kankan, junto al gobernorado regional y la central eléctrica.",,https://theawakeman.github.io/africa2027/paises/guinea/#logistica,"https://www.google.com/maps?q=10.3686,-9.30563",Hospital,10.3686,-9.30563
Combustible · Conakry,"Combustible — Mejor oferta y calidad del país (Total, Vivo/Shell, Petroguinée). Repostar a fondo aquí antes de cualquier tramo interior.",,https://theawakeman.github.io/africa2027/paises/guinea/#logistica,"https://www.google.com/maps?q=9.5092,-13.7122",Combustible,9.5092,-13.7122
"Combustible · Labé, Pita, Mamou, Dalaba, Kindia",Combustible — Estaciones formales en todas las ciudades del eje Labé-Mamou-Kindia-Conakry: es el corredor con mejor cobertura del país. Repostar en Labé antes de subir a Mali/Loura o de bajar a Doucki.,,https://theawakeman.github.io/africa2027/paises/guinea/#logistica,"https://www.google.com/maps?q=11.3167,-12.2833",Combustible,11.3167,-12.2833
"Combustible · Faranah, Kissidougou, Macenta, Nzérékoré","Combustible — Estaciones formales en las capitales del eje sureste, pero con roturas de suministro puntuales. Autonomía recomendada Mamou → Nzérékoré (~650 km) con garrafas, y no depender de Macenta.",,https://theawakeman.github.io/africa2027/paises/guinea/#logistica,"https://www.google.com/maps?q=7.7561,-8.8179",Combustible,7.7561,-8.8179
"Combustible · Kankan, Kouroussa, Dabola (escaso a partir de Tougué)","Combustible — Kankan y Dabola tienen estaciones formales. AVISO: a partir de Dabola, la pista Tougué-Labé del corredor de subida no tiene garantía de combustible — salir de Dabola con depósitos y garrafas llenos (~350 km hasta Labé, pero con consumo de pista).",,https://theawakeman.github.io/africa2027/paises/guinea/#logistica,"https://www.google.com/maps?q=10.3853,-9.3057",Combustible,10.3853,-9.3057
Agua de servicio · Woro Ladia (Conakry),"Agua de servicio — [SOLO DUCHA] Agua no potable y duchas calientes verificadas; patio para dos 4x4, no grandes. El llenado del depósito no está acreditado: reservar y pedir permiso expreso.",,https://theawakeman.github.io/africa2027/paises/guinea/#agua-combustible,"https://www.google.com/maps?q=9.6004,-13.64997",Agua de servicio,9.6004,-13.64997
Agua de servicio · Tinka Eco Village (Dalaba),"Agua de servicio — [TOMA REPORTADA EN 2026] Viajeros alojados pudieron tomar agua y lavar ropa; aparcamiento amplio. Pedir cantidad y punto de toma, tratar para consumo y recordar que la ficha indica que no admite mascotas.",,https://theawakeman.github.io/africa2027/paises/guinea/#agua-combustible,"https://www.google.com/maps?q=10.6912,-12.2516",Agua de servicio,10.6912,-12.2516
Agua de servicio · grifo N5 (Téguéréya),Agua de servicio — [RECARGA DE DEPÓSITO PUBLICADA] Grifo gratuito junto a gasolinera; agua expresamente no potable. Punto nuevo sin historial: comprobar funcionamiento y llenar sin obstaculizar.,,https://theawakeman.github.io/africa2027/paises/guinea/#agua-combustible,"https://www.google.com/maps?q=10.6118,-12.1911",Agua de servicio,10.6118,-12.1911
Labé: repostaje antes de las pistas del Fouta Djallon,"fácil · Repostaje — Labé es el nudo del Fouta Djallon: aquí terminan o empiezan la pista de Mali–Kédougou, la carretera de Koundara y Senegal y la ruta de las cascadas (Saala, Kinkon, Kambadaga). Es el sitio donde llenar el depósito, reparar neumáticos y comprar víveres antes de meterse en las pistas. Los viajeros de Lost in a 4x4 pararon aquí a reparar una rueda tras la pista de Djinkan. — Perro: con condiciones",,https://theawakeman.github.io/africa2027/paises/guinea/#ox-1,"https://www.google.com/maps?q=11.3232,-12.28913",4x4 y offroad,11.3232,-12.28913
Yambéring – Mali-Centre: el tramo de montaña sin obras (lote 3),"difícil · Paso técnico — La carretera Labé–Mali (N8, unos 107-110 km) se está asfaltando por lotes desde 2024-2025: Labé–Sarékaly y Sarékaly–Yambéring estaban en obras a finales de 2025 y el trayecto Labé–Yambéring ya se hacía en 2-3 horas. El lote 3, Yambéring–Mali-Centre, aún no había empezado. Es el tramo de montaña que sube a la meseta de Mali, a más de 1.400 m. Coordenada de Yambéring en GeoNames (al minuto). — Perro: sin dato",,https://theawakeman.github.io/africa2027/paises/guinea/#ox-2,"https://www.google.com/maps?q=11.81667,-12.35",4x4 y offroad,11.81667,-12.35
Lébékéré: pista Mali–frontera de Senegal,"muy difícil · Pista 4x4 — Lébékéré está en el tramo Mali–frontera de Senegal del eje Labé–Mali–Kédougou, que el ministerio guineano tiene en estudio para asfaltar. Hoy es la parte más dura: una guía antigua describe unos 120 km de tierra roja dura con pendientes fuertes, piedras grandes, surcos profundos de las lluvias y unos cinco vados, y la prensa habla de 10 horas para 100 km. Una guía de 2017 la reserva a conductores de 4x4 con experiencia. — Perro: sin dato",,https://theawakeman.github.io/africa2027/paises/guinea/#ox-3,"https://www.google.com/maps?q=12.10889,-12.39806",4x4 y offroad,12.10889,-12.39806
Meseta de Djinkan: las escaleras de Lélouma,"difícil · Pista 4x4 — Son escaleras de troncos, lianas y ahora metal que los vecinos usan desde hace siglos para bajar el acantilado entre la meseta y el valle, a unos 6 km al norte de Lélouma. Lost in a 4x4 llegó en su segundo intento, por Ansanouere, tras dos horas de pista estrecha entre acantilados, y acampó en la meseta. La prensa guineana (2026) señala que la accesibilidad es el gran problema del sitio. — Perro: con condiciones",,https://theawakeman.github.io/africa2027/paises/guinea/#ox-4,"https://www.google.com/maps?q=11.48074,-12.70168",4x4 y offroad,11.48074,-12.70168
Cataratas de Saala: pista desde Labé,"media · Pista 4x4 — Es una cascada en un cañón de unos 200 m entre las subprefecturas de Diari (Labé) y Timbi Madina (Pita). Los viajeros de Pistenkuh (2020) la visitaron en su travesía 4x4 del Fouta y publicaron la coordenada, y unos viajeros alemanes la visitaron desde Labé en enero de 2025. Es la primera parada de la ruta de las cascadas. — Perro: sin dato",,https://theawakeman.github.io/africa2027/paises/guinea/#ox-5,"https://www.google.com/maps?q=11.29578,-12.51925",4x4 y offroad,11.29578,-12.51925
Bourouwal-Tappé: desvío de la pista de Kambadaga,"difícil · Pista 4x4 — Es el pueblo donde se deja el asfalto para bajar a las cataratas de Kambadaga, las que muchos consideran las más bonitas del Fouta. Lost in a 4x4 cuenta el procedimiento: permiso en la prefectura de Pita (25.000 GNF por persona para acampar), contacto en el desvío de Bourouwal-Tappé y sello del alcalde. A partir de aquí, unos 14 km de pista 4x4 (23 km según Pistenkuh). — Perro: con condiciones",,https://theawakeman.github.io/africa2027/paises/guinea/#ox-6,"https://www.google.com/maps?q=11.0,-12.383",4x4 y offroad,11.0,-12.383
Kambadaga: bivac junto al río,"difícil · Oasis o bivac — Al final de la pista se puede acampar a la sombra junto al río, a unos 15 minutos a pie de lo alto de las cataratas; Lost in a 4x4 lo hizo allí. Pistenkuh describe una meseta rocosa sobre las cascadas apta para acampar. En estación seca se puede llegar al borde mismo del salto. — Perro: con condiciones",,https://theawakeman.github.io/africa2027/paises/guinea/#ox-7,"https://www.google.com/maps?q=10.99718,-12.49317",4x4 y offroad,10.99718,-12.49317
Doucki: pista desde Pita al «Gran Cañón de Guinea»,"media · Pista 4x4 — Doucki es la aldea desde la que se recorren los cañones y bloques de arenisca del Fouta con el guía Hassan Bah o sus hijos. Una guía de 2026 calcula 2-3 horas desde Pita por pistas llenas de baches, y Scoot West Africa avisa de que llegar ya es una aventura. Unos viajeros alemanes hicieron allí un circuito a pie de una hora en enero de 2025. — Perro: con condiciones",,https://theawakeman.github.io/africa2027/paises/guinea/#ox-8,"https://www.google.com/maps?q=10.98214,-12.60318",4x4 y offroad,10.98214,-12.60318
Timbo: arranque de la pista a las cataratas de Ditinn,"media · Pista 4x4 — Timbo es una pequeña ciudad del Fouta Djallon a unos 50 km de Mamou. Pistenkuh (2020) enlazó desde aquí las cascadas del Fouta por pista: 63,5 km de terreno bacheado sobre crestas pedregosas hasta las cataratas de Ditinn, un salto de 120 m. Es una alternativa por pista a la carretera Mamou–Dalaba. — Perro: con condiciones",,https://theawakeman.github.io/africa2027/paises/guinea/#ox-9,"https://www.google.com/maps?q=10.63426,-11.82845",4x4 y offroad,10.63426,-11.82845
Frontera · Entrada del bucle — Gbalamuya / Pamelap (desde Guinea),"Frontera — El paso principal del país y el único bien documentado: enfrente del puesto guineano de Pamelap, en la carretera Conakry-Freetown, asfaltada de punta a punta. La web oficial de turismo de Sierra Leona lo describe como el punto de entrada principal para quien llega de Conakry y de África occidental, con 6-8 horas de trayecto total Conakry-Freetown, y avisa de que el cruce puede llevar varias horas por colas y trámites administrativos. Requisitos del vehículo según esa misma fuente: permiso de circulación, carnet de conducir y pasaporte, seguro de responsabilidad civil válido en Sierra Leona (se recomienda expresamente la Brown Card de la CEDEAO) y carnet de paso en aduana O permiso de importación temporal. Certificado de fiebre amarilla comprobado. Cruzar siempre de día. Coordenada aproximada.",,https://theawakeman.github.io/africa2027/paises/sierra-leona/#logistica,"https://www.google.com/maps?q=9.1167,-12.9167",Frontera,9.1167,-12.9167
Frontera · Salida por defecto — Gbalamuya / Pamelap (de vuelta a Guinea),"Frontera — La salida conservadora del bucle: se sale por donde se entró y se retoma el corredor guineano de subida por Forécariah-Coyah-Kindia-Mamou-Labé. Tiene la ventaja de ser el único paso con garantías y el inconveniente de repetir el tramo Kambia-Freetown. Si se elige esta opción, conviene hacer el bucle en sentido horario (sur primero, norte después) para no repetir carretera dentro de Sierra Leona.",,https://theawakeman.github.io/africa2027/paises/sierra-leona/#logistica,"https://www.google.com/maps?q=9.1167,-12.9167",Frontera,9.1167,-12.9167
"Frontera · Salida alternativa norte — Kamakwie / Madina Oula (hacia Kindia, Guinea)","Frontera — POR CONFIRMAR. Paso menor del noroeste, en la zona de Outamba-Kilimi, que permitiría salir directamente desde el parque hacia el eje guineano de Kindia sin repetir Gbalamuya. No se ha localizado documentación operativa: puede no tener aduana habilitada para vehículos extranjeros ni capacidad para sellar CPD, que es el riesgo real. NO contar con este paso hasta verificarlo con overlanders recientes o con la aduana. Coordenada corregida (18,4 km): el punto está ahora sobre el puesto fronterizo sierraleonés que sí está cartografiado en OpenStreetMap (nodo 5459864108), 1 km al norte del pueblo de Sainya; el puesto guineano de Madina Oula queda 8 km al noroeste (nodo 5459864107). Que el puesto exista como control no significa que tenga aduana: sigue sin documentación operativa.",,https://theawakeman.github.io/africa2027/paises/sierra-leona/#logistica,"https://www.google.com/maps?q=9.84509,-12.3796",Frontera,9.84509,-12.3796
Frontera · Salida alternativa noreste — Kabala / Faranah (hacia la Alta Guinea),"Frontera — POR CONFIRMAR. Paso de montaña del noreste que conectaría Kabala y las Loma directamente con Faranah, en Guinea — es decir, con el nacimiento del Níger y con el corredor guineano de subida por Dabola. Sería, sobre el papel, el encaje perfecto del bucle: entrar por Gbalamuya y salir por aquí, sin repetir un solo kilómetro. Pero es un paso secundario, mal documentado, en pista, y con aduana incierta para un vehículo extranjero con CPD. VERIFICAR ANTES DE CONTAR CON ÉL. COORDENADA NO VERIFICADA: el puesto no aparece con topónimo propio en OpenStreetMap y el Logistics Cluster de Naciones Unidas no ha sido accesible en esta revisión, así que el punto se ha dejado donde estaba. Lo único confirmado es el eje: el último pueblo sierraleonés es Gberia Fotombu (9,87852 / -11,16548) y el primero guineano, Hérémakono (9,8897 / -11,0668), a 11 km; el paso está entre los dos, entre 20 y 26 km al noreste de este punto.",,https://theawakeman.github.io/africa2027/paises/sierra-leona/#logistica,"https://www.google.com/maps?q=9.7,-11.2",Frontera,9.7,-11.2
Frontera · Jendema / Bo-Waterside (hacia Liberia),"Frontera — Paso del sureste hacia Liberia, operativo y con tráfico comercial. NO se usa en este plan: Liberia está excluida de la ruta fija por el problema del visado (ver la ficha de Liberia). Se documenta porque es uno de los tres puntos donde Sierra Leona expide visado a la llegada y porque, si el problema liberiano se resolviera, sería la puerta de enlace natural desde Sulima y Zimmi. Coordenada corregida (24,2 km) sobre el pueblo de Jendema en OpenStreetMap: queda a 1,6 km del punto de Bo-Waterside de la ficha de Liberia, que es lo que debe ser — son los dos lados del mismo puente sobre el río Mano.",,https://theawakeman.github.io/africa2027/paises/sierra-leona/#logistica,"https://www.google.com/maps?q=7.0223,-11.38414",Frontera,7.0223,-11.38414
Cobertura consular española — Embajada en Conakry (Guinea),"Consular — España no tiene embajada en Freetown: la demarcación consular corresponde a la Embajada de España en Conakry. Cancillería +224 664 20 22 01 · Sección consular +224 613 33 90 90 · Emergencia consular grave +224 664 33 54 93. Es una ventaja relativa de este bucle: la embajada de referencia está a un día de camino, en el país por el que se entra y se sale.",,https://theawakeman.github.io/africa2027/paises/sierra-leona/#logistica,"https://www.google.com/maps?q=9.53,-13.68",Consulado,9.53,-13.68
Connaught Hospital — Freetown,"Hospital — Principal hospital público de referencia del país, en el centro de Freetown. Capacidad limitada para politraumatismos graves. Coordenada urbana aproximada.",,https://theawakeman.github.io/africa2027/paises/sierra-leona/#logistica,"https://www.google.com/maps?q=8.487,-13.234",Hospital,8.487,-13.234
Holy Spirit Hospital — Makeni,"Hospital — El mayor hospital privado de la Provincia del Norte y la referencia sanitaria realista de todo el tramo de montaña (Kabala, Loma, Outamba). Entre Makeni y las Loma no hay nada equivalente.",,https://theawakeman.github.io/africa2027/paises/sierra-leona/#logistica,"https://www.google.com/maps?q=8.8817,-12.0442",Hospital,8.8817,-12.0442
Kenema Government Hospital · unidad de fiebre de Lassa,"Hospital — Una de las pocas unidades del mundo dedicadas al tratamiento y la investigación de la fiebre de Lassa, en funcionamiento desde los años setenta con el Viral Hemorrhagic Fever Consortium. Fue aquí donde se diagnosticó el primer caso de ébola de Sierra Leona el 25 de mayo de 2014. Referencia del sureste.",,https://theawakeman.github.io/africa2027/paises/sierra-leona/#logistica,"https://www.google.com/maps?q=7.8767,-11.1875",Hospital,7.8767,-11.1875
Combustible · Freetown,"Combustible — Mejor oferta y calidad del país (Total, NP/Petroleum SL, Leonoil). Repostar a fondo aquí antes de la península y antes de bajar al sureste.",,https://theawakeman.github.io/africa2027/paises/sierra-leona/#logistica,"https://www.google.com/maps?q=8.484,-13.2299",Combustible,8.484,-13.2299
"Combustible · Bo, Kenema, Makeni","Combustible — Estaciones formales en las tres ciudades grandes del interior, que son los tres puntos de repostaje seguros del bucle. Bo es el último antes de Tiwai y Gola; Makeni, el último antes de Kabala y de la montaña.",,https://theawakeman.github.io/africa2027/paises/sierra-leona/#logistica,"https://www.google.com/maps?q=7.9564,-11.74",Combustible,7.9564,-11.74
Combustible · Kabala y Kamakwie (incierto),"Combustible — Puntos de venta elementales y a veces en garrafa. NO dar por hecho el suministro: salir de Makeni con depósitos y garrafas llenos para cubrir Kabala, la aproximación a las Loma, Kamakwie y Outamba-Kilimi y la vuelta (~500-600 km de ida y vuelta con consumo de pista).",,https://theawakeman.github.io/africa2027/paises/sierra-leona/#logistica,"https://www.google.com/maps?q=9.5833,-11.55",Combustible,9.5833,-11.55
Agua de servicio · Bureh Beach Surf Club,Agua de servicio — [SOLO DUCHA BÁSICA] Aseos y ducha documentados; la fuente no ofrece toma ni llenado de depósito. Llegar con reserva y usarlo únicamente para higiene durante la parada.,,https://theawakeman.github.io/africa2027/paises/sierra-leona/#agua-combustible,"https://www.google.com/maps?q=8.2072,-13.1557",Agua de servicio,8.2072,-13.1557
Agua de servicio · campamento de Tiwai Island,"Agua de servicio — [AGUA PARA HUÉSPEDES; NO PARA EL VEHÍCULO] Web oficial: acceso a agua, baños y agua purificada gratis. El 4x4 queda en tierra firme y el tramo final es en barca; no es una recarga del depósito.",,https://theawakeman.github.io/africa2027/paises/sierra-leona/#agua-combustible,"https://www.google.com/maps?q=7.55415,-11.35537",Agua de servicio,7.55415,-11.35537
Potoru: fin del asfalto hacia Tiwai,"media · Pista 4x4 — Según un operador de viajes overland, la carretera de Bo a Potoru era buen asfalto y en Potoru se acababa de golpe para convertirse en tierra lavada por las lluvias; más allá, las pistas eran tan estrechas que casi solo servían para motos. Desde aquí quedan unos 15 km hasta Kambama, el embarcadero de Tiwai. — Perro: con condiciones",,https://theawakeman.github.io/africa2027/paises/sierra-leona/#ox-1,"https://www.google.com/maps?q=7.50583,-11.47889",4x4 y offroad,7.50583,-11.47889
Kambama: embarcadero de la isla de Tiwai,"media · Pista 4x4 — Kambama es el pueblo a orillas del río Moa desde el que se pasa en barca a motor a la isla de Tiwai, santuario de fauna de gestión comunitaria con once especies de primates. Visit Sierra Leone recomienda llegar en 4x4 y deja los vehículos aquí. Es el final natural de la pista desde Potoru. — Perro: no",,https://theawakeman.github.io/africa2027/paises/sierra-leona/#ox-2,"https://www.google.com/maps?q=7.55694,-11.36528",4x4 y offroad,7.55694,-11.36528
Kamakwie y los ferris del Little Scarcies: acceso a Outamba-Kilimi,"media · Paso técnico — Kamakwie es la población más cercana al Parque Nacional de Outamba-Kilimi, a 15 km al sur, en el norte del país y cerca de la frontera guineana. Las carreteras principales de la zona cruzan el río Little Scarcies en dos ferris viejos que a veces se averían y cortan el tráfico durante días, sobre todo en la época de lluvias. El parque tiene campamento de tiendas, cocina y centro de visitantes, y organiza paseos guiados y en canoa. — Perro: no",,https://theawakeman.github.io/africa2027/paises/sierra-leona/#ox-3,"https://www.google.com/maps?q=9.49667,-12.24056",4x4 y offroad,9.49667,-12.24056
Frontera · BLOQUEADA para nosotros — Bo-Waterside / Jendema (desde Sierra Leona),"Frontera — Puesto principal del oeste, con tráfico comercial denso de camiones y autobuses. Operativo y funcional — pero no para un pasaporte español sin visado estampado previo: el visado electrónico liberiano solo se expide en el aeropuerto internacional de Monrovia, no en frontera terrestre. Con visado consular en mano, es el paso más lógico desde Sierra Leona.",,https://theawakeman.github.io/africa2027/paises/liberia/#logistica,"https://www.google.com/maps?q=7.01212,-11.37447",Frontera,7.01212,-11.37447
Frontera · BLOQUEADA para nosotros — Ganta / Nzérékoré (desde Guinea),"Frontera — Paso del noreste desde la Guinea forestal, marcado por el río Mano. Sería la entrada natural si Liberia se insertara entre Guinea y Costa de Marfil, que es exactamente el hueco que el proyecto ha tenido que cerrar saltando directo de Guinea a Costa de Marfil por N'Zo/Gbapleu. Mismo bloqueo de visado.",,https://theawakeman.github.io/africa2027/paises/liberia/#logistica,"https://www.google.com/maps?q=7.2333,-8.9833",Frontera,7.2333,-8.9833
"Frontera · Salida hipotética — Loguatuo / Ganta (hacia Danané, Costa de Marfil)","Frontera — Paso principal hacia el oeste marfileño. Sería la salida del corredor liberiano y el punto de reenganche con el trazado ya previsto de Costa de Marfil. POR CONFIRMAR horarios y sellado de CPD. Coordenada corregida sobre el pueblo de Loguatuo (OpenStreetMap); antes caía 22,6 km al este, ya en territorio marfileño.",,https://theawakeman.github.io/africa2027/paises/liberia/#logistica,"https://www.google.com/maps?q=7.23933,-8.36691",Frontera,7.23933,-8.36691
Embajada de Liberia en Conakry (Guinea) · LA VÍA DE SOLUCIÓN,"Consular — PIEZA CLAVE DE ESTA FICHA. Liberia mantiene embajada en Conakry, en Freetown, en Abiyán, en Accra y en Dakar. Cualquiera de ellas puede, en principio, estampar un visado en el pasaporte antes de llegar a la frontera terrestre, que es exactamente lo que el visado electrónico no resuelve. Conakry es la más útil para nosotros porque el corredor del proyecto pasa por allí, y porque coincide con la parada donde ya hay que tramitar otros visados del bloque. POR CONFIRMAR por teléfono o correo: si expide a extranjeros NO residentes en Guinea, requisitos, plazo de tramitación y coste. Coordenada corregida sobre el nodo office=diplomatic «Embassy of Liberia» de OpenStreetMap, en la comuna de Ratoma (Conakry); confirmar el número de calle al llamar.",,https://theawakeman.github.io/africa2027/paises/liberia/#logistica,"https://www.google.com/maps?q=9.59904,-13.65485",Consulado,9.59904,-13.65485
Embajada de Liberia en París (cubre España),"Consular — Liberia NO tiene embajada en España: la demarcación corresponde a su embajada en París, que cubre además Bulgaria, Chipre, Grecia, Mónaco, Portugal, Suiza y la UNESCO. Es la vía para sacar el visado ANTES de salir de Barcelona. El problema es de calendario, no de trámite: un visado turístico suele tener una ventana de validez de tres meses desde su emisión, y Liberia caería en el tercer o cuarto mes de la bajada — es decir, probablemente caducado antes de llegar. POR CONFIRMAR si existe una modalidad de validez larga o de entrada diferida. Dirección: 12 Place du Général Catroux, 75017 París · +33 1 47 63 58 55 · contact@embassyofliberia-paris.org. Coordenada corregida sobre el edificio.",,https://theawakeman.github.io/africa2027/paises/liberia/#logistica,"https://www.google.com/maps?q=48.88279,2.31135",Consulado,48.88279,2.31135
Embajada de España en Abidjan (cobertura de Liberia),"Consular — Impasse Ablaha Pokou, Cocody Danga Nord, Abiyán. +225 22 44 48 50 · emb.abidjan@maec.es. España no tiene embajada en Monrovia desde 1990: la referencia consular para cualquier incidencia grave en Liberia está en Costa de Marfil.",,https://theawakeman.github.io/africa2027/paises/liberia/#logistica,"https://www.google.com/maps?q=5.34617,-4.00593",Consulado,5.34617,-4.00593
John F. Kennedy Medical Center — Monrovia,"Hospital — Principal hospital de referencia del país. Capacidad limitada para politraumatismos graves; la evacuación realista es a Accra, a Dakar o a Europa. Coordenada urbana aproximada.",,https://theawakeman.github.io/africa2027/paises/liberia/#logistica,"https://www.google.com/maps?q=6.29,-10.76",Hospital,6.29,-10.76
Ganta Hospital — Nimba,Hospital — Atiende a unas 450.000 personas del condado de Nimba y de la región fronteriza: la única referencia sanitaria seria de todo el noreste.,,https://theawakeman.github.io/africa2027/paises/liberia/#logistica,"https://www.google.com/maps?q=7.2333,-8.9833",Hospital,7.2333,-8.9833
Combustible · Monrovia,"Combustible — Mejor oferta y calidad del país (Total, Aminata, Srimex/LPRC). Repostar a fondo aquí antes de cualquier tramo interior o del sureste.",,https://theawakeman.github.io/africa2027/paises/liberia/#logistica,"https://www.google.com/maps?q=6.3131,-10.8014",Combustible,6.3131,-10.8014
"Combustible · Buchanan, Gbarnga, Ganta, Zwedru",Combustible — Estaciones formales en las ciudades del eje asfaltado Monrovia-Gbarnga-Ganta y en Buchanan. Zwedru tiene suministro pero irregular. Buchanan es el último repostaje seguro antes del sureste.,,https://theawakeman.github.io/africa2027/paises/liberia/#logistica,"https://www.google.com/maps?q=5.88,-10.05",Combustible,5.88,-10.05
"Combustible · sureste (Greenville, Harper) — INCIERTO","Combustible — AVISO SERIO: entre Buchanan y Harper, pasando por Greenville, no hay ninguna garantía de suministro formal y buena parte del combustible se compra en garrafa a pie de carretera. Con los ~600 km de vía costera del sureste en el estado en que están, este es el tramo de mayor riesgo logístico de todo el país. Autonomía completa y garrafas llenas desde Buchanan.",,https://theawakeman.github.io/africa2027/paises/liberia/#logistica,"https://www.google.com/maps?q=5.0167,-9.0333",Combustible,5.0167,-9.0333
Agua de servicio · Robertsport Surf Club Beach,"Agua de servicio — [DUCHAS; LLENADO CONDICIONAL] Torre, pozo, baños y camping publicados; reseñas de 2026 confirman duchas. Pedir permiso y litros: no consta una recarga libre. Acceso final de arena para 4x4.",,https://theawakeman.github.io/africa2027/paises/liberia/#agua-combustible,"https://www.google.com/maps?q=6.7522,-11.3799",Agua de servicio,6.7522,-11.3799
Agua de servicio · Kpatawee Waterfalls Ecolodge,"Agua de servicio — [DUCHAS; LLENADO CONDICIONAL] Ecolodge activo con camping, aparcamiento seguro y duchas; reservar y acordar litros y método. No captar de la cascada para el depósito.",,https://theawakeman.github.io/africa2027/paises/liberia/#agua-combustible,"https://www.google.com/maps?q=7.12236,-9.64077",Agua de servicio,7.12236,-9.64077
Ganta: arranque de la pista a Loguatuo (Costa de Marfil),"media · Pista 4x4 — Ganta es el nudo del noreste liberiano, al final de la carretera asfaltada desde Monrovia y junto a la frontera guineana. Hacia el este sale la pista a Loguatuo, el paso hacia Danané y Man: una guía de viajeros la describe como una pista de tierra con roderas que empeora rápidamente, y el tramo marfileño hasta Danané como malo y bacheado, con controles policiales. Se incluye como referencia: Liberia está fuera de la ruta por el visado. — Perro: con condiciones",,https://theawakeman.github.io/africa2027/paises/liberia/#ox-1,"https://www.google.com/maps?q=7.23349,-8.98605",4x4 y offroad,7.23349,-8.98605
Greenville: fin de la carretera hacia Sapo,"difícil · Pista 4x4 — Sapo es el gran parque de selva primaria de Liberia, cerca de Greenville, pero no hay carreteras que entren en él: solo se visita a pie y con autorización previa de la Forestry Development Authority. Se incluye para dejar claro que el 4x4 llega solo hasta Greenville o el borde del parque. En la época de lluvias los ríos pueden subir más de 4 metros en una noche. — Perro: no",,https://theawakeman.github.io/africa2027/paises/liberia/#ox-2,"https://www.google.com/maps?q=5.01537,-9.03776",4x4 y offroad,5.01537,-9.03776
Zwedru: el eje de laterita del sureste,"difícil · Paso técnico — Zwedru es la capital de Grand Gedeh y el nudo del interior sureste entre Ganta y Harper. Solo un 10 % de la red liberiana está asfaltada (fin de 2024) y las carreteras sin asfaltar del interior están, en general, en mal estado. FCDO avisa de que muchas se vuelven intransitables en la época de lluvias. Se incluye como aviso, no como destino. — Perro: sin dato",,https://theawakeman.github.io/africa2027/paises/liberia/#ox-3,"https://www.google.com/maps?q=6.06494,-8.13932",4x4 y offroad,6.06494,-8.13932
Frontera · Entrada bajada — Gbapleu / N'Zoo (desde Guinea),"Frontera — Paso principal del oeste, en el eje Nzérékoré–Lola–N'Zoo (Guinea) → Gbapleu–Danané (Costa de Marfil). Los 48 km entre la frontera y Danané están asfaltados desde 2017; el lado guineano (Lola–N'Zoo, 32 km) sigue en obras y en muy mal estado, y el tramo Sérédou–Nzérékoré está descrito por la prensa guineana como «nidos de elefante» (~4 h para 97 km). Zona de triple frontera Costa de Marfil–Guinea–Liberia: no desviarse hacia el sur. ATENCIÓN: el visado marfileño NO se puede sacar aquí — hay que llevarlo ya estampado desde la embajada de Conakry. GEOMETRÍA DEL PASO (nodos OSM verificados, coherente con la ficha de Guinea): esta coordenada es ahora el PUEBLO MARFILEÑO DE GBAPLEU (7,57104 / -8,32829), en el lado marfileño de la raya y a unos 40 km en línea recta de Danané (48 km de carretera). Del lado guineano, 4,7 km al noreste, está el Poste Frontière (7,60982 / -8,31122); 1,3 km más al norte la Police aux frontières (7,62060 / -8,30528); y 6 km más allá las Douanes, dentro del pueblo de N'Zoo (7,67720 / -8,31470). Son tres paradas guineanas repartidas en unos 8 km. OSM no cartografía ningún puesto del lado marfileño: el pin marca el pueblo, no la barrera. CUIDADO CON LOS HOMÓNIMOS: hay otros dos «Gbapleu» en el país —un pueblo junto a Duékoué (6,47932 / -7,15838) y un barrio de Man (7,40723 / -7,52887)—; el punto anterior de la ficha caía a 53 km de éste, en despoblado.",,https://theawakeman.github.io/africa2027/paises/costa-de-marfil/#logistica,"https://www.google.com/maps?q=7.57104,-8.32829",Frontera,7.57104,-8.32829
Frontera · Salida bajada — Noé / Elubo (hacia Ghana),"Frontera — El paso más transitado de toda África occidental francófona-anglófona: carretera asfaltada en buen estado a ambos lados y puente sobre el río Tanoé. Horario habitual 06:00–18:00. Cambio de franco CFA a cedi, cambio de conducción no (ambos por la derecha) pero sí de idioma administrativo. Presentar Carte Brune CEDEAO, CPD y certificado de fiebre amarilla. Coordenada corregida sobre el nodo OSM «Poste frontière de Noé» (la barrera marfileña): el «Poste frontière de Elubo» ghanés queda 740 m al este, al otro lado del puente, y la sous-préfecture de Noé 680 m al noroeste. El punto anterior caía 19 km al sur, sobre el cordón litoral.",,https://theawakeman.github.io/africa2027/paises/costa-de-marfil/#logistica,"https://www.google.com/maps?q=5.28994,-2.78675",Frontera,5.28994,-2.78675
Frontera · Entrada subida — Soko / Sampa (desde Ghana),"Frontera — Paso interior del este: Sampa (región de Bono, Ghana) del lado ghanés, Soko del lado marfileño, camino de Bondoukou. La evaluación logística del Logistics Cluster lo documenta como puesto formal abierto TODOS LOS DÍAS de 06:00 a 18:00, sin cierres anuales, con tráfico modesto (~10 camiones y ~20 vehículos privados al día) y aduana de tramitación MANUAL, no informatizada — es decir, lento pero sin colas. Sampa tiene siete gasolineras y mercado los lunes; Tema Port queda a 520 km. Se elige expresamente para no repetir Noé en la subida. CONFIRMAR que la aduana marfileña de Soko puede tramitar el passavant/CPD de un vehículo extranjero; alternativa de respaldo: Takikro/Tanoso o volver a Noé. Coordenada corregida sobre el nodo OSM «Poste Frontière de Soko»: el pueblo de Soko queda 500 m al noroeste, su aeródromo 4,5 km al noroeste y Sampa 7 km al sureste.",,https://theawakeman.github.io/africa2027/paises/costa-de-marfil/#logistica,"https://www.google.com/maps?q=7.98753,-2.73859",Frontera,7.98753,-2.73859
Frontera · Salida subida — Sipilou (hacia Guinea),"Frontera — Segundo paso marfileño hacia Guinea, al norte del de Gbapleu, en el departamento de Biankouma; figura en la evaluación logística del Logistics Cluster como puesto fronterizo formal. Da a la región guineana de Beyla/Sinko. Pista y asfalto degradado, menos tráfico y menos servicios que Gbapleu — pero es lo que permite que la subida no repita el paso de la bajada. CONFIRMAR horario, existencia de aduana con capacidad de tramitar CPD y estado de la pista 72 h antes. COORDENADA CORREGIDA: los trámites marfileños NO están en la raya sino en el extremo sur del propio pueblo de SIPILOU —OSM cartografía ahí el «Poste Frontière» (comisaría, 7,85747 / -8,10995), con la Douane y el Poste de Contrôle Sanitaire de Sipilou 260-270 m al norte y la mairie, la préfecture y la gare routière a 1-1,25 km al noreste—. Es una buena noticia: hay aduana y sanidad cartografiadas. El punto anterior caía 16 km al norte, en despoblado.",,https://theawakeman.github.io/africa2027/paises/costa-de-marfil/#logistica,"https://www.google.com/maps?q=7.85747,-8.10995",Frontera,7.85747,-8.10995
Embajada de España en Abiyán,"Consular — Impasse Ablaha Pokou, Cocody Danga Nord, 08 B.P. 876 — Abidjan 08. Tel. +225 27 22 44 48 50 y +225 27 22 44 45 77 · fax 27 22 44 71 22 · emb.abidjan@maec.es. Urgencia consular fuera de horario: +225 07 07 42 57 89. Dirección y teléfonos VERIFICADOS en exteriores.gob.es (la numeración marfileña pasó a 10 cifras: los números antiguos de 8 cifras que circulan por la red ya no marcan). Demarcación: Costa de Marfil y LIBERIA —España no tiene embajada en Monrovia—; la ficha decía antes que cubría Guinea y la web del Ministerio no lo dice. Es el punto consular de referencia de todo este tramo del viaje. Coordenada corregida sobre el nodo office=diplomatic «Embassy of Spain» de OpenStreetMap, la misma que ya usa la ficha de Liberia.",,https://theawakeman.github.io/africa2027/paises/costa-de-marfil/#logistica,"https://www.google.com/maps?q=5.34617,-4.00593",Consulado,5.34617,-4.00593
CHU de Cocody — Abiyán,"Hospital — Centro Hospitalario Universitario de Cocody, referencia de la capital económica y la mejor capacidad de urgencias graves de la subregión junto con la PISAM (clínica privada de Cocody, la opción habitual para extranjeros). Coordenada urbana aproximada.",,https://theawakeman.github.io/africa2027/paises/costa-de-marfil/#logistica,"https://www.google.com/maps?q=5.355,-3.985",Hospital,5.355,-3.985
Hospital regional de Man,"Hospital — Centre Hospitalier Régional de Man, en el barrio de Thérèse, entre el estadio de Man (270 m) y el mercado (350 m); OSM lo da abierto 24 h. Referencia hospitalaria del bloque de montaña del oeste (Nimba, Dent de Man, Tonkoui, puentes de lianas). Capacidad limitada: para algo grave, evacuación a Abiyán. Coordenada corregida: antes marcaba el centro de Man, ahora el recinto del hospital (vía OSM 786544752), 900 m al suroeste.",,https://theawakeman.github.io/africa2027/paises/costa-de-marfil/#logistica,"https://www.google.com/maps?q=7.40638,-7.54781",Hospital,7.40638,-7.54781
CHU de Bouaké,Hospital — Centro hospitalario universitario del centro del país y única referencia seria del corredor de subida entre Abiyán y el norte.,,https://theawakeman.github.io/africa2027/paises/costa-de-marfil/#logistica,"https://www.google.com/maps?q=7.6906,-5.03",Hospital,7.6906,-5.03
Combustible · Danané / Man,"Combustible — Primer repostaje formal tras la frontera de Guinea (Total, Petro Ivoire, Ola Energy). Llenar a fondo en Man antes de las pistas de montaña y del desvío al Nimba: fuera de las ciudades del oeste la oferta es informal y de calidad dudosa.",,https://theawakeman.github.io/africa2027/paises/costa-de-marfil/#logistica,"https://www.google.com/maps?q=7.4125,-7.5539",Combustible,7.4125,-7.5539
Combustible · Daloa / Yamoussoukro,"Combustible — Eje central con la mejor red del interior; Yamoussoukro es además el mejor punto para repostar antes de bajar hacia Gagnoa, Soubré y el bloque forestal de Taï.",,https://theawakeman.github.io/africa2027/paises/costa-de-marfil/#logistica,"https://www.google.com/maps?q=6.8097,-5.2758",Combustible,6.8097,-5.2758
Combustible · Soubré y San-Pédro (bloque de Taï),"Combustible — Soubré es la última plaza formal antes de las pistas forestales de Taï por el norte, y San-Pédro —segundo puerto del país, con talleres, recambios y hospital— lo es por el sur al salir del parque hacia la costa. Entre ambos, dentro del bloque forestal, la oferta es escasa: entrar con depósitos llenos y garrafas.",,https://theawakeman.github.io/africa2027/paises/costa-de-marfil/#logistica,"https://www.google.com/maps?q=4.7485,-6.6363",Combustible,4.7485,-6.6363
Combustible · Abiyán,"Combustible — Mejor oferta y mejor calidad del país, con diferencia. Repostar a fondo aquí antes del tramo final a Ghana y, en la subida, al volver a entrar en el país.",,https://theawakeman.github.io/africa2027/paises/costa-de-marfil/#logistica,"https://www.google.com/maps?q=5.325,-4.02",Combustible,5.325,-4.02
Combustible · Bondoukou / Bouaké / Korhogo (eje de subida),"Combustible — Tres plazas formales bien espaciadas en el corredor de subida (Bondoukou ~330 km de Bouaké, Bouaké ~230 km de Korhogo). Bouaké es la mejor de las tres para talleres y recambios.",,https://theawakeman.github.io/africa2027/paises/costa-de-marfil/#logistica,"https://www.google.com/maps?q=7.6906,-5.03",Combustible,7.6906,-5.03
Combustible · Séguéla (último del oeste en la subida),"Combustible — Última estación formal fiable antes de Touba, Biankouma y la frontera de Sipilou. Salir de aquí con depósitos y garrafas llenos: el tramo final de la subida tiene oferta escasa e irregular.",,https://theawakeman.github.io/africa2027/paises/costa-de-marfil/#logistica,"https://www.google.com/maps?q=7.9611,-6.6731",Combustible,7.9611,-6.6731
Base canina · Abiyán (veterinarios y residencias),"Consular — Abiyán concentra clínicas veterinarias de nivel europeo y residencias caninas — según el dosier canino del proyecto, el mejor punto de respiro del perro en toda África occidental. Es también donde hay que dejarlo si se entra en el Parque Nacional de Taï o en el de la Comoé. Coordenada aproximada de la zona de Cocody/Deux-Plateaux.",,https://theawakeman.github.io/africa2027/paises/costa-de-marfil/#logistica,"https://www.google.com/maps?q=5.345,-3.99",Consulado,5.345,-3.99
Agua de servicio · Anunu Eco Surf Camp,"Agua de servicio — [TOMA PARA GARRAFAS; DEPÓSITO CONDICIONAL] Camping con grifo y ducha artesanal publicados. No hay reseñas que acrediten volumen o manguera: llamar, pedir litros y tratar para consumo.",,https://theawakeman.github.io/africa2027/paises/costa-de-marfil/#agua-combustible,"https://www.google.com/maps?q=4.9182,-6.1441",Agua de servicio,4.9182,-6.1441
Agua de servicio · Chez Raymond et Perico (Lateko),Agua de servicio — [SOLO DUCHA DE CUBO] Camping activo con reseña de diciembre de 2025. Ducha y WC funcionan con cubo; no consta llenado del vehículo. Llegar con reserva.,,https://theawakeman.github.io/africa2027/paises/costa-de-marfil/#agua-combustible,"https://www.google.com/maps?q=4.9066,-6.1647",Agua de servicio,4.9066,-6.1647
Agua de servicio · Green Land / 4x4 Garage CI (Yaou),Agua de servicio — [SOLO DUCHA; SIN AGUA CORRIENTE] El vigilante transporta agua para ducha y baño. No es una recarga. Contactar previamente con 4x4 Garage CI en Abiyán.,,https://theawakeman.github.io/africa2027/paises/costa-de-marfil/#agua-combustible,"https://www.google.com/maps?q=5.1763,-3.6191",Agua de servicio,5.1763,-3.6191
Mont Tonkpi (Tonkoui): pista a la cumbre,"media · Pista 4x4 — Es el techo de Costa de Marfil (1.189 m), en la región de las Dieciocho Montañas, junto a Man. Una pista sube hasta la cumbre, donde hay antenas y tres aldeas en la ladera. Según una viajera que la hizo en 4x4 en 2022-2023, el 4x4 es realmente necesario por los baches y los peraltes; otra fuente de 2019 habla de hora y media para 16 km. Es la subida en pista más clara del oeste marfileño y tiene vistas sobre toda la región. — Perro: sí",,https://theawakeman.github.io/africa2027/paises/costa-de-marfil/#ox-1,"https://www.google.com/maps?q=7.4541,-7.637",4x4 y offroad,7.4541,-7.637
Taï: arranque de la pista Taï–Tabou (franja fronteriza con Liberia),media · Pista 4x4 — Taï es el pueblo de acceso norte al Parque Nacional de Taï (la base para ver mangabeyes) y el punto donde la carretera desde Guiglo se convierte en la pista que baja hacia Tabou y la costa. Una viajera en 4x4 (dic. 2022-ene. 2023) hizo Guiglo–Tabou–Grand-Béréby en tres días por esta pista. Se incluye como aviso: está en plena franja fronteriza desaconsejada. — Perro: con condiciones,,https://theawakeman.github.io/africa2027/paises/costa-de-marfil/#ox-2,"https://www.google.com/maps?q=5.87366,-7.45519",4x4 y offroad,5.87366,-7.45519
Anamoué: tramo de barro de la pista Taï–Tabou,"difícil · Paso técnico — Es el punto más duro de la pista entre Taï y la costa según la viajera de 2022-2023: pasos de barro profundo en plena estación seca, con dos camiones atascados que cortaban el paso. Lo resolvieron con un desvío por dentro de una plantación privada de palma. Es un paso de barro, no de arena. — Perro: sin dato",,https://theawakeman.github.io/africa2027/paises/costa-de-marfil/#ox-3,"https://www.google.com/maps?q=5.2,-7.35",4x4 y offroad,5.2,-7.35
Djouroutou: acceso sur al Parque Nacional de Taï (chimpancés),"media · Oasis o bivac — Djouroutou es el pueblo de la entrada sur del parque, base del grupo de chimpancés habituados; desde allí se camina unas 2 horas hasta el campamento. El alojamiento de referencia es el antiguo Ecotel Touraco, hoy Taï Lodge. Las únicas visitas oficiales son las de Ecotourisme Taï con la OIPR, siempre con guía; para ver chimpancés hace falta tener 16 años o más. — Perro: sin dato",,https://theawakeman.github.io/africa2027/paises/costa-de-marfil/#ox-4,"https://www.google.com/maps?q=5.36758,-7.28412",4x4 y offroad,5.36758,-7.28412
Parque Nacional de la Comoé (entrada sur de Kakpin): desaconsejado,media · Pista 4x4 — Es el gran parque de sabana del norte marfileño (UNESCO) y el clásico de pistas 4x4 del país. Se incluye solo como aviso: hoy no forma parte de la ruta. La coordenada es la de la puerta sur de Kakpin que usa el PDI general. — Perro: no,,https://theawakeman.github.io/africa2027/paises/costa-de-marfil/#ox-5,"https://www.google.com/maps?q=8.65506,-3.78235",4x4 y offroad,8.65506,-3.78235
Frontera · Entrada bajada — Elubo / Noé (desde Costa de Marfil),"Frontera — Paso costero principal y el más transitado entre los dos países; carretera pavimentada en buen estado y puente sobre el río Tanoé. Horario declarado 06:00-18:00 (llegar temprano). Otros overlanders lo describen como uno de los cruces más sencillos de África occidental: unos 40 minutos en total, procesamiento biométrico digital, 60 días de estancia concedidos y ningún pago informal. Carnet de paso (CPD) muy recomendable — sin él Ghana exige garantía o depósito aduanero. Piden el permiso internacional de conducir. Cajeros operativos justo después del paso (Ghana usa cedis, no francos CFA).",,https://theawakeman.github.io/africa2027/paises/ghana/#logistica,"https://www.google.com/maps?q=5.28993,-2.78494",Frontera,5.28993,-2.78494
Frontera · Salida bajada — Aflao (hacia Togo/Lomé),"Frontera — Paso urbano integrado en la conurbación Aflao-Lomé, el de mayor volumen peatonal y comercial de la subregión. Prever demoras y mucho gentío; llevar toda la documentación a mano y el vehículo cerrado. Horario amplio, pero cruzar por la mañana.",,https://theawakeman.github.io/africa2027/paises/ghana/#logistica,"https://www.google.com/maps?q=6.1129,1.19913",Frontera,6.1129,1.19913
Frontera · Entrada subida — Akanu / Noépé (puesto conjunto Togo–Ghana),"Frontera — Puesto fronterizo conjunto CEDEAO Noépé–Akanu, confirmado por documentación institucional y por su ficha de Google Maps. El pin anterior estaba desplazado unos 50 km hacia Kpalimé. Da acceso a la región Volta por Dzodze y Ho, pero no debe describirse como un paso directo Ho–Kpalimé. Confirmar horario, tramitación del CPD y operación 72 h antes.",,https://theawakeman.github.io/africa2027/paises/ghana/#logistica,"https://www.google.com/maps?q=6.25722,1.02986",Frontera,6.25722,1.02986
"Frontera · Salida subida — Sampa (hacia Bondoukou, Costa de Marfil)","Frontera — Paso del noroeste, en la región Bono, hacia Bondoukou; menos transitado que Elubo. La coordenada procede de documentación oficial de infraestructura fronteriza de Ghana, ya que Google Maps no ofrece una ficha canónica inequívoca. POR CONFIRMAR: horario real, tramitación del CPD y admisión del visado marfileño. Alternativa más al sur: Dormaa Ahenkro.",,https://theawakeman.github.io/africa2027/paises/ghana/#logistica,"https://www.google.com/maps?q=7.95783,-2.70747",Frontera,7.95783,-2.70747
Embajada de España en Accra (acreditada también en Togo),"Consular — Drake Avenue Extension, Airport Residential Area, P.M.B. KA 44, Accra. Verificar teléfonos en Exteriores antes del viaje. Coordenada contrastada con la ficha de Google Maps de la Embajada de España.",,https://theawakeman.github.io/africa2027/paises/ghana/#logistica,"https://www.google.com/maps?q=5.60659,-0.17818",Consulado,5.60659,-0.17818
Korle Bu Teaching Hospital — Accra,Hospital — Principal hospital universitario del país y mejor capacidad de urgencias de todo el tramo de África occidental. Coordenada urbana aproximada.,,https://theawakeman.github.io/africa2027/paises/ghana/#logistica,"https://www.google.com/maps?q=5.5364,-0.227",Hospital,5.5364,-0.227
Komfo Anokye Teaching Hospital — Kumasi,Hospital — Hospital universitario de referencia en Kumasi. La coordenada corresponde a la ficha del complejo en Google Maps; confirmar urgencias y cobertura con el seguro antes del viaje.,,https://theawakeman.github.io/africa2027/paises/ghana/#logistica,"https://www.google.com/maps?q=6.69752,-1.62919",Hospital,6.69752,-1.62919
Tamale Teaching Hospital — Tamale,Hospital — Hospital universitario de referencia en Tamale. Se retira la afirmación absoluta de que sea la única capacidad real del norte. La coordenada corresponde a la ficha del hospital en Google Maps.,,https://theawakeman.github.io/africa2027/paises/ghana/#logistica,"https://www.google.com/maps?q=9.39301,-0.82348",Hospital,9.39301,-0.82348
Sekondi-Takoradi · servicios de la costa oeste,"Combustible — Tercera plaza del país y capital petrolera: combustible, talleres, recambios, neumáticos, supermercados y hospital. Punto de servicios entre Elubo y Cape Coast, y base para Busua y Cape Three Points.",,https://theawakeman.github.io/africa2027/paises/ghana/#logistica,"https://www.google.com/maps?q=4.8974,-1.7604",Combustible,4.8974,-1.7604
Ho · base de la región Volta (subida),"Combustible — Capital de la región Volta y base de servicios del bloque de excursiones a pie (Amedzofe, Tafi Atome, Wli, Afadjato): combustible, hospital regional, bancos y alojamiento con aparcamiento.",,https://theawakeman.github.io/africa2027/paises/ghana/#logistica,"https://www.google.com/maps?q=6.61015,0.47855",Combustible,6.61015,0.47855
Tamale · base logística del norte,"Combustible — Cuarta ciudad del país y ÚLTIMA plaza de servicios completos antes de Mole y del extremo norte: combustible formal, talleres, hospital, mercado, bancos. Lo que no se consiga aquí, no se consigue hasta Bolgatanga o ya en Costa de Marfil.",,https://theawakeman.github.io/africa2027/paises/ghana/#logistica,"https://www.google.com/maps?q=9.4008,-0.8393",Combustible,9.4008,-0.8393
Bolgatanga · extremo norte,"Combustible — Capital de la región Alto Oriental, base para Paga, Sirigu y Tongo Hills; combustible y servicios básicos, oferta más limitada que Tamale.",,https://theawakeman.github.io/africa2027/paises/ghana/#logistica,"https://www.google.com/maps?q=10.7856,-0.8514",Combustible,10.7856,-0.8514
Combustible · Elubo (frontera),"Combustible — Estaciones en el propio puesto fronterizo (GOIL, Total/TotalEnergies); repostar al entrar si el depósito no viene lleno de Costa de Marfil.",,https://theawakeman.github.io/africa2027/paises/ghana/#logistica,"https://www.google.com/maps?q=5.28993,-2.78494",Combustible,5.28993,-2.78494
Combustible · Cape Coast / Elmina,"Combustible — Buena oferta en el eje costero histórico, entre Takoradi y Accra.",,https://theawakeman.github.io/africa2027/paises/ghana/#logistica,"https://www.google.com/maps?q=5.1053,-1.2466",Combustible,5.1053,-1.2466
Combustible · Accra,"Combustible — Mejor oferta y calidad del país (GOIL, TotalEnergies, Shell/Vivo, Star Oil); repostar a fondo antes del tramo final hacia Aflao y también al empezar la subida.",,https://theawakeman.github.io/africa2027/paises/ghana/#logistica,"https://www.google.com/maps?q=5.5471,-0.1942",Combustible,5.5471,-0.1942
Combustible · Kumasi,Combustible — Segunda mejor oferta del país; repostar a fondo antes de subir al norte.,,https://theawakeman.github.io/africa2027/paises/ghana/#logistica,"https://www.google.com/maps?q=6.6885,-1.6244",Combustible,6.6885,-1.6244
Combustible · Damongo / Larabanga (puerta de Mole),Combustible — Última oferta formal antes del parque; irregular en Larabanga. Llegar con depósito lleno desde Tamale (~150 km) y llevar garrafa de reserva.,,https://theawakeman.github.io/africa2027/paises/ghana/#logistica,"https://www.google.com/maps?q=9.0833,-1.8167",Combustible,9.0833,-1.8167
Combustible · Wa y eje Bole-Sampa (salida a Costa de Marfil),Combustible — Oferta escasa e irregular en todo el eje Bole-Wenchi-Sampa: salir con depósitos y garrafas llenos de Tamale o Kumasi. POR CONFIRMAR sobre el terreno. Coordenada aproximada (Bole).,,https://theawakeman.github.io/africa2027/paises/ghana/#logistica,"https://www.google.com/maps?q=9.1667,-2.4833",Combustible,9.1667,-2.4833
Agua de servicio · Organic Beach Resort (Elonyi),Agua de servicio — [AGUA Y DUCHA; DEPÓSITO CONDICIONAL] Camping activo con reseñas de 2026. El agua y la ducha son para clientes; acordar litros y método porque no consta llenado con manguera.,,https://theawakeman.github.io/africa2027/paises/ghana/#agua-combustible,"https://www.google.com/maps?q=4.9809,-2.5628",Agua de servicio,4.9809,-2.5628
Agua de servicio · grifo Benab Oil (Akumadan),"Agua de servicio — [RECARGA DE DEPÓSITO PUBLICADA; NO POTABLE] Grifo tras la estación, frente a la mezquita. Punto de 2025 sin reseñas: comprobar funcionamiento y no bloquear.",,https://theawakeman.github.io/africa2027/paises/ghana/#agua-combustible,"https://www.google.com/maps?q=7.3927,-1.9417",Agua de servicio,7.3927,-1.9417
Agua de servicio · grifos Benab Oil (Kintampo),Agua de servicio — [RECARGA DE DEPÓSITO PUBLICADA; NO POTABLE] Grifos de autoservicio a la derecha de la mezquita. Punto de 2025 sin reseñas: verificar antes de depender de él.,,https://theawakeman.github.io/africa2027/paises/ghana/#agua-combustible,"https://www.google.com/maps?q=8.0771,-1.7143",Agua de servicio,8.0771,-1.7143
Agua de servicio · grifo de gasolinera (Sawla),Agua de servicio — [RECARGA DE DEPÓSITO PUBLICADA] Grifo en la pared de la estación; boquilla no estándar. Punto de 2025 sin reseñas: llevar adaptadores y no asumir potabilidad.,,https://theawakeman.github.io/africa2027/paises/ghana/#agua-combustible,"https://www.google.com/maps?q=9.2695,-2.4084",Agua de servicio,9.2695,-2.4084
Agua de servicio · Wli Water Heights Hotel,"Agua de servicio — [AGUA Y DUCHAS; DEPÓSITO CONDICIONAL] Camping para vehículos con agua y sanitarios publicados. Ficha de 2025 sin reseñas: reservar y acordar litros, toma y acceso de los dos 4x4.",,https://theawakeman.github.io/africa2027/paises/ghana/#agua-combustible,"https://www.google.com/maps?q=7.1218,0.5868",Agua de servicio,7.1218,0.5868
Shai Hills Resource Reserve: pistas de tierra con guía a bordo,"fácil · Pista 4x4 — Es una reserva de 51 km² de sabana y colinas graníticas con cuevas, a una hora de Accra. Se puede recorrer con el propio vehículo por caminos sin asfaltar, pero un guía de la reserva tiene que ir a bordo (hay que dejarle un asiento libre). Oficialmente se recomienda 4x4, aunque una viajera la recorrió en un turismo. Es la manera más fácil de rodar por tierra con el 4x4 en el tramo de Accra. — Perro: sin dato",,https://theawakeman.github.io/africa2027/paises/ghana/#ox-1,"https://www.google.com/maps?q=5.90944,0.06528",4x4 y offroad,5.90944,0.06528
Larabanga: arranque de la pista a Mole,"fácil · Pista 4x4 — Larabanga, con su mezquita de barro, es el cruce donde se deja la carretera para entrar en el Parque Nacional de Mole. Según Wikipedia, se entra por Larabanga, a unos 24 km de Damongo. El tramo final hasta el motel es de tierra y Wikivoyage lo describe como malo; Roammate habla de laterita bacheada desde Tamale (3-4 h), aunque Wikivoyage dice que desde Tamale está asfaltada. — Perro: sí",,https://theawakeman.github.io/africa2027/paises/ghana/#ox-2,"https://www.google.com/maps?q=9.22035,-1.85996",4x4 y offroad,9.22035,-1.85996
Mole: campamento junto al motel y safaris con ranger,fácil · Oasis o bivac — Es el parque más desarrollado de Ghana (4.840 km²) y el mejor sitio para ver elefantes del país. Se permite acampar junto al Mole Motel. No se puede conducir el propio vehículo por el parque: todos los safaris (a pie o en jeep) se contratan en la oficina y van con ranger armado obligatorio. En 4x4 el interés está en llegar y dormir dentro del parque. — Perro: sin dato,,https://theawakeman.github.io/africa2027/paises/ghana/#ox-3,"https://www.google.com/maps?q=9.26227,-1.85339",4x4 y offroad,9.26227,-1.85339
Frontera · Entrada bajada — Aflao/Kodjoviakopé (desde Ghana),"Frontera — Paso urbano integrado en la conurbación Aflao-Lomé, el más transitado de todo el golfo de Guinea occidental; menos de 1 km entre ambos puestos y a 5 km del centro de Lomé. Horario aproximado 06:00-18:00 (confirmar: el horario efectivo varía). Reputación consolidada de estafadores de cambio de moneda y de «ayudantes» no oficiales — usar solo casas de cambio autorizadas y no soltar nunca el pasaporte.",,https://theawakeman.github.io/africa2027/paises/togo/#logistica,"https://www.google.com/maps?q=6.1129,1.19913",Frontera,6.1129,1.19913
Frontera · Salida bajada — Hillacondji/Sanvee-Condji (hacia Benín),"Frontera — Puesto conjunto (yuxtapuesto) Togo-Benín a unos 21 km de Lomé, con los dos países tramitando en la misma instalación. Cruzar por la mañana: el tráfico comercial satura el mediodía.",,https://theawakeman.github.io/africa2027/paises/togo/#logistica,"https://www.google.com/maps?q=6.24035,1.63045",Frontera,6.24035,1.63045
"Frontera · Entrada subida — Ouaké (desde Benín, eje Djougou-Kara)","Frontera — Paso del eje Djougou-Kara, a 37 km de Djougou; según la evaluación logística del Logistics Cluster opera 24/7 salvo festivos nacionales de Benín, y exige seguro CEDEAO y laissez-passer del vehículo. Es la puerta natural del corredor interior de subida. POR CONFIRMAR el nombre exacto del puesto togolés al otro lado y su horario real en 2027.",,https://theawakeman.github.io/africa2027/paises/togo/#logistica,"https://www.google.com/maps?q=9.66336,1.3867",Frontera,9.66336,1.3867
"Frontera · Alternativa subida — Tohoun/Azovè (desde Benín, eje central)","Frontera — Paso interior sobre el eje Tohoun–Azovè y alternativa al corredor de Ouaké. La coordenada corresponde a la ficha «Poste frontière togolais» en Google Maps. Está más al sur que Ouaké, pero no se afirma que esté fuera de cualquier riesgo: revalidar seguridad, horario y trámite del vehículo.",,https://theawakeman.github.io/africa2027/paises/togo/#logistica,"https://www.google.com/maps?q=7.00609,1.63323",Frontera,7.00609,1.63323
"Frontera · Salida subida — Wli/Kpalimé (hacia Ghana, región del Volta)","Frontera — Paso menor de montaña junto a Wli. La coordenada corresponde a «Wli Border Ghana/Togo» en Google Maps; se descartó otro resultado homónimo situado muchos kilómetros al sur. Los relatos disponibles no sustituyen una confirmación oficial: verificar horario, aduana del vehículo y aceptación del CPD 72 h antes.",,https://theawakeman.github.io/africa2027/paises/togo/#logistica,"https://www.google.com/maps?q=7.11979,0.59351",Frontera,7.11979,0.59351
Frontera · Cinkassé (hacia Burkina Faso) — EXCLUIDA,"Frontera — Puesto fronterizo integrado del corredor Lomé-Uagadugú, en el extremo norte del país. FUERA DEL ITINERARIO: está en plena región de las Savanes, bajo estado de emergencia, y el cruce a Burkina Faso está desaconsejado para extranjeros.",,https://theawakeman.github.io/africa2027/paises/togo/#logistica,"https://www.google.com/maps?q=11.11529,0.00729",Frontera,11.11529,0.00729
Embajada de España en Accra (acreditada también en Togo),"Consular — Drake Av. Extension, Airport Residential Area, P.M.B. KA 44, Accra (Ghana). +233 302 77 40 04/05. Togo no tiene embajada española propia; gestionar cualquier trámite con margen desde Accra o desde el consulado honorario en Lomé, cuyo canal exacto hay que confirmar antes del viaje.",,https://theawakeman.github.io/africa2027/paises/togo/#logistica,"https://www.google.com/maps?q=5.60659,-0.17818",Consulado,5.60659,-0.17818
CHU Sylvanus Olympio — Lomé,Hospital — Hospital universitario de referencia en Lomé. La coordenada corresponde a la ficha del CHU Sylvanus Olympio en Google Maps.,,https://theawakeman.github.io/africa2027/paises/togo/#logistica,"https://www.google.com/maps?q=6.14381,1.20868",Hospital,6.14381,1.20868
CHU Kara — Kara,Hospital — Hospital universitario de referencia en Kara. Se retira la afirmación absoluta sobre la inexistencia de alternativas. La coordenada corresponde a la ficha del CHU Kara en Google Maps.,,https://theawakeman.github.io/africa2027/paises/togo/#logistica,"https://www.google.com/maps?q=9.56067,1.18097",Hospital,9.56067,1.18097
Combustible · Lomé,"Combustible — Mejor oferta y calidad del país (Togo Oil, Total, CM Oil, Sanol); repostar aquí antes o después de cualquiera de las dos fronteras costeras.",,https://theawakeman.github.io/africa2027/paises/togo/#logistica,"https://www.google.com/maps?q=6.1319,1.2228",Combustible,6.1319,1.2228
Combustible · Aného / Hillacondji,"Combustible — Estaciones formales en Aného, última plaza con oferta amplia antes de cruzar a Benín en la bajada.",,https://theawakeman.github.io/africa2027/paises/togo/#logistica,"https://www.google.com/maps?q=6.2333,1.6",Combustible,6.2333,1.6
Combustible · Kara,"Combustible — Plaza de servicios del norte: combustible formal, talleres y recambios básicos. Llenar aquí antes de cualquier desvío a Koutammakou o Sarakawa.",,https://theawakeman.github.io/africa2027/paises/togo/#logistica,"https://www.google.com/maps?q=9.5511,1.1861",Combustible,9.5511,1.1861
Combustible · Sokodé,Combustible — Parada intermedia obligada del eje N1 entre Kara y Atakpamé (~160 km hasta Atakpamé); estaciones formales y mercado.,,https://theawakeman.github.io/africa2027/paises/togo/#logistica,"https://www.google.com/maps?q=8.9833,1.1333",Combustible,8.9833,1.1333
Atakpamé · servicios del centro-sur,"Combustible — Capital de la región de los Plateaux sobre la N1, con combustible, hospital regional y hoteles; punto donde el corredor de subida abandona la nacional para bajar por el Litimé hacia Badou y Kpalimé.",,https://theawakeman.github.io/africa2027/paises/togo/#logistica,"https://www.google.com/maps?q=7.5333,1.1333",Combustible,7.5333,1.1333
Combustible · Kpalimé,Combustible — Última plaza con oferta razonable antes de la frontera de Wli y de las pistas de montaña de Klouto y Agou; la oferta en las aldeas de la sierra es nula.,,https://theawakeman.github.io/africa2027/paises/togo/#logistica,"https://www.google.com/maps?q=6.9,0.6333",Combustible,6.9,0.6333
Agua de servicio · Coco Beach Chez Antoine,Agua de servicio — [AGUA Y DUCHAS; DEPÓSITO CONDICIONAL] Camping para vehículos con servicios publicados. Punto de 2025 sin reseñas: llamar y acordar litros; el icono de agua no prueba llenado libre.,,https://theawakeman.github.io/africa2027/paises/togo/#agua-combustible,"https://www.google.com/maps?q=6.1666,1.3465",Agua de servicio,6.1666,1.3465
Agua de servicio · GoldenEye (Kpélé Élé),"Agua de servicio — [AGUA Y DUCHAS; DEPÓSITO CONDICIONAL] Camping para vehículos con agua y sanitarios indicados. Ficha de 2025 sin reseñas: confirmar litros, toma y acceso antes de desviarse.",,https://theawakeman.github.io/africa2027/paises/togo/#agua-combustible,"https://www.google.com/maps?q=7.2454,0.7669",Agua de servicio,7.2454,0.7669
Agua de servicio · grifo TotalEnergies (Mango),"Agua de servicio — [RECARGA DE DEPÓSITO PUBLICADA] Grifo al fondo de la estación de la N1. Punto de 2025 sin reseñas: comprobar servicio, pedir permiso y tratar el agua.",,https://theawakeman.github.io/africa2027/paises/togo/#agua-combustible,"https://www.google.com/maps?q=10.3387,0.4693",Agua de servicio,10.3387,0.4693
Fazao: entrada suroeste del Parque Nacional de Fazao-Malfakassa,"media · Pista 4x4 — Fazao es el pueblo de la zona suroeste del parque (1.920 km² de sabana arbolada, bosque de galería y colinas, entre las regiones Centrale y Kara). El Ministerio de Turismo togolés recomienda 4x4 para recorrerlo y ofrece safaris en 4x4, caminatas y observación de aves. También dice que el Fazao Parc Hôtel reabrió en 2025 tras unas obras y que hay lodges y zonas de acampada. Tras la salida de la Fondation Franz Weber en 2015 la gestión ha sido irregular, así que conviene no esperar mucha fauna. — Perro: sin dato",,https://theawakeman.github.io/africa2027/paises/togo/#ox-1,"https://www.google.com/maps?q=8.69465,0.77117",4x4 y offroad,8.69465,0.77117
Frontera · Entrada bajada — Hillacondji/Sanvee-Condji (desde Togo),"Frontera — Puesto conjunto (yuxtapuesto) Togo-Benín, con los dos países tramitando en la misma instalación, a 85 km de Cotonú. Cruzar por la mañana: el tráfico comercial satura el mediodía.",,https://theawakeman.github.io/africa2027/paises/benin/#logistica,"https://www.google.com/maps?q=6.24035,1.63045",Frontera,6.24035,1.63045
Frontera · Salida bajada — Sèmè-Kraké (hacia Nigeria),"Frontera — El paso más transitado de toda África occidental, a 20 km de Cotonú y en la puerta de Lagos: congestión permanente, controles múltiples (inmigración, aduana, sanidad, policía) y presión constante de intermediarios. Tramitar el e-Visa nigeriano ANTES de llegar: no existe visado de turismo en frontera. Cruzar a primerísima hora.",,https://theawakeman.github.io/africa2027/paises/benin/#logistica,"https://www.google.com/maps?q=6.37948,2.70392",Frontera,6.37948,2.70392
"Frontera · Entrada subida — Ilara/Kétou (desde Nigeria, eje interior)","Frontera — Paso interior Ilara–Kétou documentado por la estrategia de Nigeria Immigration Service y por relatos de cruce, pero sin ficha fronteriza canónica en Google Maps. El pin se sitúa en la aldea fronteriza de Illara cartografiada por OpenStreetMap, no en una garita inventada. NO usar como paso principal hasta confirmar por escrito horario, inmigración y cierre/apertura del permiso del vehículo; relatos antiguos sitúan parte de los trámites dentro de Kétou.",,https://theawakeman.github.io/africa2027/paises/benin/#logistica,"https://www.google.com/maps?q=7.4141,2.74541",Frontera,7.4141,2.74541
Frontera · Alternativa subida — Igolo/Idiroko (desde Nigeria),Frontera — Paso Igolo–Idiroko al norte de Porto-Novo y alternativa si Ilara/Kétou no resulta viable. La coordenada corresponde a la ficha «Benin Republic - Nigeria Border Crossing Station» en Google Maps. Confirmar que ambas aduanas pueden tramitar el vehículo extranjero y el visado aplicable; no se presupone que sea más ágil.,,https://theawakeman.github.io/africa2027/paises/benin/#logistica,"https://www.google.com/maps?q=6.63904,2.73291",Frontera,6.63904,2.73291
"Frontera · Salida subida — Ouaké (hacia Togo, eje Djougou-Kara)","Frontera — A 37 km de Djougou. Según la evaluación logística del Logistics Cluster opera 24 h los 7 días de la semana salvo festivos nacionales de Benín, y exige seguro CEDEAO y laissez-passer del vehículo; sin báscula en el puesto de aduanas. ⚠️ Está en el departamento de la Donga, que NO figura en las listas de «no viajar» (Atakora, Alibori, Borgou) pero sí dentro de la «mitad norte» que el Ministerio español desaconseja en bloque: revalidar antes de usarlo.",,https://theawakeman.github.io/africa2027/paises/benin/#logistica,"https://www.google.com/maps?q=9.66336,1.3867",Frontera,9.66336,1.3867
"Frontera · Alternativa subida — Azovè/Tohoun (hacia Togo, eje central)","Frontera — Paso interior muy al sur, sobre el eje Azovè-Tohoun, completamente fuera de cualquier zona de riesgo. Es el PLAN B del corredor de subida si la situación del norte desaconseja subir hasta Djougou: obliga a acortar el corredor interior (se pierden Bassila, Djougou y Taneka) pero mantiene Kétou, Savè, Dassa, Savalou y Abomey.",,https://theawakeman.github.io/africa2027/paises/benin/#logistica,"https://www.google.com/maps?q=7.00609,1.63323",Frontera,7.00609,1.63323
Consulado General de España en Lagos (demarcación de Benín),Consular — Benín depende consularmente de la representación española en Nigeria. Emergencia consular: +234 80 3360 1658. Hay además Consulado Honorario en Cotonú: +229 21 339 219 / 220 / 726. Confirmar teléfonos vigentes en exteriores.gob.es antes de viajar.,,https://theawakeman.github.io/africa2027/paises/benin/#logistica,"https://www.google.com/maps?q=6.43548,3.41695",Consulado,6.43548,3.41695
CNHU-HKM (Centre National Hospitalier Universitaire) — Cotonú,Hospital — Hospital universitario de referencia en Cotonú. La coordenada corresponde a la ficha del CNHU-HKM en Google Maps; confirmar cobertura y derivación con el seguro.,,https://theawakeman.github.io/africa2027/paises/benin/#logistica,"https://www.google.com/maps?q=6.35512,2.41211",Hospital,6.35512,2.41211
Hospital de zona · Dassa-Zoumè / Abomey,Hospital — Referencias sanitarias intermedias del corredor interior; entre Abomey y Djougou no hay nada de nivel. Coordenadas urbanas aproximadas.,,https://theawakeman.github.io/africa2027/paises/benin/#logistica,"https://www.google.com/maps?q=7.1833,1.9833",Hospital,7.1833,1.9833
Combustible · Cotonú,"Combustible — Mejor oferta y calidad del país (Total, Oryx, Petro Ivoire, MRS); repostar a fondo aquí antes de Sèmè-Kraké o antes de subir al interior. ATENCIÓN: buena parte del combustible que se vende en Benín es «kpayo», gasolina de contrabando nigeriana vendida en garrafas al borde de la carretera, muy barata y de calidad impredecible — NO usarla en los vehículos del proyecto.",,https://theawakeman.github.io/africa2027/paises/benin/#logistica,"https://www.google.com/maps?q=6.3703,2.3912",Combustible,6.3703,2.3912
Combustible · Ouidah / Grand-Popo,"Combustible — Estaciones formales en el eje costero entre Hillacondji y Cotonú, sin problema de suministro.",,https://theawakeman.github.io/africa2027/paises/benin/#logistica,"https://www.google.com/maps?q=6.3628,2.0853",Combustible,6.3628,2.0853
Combustible · Bohicon (nudo de Abomey),"Combustible — Bohicon, a 9 km de Abomey, es el verdadero nudo de carreteras y de servicios del centro del país: combustible, talleres, mercado y la estación de ferrocarril. Repostar aquí, no en Abomey.",,https://theawakeman.github.io/africa2027/paises/benin/#logistica,"https://www.google.com/maps?q=7.1786,2.0667",Combustible,7.1786,2.0667
Combustible · Dassa-Zoumè y Savalou,Combustible — Estaciones formales sobre la N2 y la N3; últimos puntos fiables antes del tramo Savalou-Bassila-Djougou.,,https://theawakeman.github.io/africa2027/paises/benin/#logistica,"https://www.google.com/maps?q=7.75,2.1833",Combustible,7.75,2.1833
Combustible · Djougou,Combustible — Última plaza con combustible formal antes de salir a Togo por Ouaké. Llenar depósitos y garrafas aquí.,,https://theawakeman.github.io/africa2027/paises/benin/#logistica,"https://www.google.com/maps?q=9.7,1.6667",Combustible,9.7,1.6667
Agua de servicio · Hôtel Awalé Plage (Grand-Popo),"Agua de servicio — [AGUA, DUCHAS Y LAVADO; DEPÓSITO CONDICIONAL] Camping de hotel con reseña de marzo de 2026. Usar la zona firme; pedir al guardia litros y toma concreta.",,https://theawakeman.github.io/africa2027/paises/benin/#agua-combustible,"https://www.google.com/maps?q=6.2696,1.7876",Agua de servicio,6.2696,1.7876
Agua de servicio · Domaine de la Palmeraie (Ouidah),"Agua de servicio — [AGUA Y DUCHAS; DEPÓSITO CONDICIONAL] Dos plazas en recinto cerrado con servicios publicados. Ficha de 2025 sin reseñas: reservar y confirmar acceso, litros y caudal.",,https://theawakeman.github.io/africa2027/paises/benin/#agua-combustible,"https://www.google.com/maps?q=6.3453,2.0887",Agua de servicio,6.3453,2.0887
Agua de servicio · Auberge Chez Monique (Abomey),"Agua de servicio — [AGUA, DUCHA Y LAVADO; DEPÓSITO CONDICIONAL] Patio para cuatro vehículos y bungalow sanitario. La fuente no promete llenado: acordarlo aparte y tratar el agua.",,https://theawakeman.github.io/africa2027/paises/benin/#agua-combustible,"https://www.google.com/maps?q=7.1977,1.9804",Agua de servicio,7.1977,1.9804
Parque Nacional de la Pendjari: desaconsejado,"media · Pista 4x4 — Era el gran parque de pistas y sabana de Benín, gestionado desde 2017 con African Parks, con entrada por Tanguiéta y los puestos de Batia y Porga. Se incluye solo como aviso: en 2019 secuestraron a dos turistas franceses dentro del parque y hoy es zona de exclusión. La coordenada es la del PDI general (aproximada). — Perro: no",,https://theawakeman.github.io/africa2027/paises/benin/#ox-1,"https://www.google.com/maps?q=11.24811,1.5984",4x4 y offroad,11.24811,1.5984
Parque Nacional W de Benín: desaconsejado,"media · Pista 4x4 — Es el parque transfronterizo (Benín, Burkina y Níger) del complejo WAP, antiguo destino de pistas del norte. Se incluye solo como aviso. La coordenada es la del PDI general (aproximada). — Perro: no",,https://theawakeman.github.io/africa2027/paises/benin/#ox-2,"https://www.google.com/maps?q=12.04083,3.03417",4x4 y offroad,12.04083,3.03417
Frontera · Entrada bajada — Sèmè-Kraké (desde Benín),"Frontera — El paso terrestre más transitado de África occidental, hoy convertido en puesto fronterizo conjunto (Joint Border Post) con instalaciones nuevas, lo que según los overlanders que lo han cruzado recientemente ha eliminado buena parte de los intermediarios y del caos anterior. Secuencia real: control sanitario (cartilla de fiebre amarilla; pueden pedir cólera y meningitis), salida de Benín —que suele llevar más tiempo que la entrada en Nigeria—, inmigración nigeriana con escaneo del código QR de la landing card, biometría de huellas y, por separado, aduana para el vehículo. El e-Visa nigeriano SÍ se acepta aquí (cruces documentados). Llevar todo impreso además de en digital. Horario diurno; llegar temprano.",,https://theawakeman.github.io/africa2027/paises/nigeria/#logistica,"https://www.google.com/maps?q=6.37948,2.70392",Frontera,6.37948,2.70392
Frontera · Salida bajada — Mfum/Ekok (hacia Camerún),"Frontera — Único paso terrestre asfaltado y con aduana plena entre Nigeria y Camerún en el sur; cruce del río Cross hacia Ekok y Mamfe, ya en la región Suroeste camerunesa, en conflicto activo por la crisis anglófona. Salir de Ikom a primera hora para tener toda la jornada por delante al otro lado. Aquí se cierra el permiso de admisión temporal del vehículo de la Nigeria Customs Service: hay que presentar el vehículo y la declaración aduanera aprobada. Ver la alerta detallada y el protocolo en la ficha de Camerún antes de decidir este paso.",,https://theawakeman.github.io/africa2027/paises/nigeria/#logistica,"https://www.google.com/maps?q=5.82097,8.83911",Frontera,5.82097,8.83911
Frontera · Salida subida — Idiroko / Igolo (hacia Benín),"Frontera — Segundo paso Nigeria-Benín en importancia, a unos 100 km al norte de Sèmè, en el estado de Ogun. Elegido deliberadamente para que el corredor de subida no repita el eje costero de Lagos: mucho menos tráfico que Sèmè y acceso directo desde Abeokuta por Ilaro. Es, eso sí, un corredor con fama de contrabando intenso (arroz, combustible), lo que se traduce en más controles de aduana y policía en los kilómetros previos, no en más riesgo. POR CONFIRMAR: que la aduana de Idiroko esté habilitada para cerrar el permiso de admisión temporal del vehículo y sellar el CPD — si no lo estuviera, hay que salir por Sèmè.",,https://theawakeman.github.io/africa2027/paises/nigeria/#logistica,"https://www.google.com/maps?q=6.63904,2.73291",Frontera,6.63904,2.73291
Frontera · Entrada subida — Mfum/Ekok (desde Camerún),"Frontera — Mismo paso que la salida de la bajada, ahora en sentido inverso. Aquí se abre el segundo permiso de admisión temporal del vehículo y se presenta el segundo visado nigeriano (o la segunda entrada del visado múltiple). Repostar en Mamfe o Ekok es poco fiable: llegar con combustible desde Camerún y repostar en Ikom.",,https://theawakeman.github.io/africa2027/paises/nigeria/#logistica,"https://www.google.com/maps?q=5.82097,8.83911",Frontera,5.82097,8.83911
Consulado General de España en Lagos,"Consular — 21C Kofo Abayomi St, Victoria Island, Lagos. Tel. +234 (0)1 2094603499 · Emergencia consular 24 h: +234 803 360 1658. Es el punto consular útil del viaje: está en el corredor de bajada. La Embajada de España está en Abuya, fuera de la ruta.",,https://theawakeman.github.io/africa2027/paises/nigeria/#logistica,"https://www.google.com/maps?q=6.43548,3.41695",Consulado,6.43548,3.41695
Embajada de España en Abuya,"Consular — Plot 493, Yedseram Street, Maitama, Abuya. Fuera del corredor previsto: solo se contempla un desplazamiento a Abuya en caso de emergencia consular grave, y atravesando el Middle Belt, que es precisamente lo que el itinerario evita.",,https://theawakeman.github.io/africa2027/paises/nigeria/#logistica,"https://www.google.com/maps?q=9.07856,7.49727",Consulado,9.07856,7.49727
Lagos University Teaching Hospital (LUTH) — Lagos,"Hospital — Hospital universitario de referencia en Lagos, complementado por centros privados. La coordenada corresponde a la ficha de LUTH en Google Maps; la elección asistencial debe hacerla el seguro.",,https://theawakeman.github.io/africa2027/paises/nigeria/#logistica,"https://www.google.com/maps?q=6.51762,3.35375",Hospital,6.51762,3.35375
University of Calabar Teaching Hospital (UCTH),Hospital — Hospital universitario de referencia del sureste y última capacidad hospitalaria seria antes de Camerún: a partir de Ikom y hasta Duala (Camerún) no hay nada equivalente. Coordenada urbana aproximada.,,https://theawakeman.github.io/africa2027/paises/nigeria/#logistica,"https://www.google.com/maps?q=4.95546,8.34854",Hospital,4.95546,8.34854
University College Hospital (UCH) — Ibadan,"Hospital — El hospital universitario más antiguo y prestigioso de Nigeria, referencia del corredor de subida entre Benin City y la frontera de Idiroko. Coordenada urbana aproximada.",,https://theawakeman.github.io/africa2027/paises/nigeria/#logistica,"https://www.google.com/maps?q=7.40186,3.90206",Hospital,7.40186,3.90206
Stella Obasanjo Hospital — Benin City,"Hospital — Hospital de Benin City situado sobre la carretera Sapele. El pin ya no mezcla Stella Obasanjo Hospital con UBTH, que es otro centro en Ugbowo. Confirmar con el seguro cuál corresponde según la urgencia. Coordenada contrastada en Google Maps.",,https://theawakeman.github.io/africa2027/paises/nigeria/#logistica,"https://www.google.com/maps?q=6.27471,5.63148",Hospital,6.27471,5.63148
Mercado de repuestos de Ladipo — Lagos,"Servicio — Gran concentración de comercios de recambios en Mushin. Se retira el superlativo regional y la promesa de encontrar cualquier pieza. El pin de Google Maps es un centro de búsqueda del mercado, no una tienda concreta: concertar proveedor o mecánico, verificar la dirección y comprobar la pieza antes de pagar.",,https://theawakeman.github.io/africa2027/paises/nigeria/#logistica,"https://www.google.com/maps?q=6.58219,3.34562",Servicio,6.58219,3.34562
Combustible · Lagos,"Combustible — Mejor oferta y calidad del país (NNPC, TotalEnergies, Oando, Ardova, MRS). Desde la puesta en marcha de la refinería de Dangote, en la propia península de Lekki, el suministro del suroeste es mucho más estable que en los años de colas y desabastecimiento, pero el precio sigue moviéndose con frecuencia. Repostar a fondo aquí.",,https://theawakeman.github.io/africa2027/paises/nigeria/#logistica,"https://www.google.com/maps?q=6.4541,3.3947",Combustible,6.4541,3.3947
Combustible · Benin City / Asaba / Calabar,Combustible — Estaciones formales suficientes en todo el eje Lagos-Ore-Benin City-Asaba-Onitsha-Aba-Uyo-Calabar: no hay ningún hueco de 500 km en el corredor de bajada. Calabar es la última plaza con oferta amplia y garantizada.,,https://theawakeman.github.io/africa2027/paises/nigeria/#logistica,"https://www.google.com/maps?q=6.335,5.6037",Combustible,6.335,5.6037
Combustible · Ikom (último antes de Camerún),"Combustible — Última estación formal fiable antes de Mfum/Ekok y de todo el tramo camerunés de Mamfe-Kumba, donde el suministro puede estar interrumpido por la situación de seguridad. Salir de Ikom con depósitos y garrafas llenos.",,https://theawakeman.github.io/africa2027/paises/nigeria/#logistica,"https://www.google.com/maps?q=5.9667,8.7",Combustible,5.9667,8.7
Combustible · Ogoja / Abakaliki / Enugu (corredor de subida),Combustible — Estaciones formales en el eje Ikom-Ogoja-Abakaliki-Enugu-Onitsha de la subida. Evitar comprar en bidones a pie de carretera: es práctica habitual en el norte de Cross River pero la calidad del gasóleo es imprevisible.,,https://theawakeman.github.io/africa2027/paises/nigeria/#logistica,"https://www.google.com/maps?q=6.3249,8.1137",Combustible,6.3249,8.1137
Agua de servicio · recinto eclesial de Agbor,"Agua de servicio — [AGUA Y DUCHAS; DEPÓSITO CONDICIONAL] Recinto cercado para vehículos grandes con agua y sanitarios señalados. Punto de marzo de 2026 sin reseñas: pedir permiso, litros y método.",,https://theawakeman.github.io/africa2027/paises/nigeria/#agua-combustible,"https://www.google.com/maps?q=6.2578,6.2219",Agua de servicio,6.2578,6.2219
Agua de servicio · patio eclesial de Abakaliki,"Agua de servicio — [SOLO DUCHA] Patio cerrado junto a un orfanato con aseos y ducha publicados. No consta toma ni llenado: usar con autorización para higiene, no como recarga.",,https://theawakeman.github.io/africa2027/paises/nigeria/#agua-combustible,"https://www.google.com/maps?q=6.3117,8.1546",Agua de servicio,6.3117,8.1546
Agua de servicio · Betteh Hotel and Resort (Ikom),Agua de servicio — [SOLO DUCHA] Camping en zona de hormigón con acceso al baño de una habitación; reseña de diciembre de 2025. No consta llenado del vehículo.,,https://theawakeman.github.io/africa2027/paises/nigeria/#agua-combustible,"https://www.google.com/maps?q=5.9563,8.7177",Agua de servicio,5.9563,8.7177
Subida a la meseta de Obudu (Obudu Mountain Resort),"media · Paso técnico — Es una antigua granja ganadera a 1.600 m, en la meseta de Obudu, cerca de la frontera con Camerún. Se sube por una carretera de montaña con muchas curvas de herradura, y su clima es casi templado. Arriba está la reserva de Becheve, con cascadas y una gruta. El teleférico de 870 m lleva tiempo parado por falta de mantenimiento. No es una pista, sino la gran subida de montaña del corredor sur nigeriano. — Perro: sin dato",,https://theawakeman.github.io/africa2027/paises/nigeria/#ox-1,"https://www.google.com/maps?q=6.38667,9.37389",4x4 y offroad,6.38667,9.37389
Buanchor: vado y últimos 5-6 km de tierra hacia la Drill Ranch de Afi,"media · Paso técnico — Buanchor es el pueblo de acceso a la montaña de Afi. Según Pandrillus, se cruza el pueblo, se vadea un río y la Drill Ranch queda 5 km al sur por una pista de tierra muy usada. Según la época, hace falta 4x4 en los últimos 6 km, y los puentes admiten como máximo 3 toneladas por eje. — Perro: sin dato",,https://theawakeman.github.io/africa2027/paises/nigeria/#ox-2,"https://www.google.com/maps?q=6.3301,8.98852",4x4 y offroad,6.3301,8.98852
Afi Mountain Drill Ranch: campamento en la selva,"media · Oasis o bivac — Es el campamento de Pandrillus al pie de la montaña de Afi (unos 100 km² de selva con picos de hasta 1.300 m), donde viven el gorila de Cross River, el drill y el chimpancé. Tiene seis cabañas, zona de acampada y una pasarela en el dosel del bosque a 25 m de altura. En 2019 la acampada costaba 2.500 nairas por persona y noche y había un recargo por vehículo. Es el mejor bivac en selva del corredor nigeriano. — Perro: sin dato",,https://theawakeman.github.io/africa2027/paises/nigeria/#ox-3,"https://www.google.com/maps?q=6.285,8.9885",4x4 y offroad,6.285,8.9885
Parque Nacional de Gashaka-Gumti: desaconsejado,"difícil · Pista 4x4 — Es el mayor parque nacional de Nigeria (6.402 km²), entre Taraba y Adamawa, en la frontera con Camerún: montañas, bosque de galería y cascadas. Se incluye solo como aviso. Según Wikipedia, el turismo cayó desde 2012 por la inseguridad del noreste y al menos nueve guardas han muerto a manos de taladores ilegales. — Perro: no",,https://theawakeman.github.io/africa2027/paises/nigeria/#ox-4,"https://www.google.com/maps?q=7.35,11.52",4x4 y offroad,7.35,11.52
Meseta de Mambilla (Gembu): desaconsejada,"difícil · Paso técnico — Es la meseta más alta de Nigeria, en Taraba, con sus escarpes sur y este sobre la frontera camerunesa; Gembu es su mayor población. Se incluye solo como aviso, porque es el otro gran destino de montaña del este nigeriano. Coordenada: Gembu. — Perro: no",,https://theawakeman.github.io/africa2027/paises/nigeria/#ox-5,"https://www.google.com/maps?q=6.7255,11.25652",4x4 y offroad,6.7255,11.25652
Frontera · Entrada bajada — Ekok/Mfum (desde Nigeria),"Frontera — Puesto conjunto asfaltado sobre el corredor Mfum–Ekok, a unos 70 km de Mamfe y dentro de la región Suroeste, afectada por la crisis anglófona. El pin coincide con la ficha real Nigerian/Cameroon Border en Google Maps. Confirmar apertura, seguridad, restricciones locales y tramitación de vehículos 24–48 h antes; no convertir los lockdowns ni sus días en un calendario fijo. Es también la salida de la subida.",,https://theawakeman.github.io/africa2027/paises/camerun/#logistica,"https://www.google.com/maps?q=5.82097,8.83911",Frontera,5.82097,8.83911
Frontera · Salida bajada — Ntam / Souanké (hacia Congo),"Frontera — Poste de Contrôle Unique Frontalier de Ntam, en el extremo del corredor Ketta–Djoum/Brazzaville–Yaundé. El pin marca el control fronterizo identificado, no el centro de la localidad de Ntam. Siguen por confirmar para un vehículo extranjero el horario, la secuencia de inmigración y aduana, el sellado del CPD y cualquier requisito previo: verificarlo con ambos países antes de desplazarse al puesto.",,https://theawakeman.github.io/africa2027/paises/camerun/#logistica,"https://www.google.com/maps?q=2.17209,13.69843",Frontera,2.17209,13.69843
Frontera · Entrada subida — Socambo / Moloundou (desde Congo),"Frontera — El pin marca la localidad/embarcadero de Socambo verificada en Google Maps; no demuestra que exista una barcaza internacional operativa para nuestros vehículos. CRÍTICO POR CONFIRMAR: capacidad para 3 t, frecuencia, horario, inmigración, aduana y sellado del CPD en ambas orillas. Si no se obtiene confirmación escrita y reciente, el plan B es usar de nuevo Ntam.",,https://theawakeman.github.io/africa2027/paises/camerun/#logistica,"https://www.google.com/maps?q=1.70621,16.12017",Frontera,1.70621,16.12017
Embajada de España en Yaundé,"Consular — Bld. de l'U.R.S.S., Quartier Bastos, B.P. 877, Yaundé. Tel. +237 222 20 35 43 · Emergencia consular 24 h: +237 698 44 79 00 · emb.yaunde@maec.es.",,https://theawakeman.github.io/africa2027/paises/camerun/#logistica,"https://www.google.com/maps?q=3.89443,11.51381",Consulado,3.89443,11.51381
Hôpital Central de Yaundé,"Hospital — Hospital público de referencia de la capital, junto con el Hôpital Général de Yaoundé. El pin marca el complejo hospitalario, no un centroide urbano; confirmar admisión y cobertura del seguro antes del viaje.",,https://theawakeman.github.io/africa2027/paises/camerun/#logistica,"https://www.google.com/maps?q=3.87129,11.51042",Hospital,3.87129,11.51042
Hôpital Laquintinie — Duala,Hospital — Gran hospital público de referencia de la capital económica; la alternativa privada habitual para extranjeros es la Polyclinique Bonanjo. Coordenada urbana aproximada.,,https://theawakeman.github.io/africa2027/paises/camerun/#logistica,"https://www.google.com/maps?q=4.043,9.698",Hospital,4.043,9.698
Hôpital Régional de Bertoua,Hospital — Única referencia hospitalaria seria del corredor de subida entre la frontera del Congo y Yaundé: unos 500 km de selva sin nada equivalente.,,https://theawakeman.github.io/africa2027/paises/camerun/#logistica,"https://www.google.com/maps?q=4.57285,13.69787",Hospital,4.57285,13.69787
Combustible · Duala / Yaundé,"Combustible — Mejor oferta y calidad del país (Tradex, TotalEnergies, Oryx, Neptune) en las dos grandes ciudades; repostar a fondo en ambas y filtrar el gasóleo fuera de ellas.",,https://theawakeman.github.io/africa2027/paises/camerun/#logistica,"https://www.google.com/maps?q=4.0483,9.7043",Combustible,4.0483,9.7043
Combustible · Sangmélima (referencia urbana),Combustible — Estaciones formales en el eje sur. Sangmélima es la ÚLTIMA con garantía antes de los 325 km del corredor Ketta-Djoum: salir de aquí con depósitos y garrafas al 100 %.,,https://theawakeman.github.io/africa2027/paises/camerun/#logistica,"https://www.google.com/maps?q=2.9333,11.9833",Combustible,2.9333,11.9833
Combustible · Djoum y Mintom (escaso),"Combustible — Oferta irregular y a menudo en bidones a precio de reventa; no contar con ella para la planificación. Autonomía necesaria: Sangmélima → Ouesso (Congo), del orden de 600 km.",,https://theawakeman.github.io/africa2027/paises/camerun/#logistica,"https://www.google.com/maps?q=2.6667,12.6667",Combustible,2.6667,12.6667
Combustible · Yokadouma y Moloundou (muy escaso),"Combustible — En el sureste forestal el combustible formal falla con frecuencia y se compra en bidones a los madereros. Planificar autonomía completa Bertoua → Moloundou (~500 km) en la subida, con margen extra por el consumo en barro y pista.",,https://theawakeman.github.io/africa2027/paises/camerun/#logistica,"https://www.google.com/maps?q=3.5167,15.05",Combustible,3.5167,15.05
Combustible · Bafoussam / Nkongsamba (eje oeste),Combustible — Estaciones formales y buena oferta en todo el eje Yaundé-Foumban-Bafoussam-Dschang-Nkongsamba-Duala de la subida; sin tramos comprometidos.,,https://theawakeman.github.io/africa2027/paises/camerun/#logistica,"https://www.google.com/maps?q=5.4737,10.4179",Combustible,5.4737,10.4179
Agua de servicio · Méhéba Les Vagues Bleues (Kribi),"Agua de servicio — [DUCHA CONDICIONADA; SIN LLENADO] La ficha de 2024 sugiere una ducha exterior, pero no tiene reseñas ni acredita toma para el vehículo. Contactar antes y no depender de ella.",,https://theawakeman.github.io/africa2027/paises/camerun/#agua-combustible,"https://www.google.com/maps?q=2.83602,9.8855",Agua de servicio,2.83602,9.8855
Ekok: frontera con Nigeria (Mfum) en la zona anglófona,"media · Paso técnico — Ekok es el paso fronterizo del corredor Enugu–Bamenda, frente a Mfum (Nigeria), y el arranque de la mítica pista Ekok–Mamfe (unos 65 km), que durante años fue uno de los barrizales más temidos del overland: Dangerous Roads aún la describe como intransitable tras las lluvias incluso en 4x4. Según Cameroon Tribune, en agosto de 2017 la parte camerunesa del corredor ya estaba asfaltada y terminada al 90 %. Se incluye solo como aviso: está en la región Suroeste y pegado a Nigeria. — Perro: sin dato",,https://theawakeman.github.io/africa2027/paises/camerun/#ox-1,"https://www.google.com/maps?q=5.80678,8.85418",4x4 y offroad,5.80678,8.85418
Mamfe: cruce del antiguo corredor de barro Ekok–Bamenda / Kumba,"media · Pista 4x4 — Mamfe es la capital del departamento de Manyu, a orillas del río Manyu y a unos 74 km de Nigeria. Es el cruce entre la carretera hacia Bamenda (noroeste) y la de Kumba (sur), dos tramos que en la época de pistas de laterita se cruzaban en días de barro. Según Cameroon Tribune (2017), tras el asfaltado del corredor el billete Mamfe–Kumba bajó de 6.000 a 3.000 FCFA. El estado actual de Mamfe–Kumba no se ha podido confirmar (hay un proyecto de asfaltado del BAfD). — Perro: sin dato",,https://theawakeman.github.io/africa2027/paises/camerun/#ox-2,"https://www.google.com/maps?q=5.75277,9.31521",4x4 y offroad,5.75277,9.31521
Wum: tramo sin asfaltar de la Ring Road (Noroeste),"difícil · Pista 4x4 — Wum, capital de Menchum, es el vértice norte de la Ring Road, el circuito de unos 365 km por las tierras altas del Noroeste (Bamenda, Bafut, Wum, Nkambe, Kumbo). Es la gran pista de montaña de Camerún: tramos asfaltados alternan con otros de tierra y baches, se recomienda 4x4 y algunos tramos quedan intransitables con lluvia. Los paisajes (montañas, lagos de cráter, jefaturas tradicionales) la hicieron famosa entre los overlanders. — Perro: sin dato",,https://theawakeman.github.io/africa2027/paises/camerun/#ox-3,"https://www.google.com/maps?q=6.3878,10.07664",4x4 y offroad,6.3878,10.07664
Mbouroukou: acceso a los lagos gemelos del Manengouba,"media · Pista 4x4 — Mbouroukou es un pueblo a 1.330 m en la ladera del Manengouba, un volcán extinto de 2.411 m con dos lagos de caldera (el «macho» y la «hembra») a unos 1.900 m. Los operadores de Douala suben por Nkongsamba, Melong y Mbouroukou, y hacen la ascensión a pie o a caballo entre pastores bororo. French Overlander visitó los lagos en diciembre de 2024, en su paso por las tierras altas. — Perro: sin dato",,https://theawakeman.github.io/africa2027/paises/camerun/#ox-4,"https://www.google.com/maps?q=5.05881,9.89151",4x4 y offroad,5.05881,9.89151
Pista a las cataratas de Ekom-Nkam,"media · Pista 4x4 — Es una cascada de unos 80 m en el río Nkam, junto al pueblo de Mboué, famosa por el rodaje de la película Greystoke. Se llega por un desvío de la carretera Melong–Nkongsamba y una pista de tierra entre cafetales y maizales, seguida de un sendero por el bosque. Buen complemento al Manengouba en la misma zona del Litoral. — Perro: sin dato",,https://theawakeman.github.io/africa2027/paises/camerun/#ox-5,"https://www.google.com/maps?q=5.06196,10.02966",4x4 y offroad,5.06196,10.02966
Ebodjé: pista costera Kribi–Campo (playas de tortugas),"media · Pista 4x4 — Ebodjé es un pueblo costero con un proyecto de ecoturismo de tortugas marinas, en la pista costera entre Kribi y Campo. Esa pista (unos 75 km de tierra y laterita) se describía como intransitable en lluvias y muy difícil en seco, y en 2020 el tramo Lolabé–Campo (39 km) seguía siendo de tierra. French Overlander (enero de 2025) hizo 25 km de pista en mal estado hasta un sitio de tortugas al sur de Kribi y se quedó seis días. — Perro: sin dato",,https://theawakeman.github.io/africa2027/paises/camerun/#ox-6,"https://www.google.com/maps?q=2.56497,9.82521",4x4 y offroad,2.56497,9.82521
Campo: final de la pista costera y frontera con Guinea Ecuatorial,"media · Pista 4x4 — Campo es el pueblo fronterizo con Guinea Ecuatorial, junto a la desembocadura del Ntem (Río Campo queda 4,5 km al sur, en la otra orilla). Es el final de la pista costera desde Kribi y la puerta del área de Campo Ma'an. Útil como extremo de un ida y vuelta en 4x4 por la costa sur. — Perro: sin dato",,https://theawakeman.github.io/africa2027/paises/camerun/#ox-7,"https://www.google.com/maps?q=2.37796,9.82993",4x4 y offroad,2.37796,9.82993
"Frontera · Entrada — Eboro/Abang-Minko'o, cerca de Bitam (desde Camerún)","Frontera — Control fronterizo Eboro/Abang-Minko'o al sur de Ambam. El pin marca el puesto de control real, no Bitam ni el centro de la zona trifronteriza. Al ser una entrada terrestre, no debe darse por válido un eVisa restringido al aeropuerto de Libreville: obtener y confirmar por escrito el visado apropiado y la admisión del vehículo antes de salir.",,https://theawakeman.github.io/africa2027/paises/gabon/#logistica,"https://www.google.com/maps?q=2.29023,11.44704",Frontera,2.29023,11.44704
Doussala · localidad del futuro cruce hacia Congo,"Frontera — El pin marca la localidad de Doussala. A septiembre de 2026 la carretera Ndendé–Doussala y el puente fronterizo sobre el Ngongo continúan en construcción; no tratar este punto como frontera operativa ni planificar el cruce. Solo podrá activarse tras confirmar la terminación del puente, la apertura de aduanas e inmigración y la admisión de vehículos extranjeros.",,https://theawakeman.github.io/africa2027/paises/gabon/#logistica,"https://www.google.com/maps?q=-2.64791,11.63284",Frontera,-2.64791,11.63284
"Frontera · Salida este — hacia Okoyo (Congo), por Léconi","Frontera — Google Maps identifica aquí «Frontière Gabon Congo» en el eje de Léconi hacia Okoyo. La coordenada verifica el lugar físico, no su habilitación internacional: confirmar que operan inmigración y aduana, horarios y admisión de vehículos extranjeros antes de incorporarlo al corredor.",,https://theawakeman.github.io/africa2027/paises/gabon/#logistica,"https://www.google.com/maps?q=-1.61599,14.38944",Frontera,-1.61599,14.38944
Embajada de Gabón en Madrid (y consulados de Barcelona y Bilbao),"Consular — AQUÍ ES DONDE SE RESUELVE EL PROBLEMA DEL VISADO. Gabón mantiene embajada en Madrid y consulados en Barcelona y Bilbao: es la vía para obtener el visado tradicional en pasaporte que exige la entrada terrestre. Confirmar por teléfono tasas, plazos y documentación exigida a un viaje overland sin billete de avión. Coordenada: Madrid, referencia.",,https://theawakeman.github.io/africa2027/paises/gabon/#logistica,"https://www.google.com/maps?q=40.4168,-3.7038",Consulado,40.4168,-3.7038
Embajada de España en Libreville,"Consular — Immeuble Diamant, 2º piso, Bd. de la Nation (cruce con Rue Dr. Cureau), B.P. 1157, Libreville. Tel. +241 (0)11 72 12 64 · Emergencia consular: +241 (0)66 44 47 47. Abierta desde 1962; también acreditada en Santo Tomé y Príncipe (no en Congo-Brazzaville).",,https://theawakeman.github.io/africa2027/paises/gabon/#logistica,"https://www.google.com/maps?q=0.38941,9.44301",Consulado,0.38941,9.44301
Centre Hospitalier Universitaire de Libreville,"Hospital — Hospital universitario de referencia en Libreville. El pin marca el complejo real; confirmar admisión y cobertura del seguro. Fuera de la capital la infraestructura sanitaria es muy limitada, por lo que el seguro debe incluir evacuación.",,https://theawakeman.github.io/africa2027/paises/gabon/#logistica,"https://www.google.com/maps?q=0.39222,9.44843",Hospital,0.39222,9.44843
CIRMF · Franceville (referencia sanitaria del este),"Hospital — Centre International de Recherches Médicales de Franceville: instituto biomédico con laboratorio de bioseguridad nivel 4, uno de los pocos de África, central en la investigación del ébola. No es un hospital para viajeros, pero marca dónde está la capacidad técnica del este del país.",,https://theawakeman.github.io/africa2027/paises/gabon/#logistica,"https://www.google.com/maps?q=-1.61635,13.58203",Hospital,-1.61635,13.58203
Combustible · Libreville,"Combustible — Mejor oferta y calidad del país (Total, Petro Gabon); repostar a fondo antes de cualquier tramo largo.",,https://theawakeman.github.io/africa2027/paises/gabon/#logistica,"https://www.google.com/maps?q=0.4162,9.4673",Combustible,0.4162,9.4673
"Combustible · Lambaréné / Mouila / Ndendé (eje sur, N1)","Combustible — Estaciones formales en los núcleos del eje sur; confirmar disponibilidad real en Ndendé, última plaza antes de la frontera congoleña.",,https://theawakeman.github.io/africa2027/paises/gabon/#logistica,"https://www.google.com/maps?q=-0.7,10.2333",Combustible,-0.7,10.2333
Combustible · Franceville (referencia urbana del eje este),"Combustible — Las dos plazas del interior. Entre Makokou e Ivindo, y en las mesetas Batéké, no hay suministro: entrar con garrafas llenas.",,https://theawakeman.github.io/africa2027/paises/gabon/#logistica,"https://www.google.com/maps?q=-1.6333,13.5833",Combustible,-1.6333,13.5833
Agua de servicio · Hotel Hibiscus Blvd Triomphal,Agua de servicio — [SOLO DUCHA DE HUÉSPED] Hotel activo con baño o ducha y aparcamiento privado publicados. No consta toma ni llenado del vehículo; cualquier volumen se acuerda aparte.,,https://theawakeman.github.io/africa2027/paises/gabon/#agua-combustible,"https://www.google.com/maps?q=0.41636,9.44954",Agua de servicio,0.41636,9.44954
Agua de servicio · Lopé Hotel,"Agua de servicio — [SOLO HIGIENE DE HUÉSPED] Hotel del parque con web y temporada 2026 activas. No consta toma para vehículos: reservar, confirmar aparcamiento y no pedir llenado como servicio incluido.",,https://theawakeman.github.io/africa2027/paises/gabon/#agua-combustible,"https://www.google.com/maps?q=-0.09913,11.59577",Agua de servicio,-0.09913,11.59577
Ndjolé: arranque de la pista hacia la Lopé,"media · Pista 4x4 — Ndjolé, junto al Ogooué y en la N2 y el Transgabonés, es el punto donde se deja el asfalto hacia el Parque Nacional de la Lopé. La guía Bradt describe el tramo Ndjolé–Lopé como poco más que un camino rural, muy montañoso y con el firme deteriorándose. Un viajero en Jeep lo recorrió por pista de grava entre selva y sabana, con tramos de barro y acampada libre junto a la pista. — Perro: con condiciones",,https://theawakeman.github.io/africa2027/paises/gabon/#ox-1,"https://www.google.com/maps?q=-0.18381,10.76583",4x4 y offroad,-0.18381,10.76583
Parque Nacional de la Lopé (sabanas y bosque),"media · Pista 4x4 — La Lopé combina sabanas relictas de la última glaciación con bosque, y el paisaje Lopé-Okanda es Patrimonio de la Humanidad desde 2007. French Overlander llegó en febrero de 2025 desde Lastoursville y no encontró a nadie para pagar la entrada ni pedir información. Según Bradt, de la Lopé a Lastoursville se tardan unas 6 horas. — Perro: sin dato",,https://theawakeman.github.io/africa2027/paises/gabon/#ox-2,"https://www.google.com/maps?q=-0.44112,11.52481",4x4 y offroad,-0.44112,11.52481
Cañones rojos de Léconi (mesetas Batéké),"media · Pista 4x4 — Es un circo de erosión de arenas rojas y blancas junto a Léconi, en las mesetas Batéké, con un mirador sobre los cañones y un «lago de los caimanes» al fondo. French Overlander (febrero de 2025) llegó por una pista arenosa con curvas cerradas y sin poder desinflar porque se les había roto el compresor. Es la parada 4x4 más espectacular del sureste de Gabón. — Perro: con condiciones",,https://theawakeman.github.io/africa2027/paises/gabon/#ox-3,"https://www.google.com/maps?q=-1.64195,14.28829",4x4 y offroad,-1.64195,14.28829
Léconi: arranque de la pista arenosa hacia Okoyo (Congo),"media · Pista 4x4 — Léconi es la última población gabonesa antes de las mesetas Batéké hacia el Congo, a orillas del río Lékoni y a 502 m de altitud. Según la guía Bradt, de aquí sale una pequeña pista arenosa por la meseta hacia Lékana, con unos 125 km entre Léconi y Okoyo. Es la alternativa oriental al paso de Ndendé–Dolisie para quien viene del norte del Congo. — Perro: con condiciones",,https://theawakeman.github.io/africa2027/paises/gabon/#ox-4,"https://www.google.com/maps?q=-1.58465,14.26508",4x4 y offroad,-1.58465,14.26508
Ndendé: inicio del tramo en obras hacia Doussala,"media · Pista 4x4 — Ndendé está en el cruce de la N1 y la N6, a 549 km de Libreville, y es la puerta del tramo más duro del corredor Libreville–Brazzaville. Los 48-49 km hasta Doussala y el puente del río Ngongo se están asfaltando (Sinohydro): el avance era del 55 % en septiembre de 2026, pero el BAfD suspendió los desembolsos por impagos y la obra corre riesgo de paralizarse. En julio de 2023 un viajero tardó unas 2,5 horas hasta Doussala, con tres controles de policía. — Perro: con condiciones",,https://theawakeman.github.io/africa2027/paises/gabon/#ox-5,"https://www.google.com/maps?q=-2.39629,11.35808",4x4 y offroad,-2.39629,11.35808
Doussala: frontera con el Congo (río Ngongo),"difícil · Paso técnico — Es el puesto fronterizo de la ruta Ndendé–Dolisie, junto al río Ngongo, donde se construye el puente fronterizo. En julio de 2023 los trámites llevaron unas 1,5 horas. A partir de aquí empieza el tramo congoleño, que French Overlander (febrero de 2025) describió como peor que el gabonés, con roderas tan profundas que el lomo central engancha los bajos de coches y camiones. — Perro: con condiciones",,https://theawakeman.github.io/africa2027/paises/gabon/#ox-6,"https://www.google.com/maps?q=-2.64389,11.6275",4x4 y offroad,-2.64389,11.6275
Frontera · Entrada bajada — Ntam / Souanké (desde Camerún),"Frontera — Pin del Poste de Contrôle Unique Frontalier. Confirmar admisión de turismos extranjeros, inmigración y sellado aduanero antes de usar el corredor.",,https://theawakeman.github.io/africa2027/paises/congo/#logistica,"https://www.google.com/maps?q=2.17209,13.69843",Frontera,2.17209,13.69843
Frontera principal · Tchiamba-Nzassi / Massabi (hacia Cabinda),"Frontera — Puesto terrestre real en la RN4. UniCongo documenta presencia de policía, gendarmería, inteligencia, aduanas y ARTF, y movimiento de viajeros en 2024. La referencia SADC indica 08:00–17:00; confirmar horario, importación temporal y coste para vehículo particular 72 h antes.",,https://theawakeman.github.io/africa2027/paises/congo/#logistica,"https://www.google.com/maps?q=-4.98944,12.05712",Frontera,-4.98944,12.05712
Frontera principal · Massabi / Tchiamba-Nzassi (entrada subida),Frontera — Mismo puesto terrestre de regreso desde Cabinda. El visado congoleño debe cubrir esta segunda entrada; no presentarse confiando en una entrada anterior ya consumida.,,https://theawakeman.github.io/africa2027/paises/congo/#logistica,"https://www.google.com/maps?q=-4.98944,12.05712",Frontera,-4.98944,12.05712
Alternativa secundaria · Beach de Brazzaville / ferry a Kinshasa,"Frontera — Cruce fluvial conservado solo como plan alternativo. No es ruta principal por coste, esperas, despacho separado del vehículo y ausencia de puente. No reservar ni acercarse sin gestor y presupuesto escrito.",,https://theawakeman.github.io/africa2027/paises/congo/#logistica,"https://www.google.com/maps?q=-4.279,15.286",Frontera,-4.279,15.286
Frontera · Salida subida — Socambo / Moloundou (hacia Camerún),"Frontera — Paso fluvial todavía condicionado a confirmar barcaza para vehículos, aduana y horario. Plan B: salir otra vez por Ntam/Souanké.",,https://theawakeman.github.io/africa2027/paises/congo/#logistica,"https://www.google.com/maps?q=1.70621,16.12017",Frontera,1.70621,16.12017
CHU de Brazzaville,Hospital — El pin marca el complejo hospitalario real. Referencia nacional; confirmar admisión y cobertura del seguro antes del viaje.,,https://theawakeman.github.io/africa2027/paises/congo/#logistica,"https://www.google.com/maps?q=-4.26497,15.26915",Hospital,-4.26497,15.26915
Pointe-Noire · zona urbana de servicios,"Servicios — Referencia urbana, no instalación. La recarga publicada está en el pin de tres grifos al sur de la ciudad; Palm Beach es solo apoyo de ducha. Resolver aquí taller, efectivo y víveres antes de Massabi.",,https://theawakeman.github.io/africa2027/paises/congo/#logistica,"https://www.google.com/maps?q=-4.7975,11.8481",Servicio,-4.7975,11.8481
Ouesso · zona urbana de servicios,"Servicios — Referencia urbana, no grifo. No se ha localizado una toma vehicular actual en Ouesso: entrar en el bloque forestal con autonomía o suministro pactado con el operador.",,https://theawakeman.github.io/africa2027/paises/congo/#logistica,"https://www.google.com/maps?q=1.6167,16.05",Servicio,1.6167,16.05
Brazzaville · zona urbana de servicios,"Servicios — Referencia del ramal secundario, no punto de agua. El Tennis Club tiene pin propio, agua y duchas publicadas, pero prohíbe perros y no convierte el ferry de Kinshasa en ruta principal.",,https://theawakeman.github.io/africa2027/paises/congo/#logistica,"https://www.google.com/maps?q=-4.2634,15.2429",Servicio,-4.2634,15.2429
Agua de servicio · tres grifos al sur de Pointe-Noire,"Agua de servicio — [RECARGA DE DEPÓSITO PUBLICADA] Tres grifos verificados en febrero de 2026. El consumo local no acredita potabilidad: pedir permiso, comprobar caudal y tratar si se usa para cocinar.",,https://theawakeman.github.io/africa2027/paises/congo/#agua-combustible,"https://www.google.com/maps?q=-4.91333,11.94123",Agua de servicio,-4.91333,11.94123
Agua de servicio · Hotel Palm Beach (Pointe-Noire),"Agua de servicio — [SOLO DUCHA DE HUÉSPED] Hotel activo con baño privado, parking y recepción 24 h. No consta toma para el vehículo; negociar cualquier volumen por separado.",,https://theawakeman.github.io/africa2027/paises/congo/#agua-combustible,"https://www.google.com/maps?q=-4.80279,11.83917",Agua de servicio,-4.80279,11.83917
Agua de servicio · Tennis Club (Brazzaville; alternativa),"Agua de servicio — [ALTERNATIVA SECUNDARIA; AGUA Y DUCHA] Acepta vehículos grandes y tiene reseña de abril de 2026, pero prohíbe perros. Acordar litros; no implica llenado libre.",,https://theawakeman.github.io/africa2027/paises/congo/#agua-combustible,"https://www.google.com/maps?q=-4.2692,15.25222",Agua de servicio,-4.2692,15.25222
Ngongo: entrada al Congo desde Doussala (Gabón),"difícil · Paso técnico — Es el primer pueblo congoleño tras la frontera de Doussala, en el río Ngongo, donde empieza el tramo más temido del corredor Libreville–Brazzaville. En julio de 2023 un viajero tardó 12 horas en recorrer los 255 km hasta Dolisie en plena estación seca, con unos siete controles. En febrero de 2025, tras fuertes lluvias, French Overlander se quedó atascado varias horas: el lomo entre roderas era tan alto que engancha los bajos de camiones y coches. — Perro: con condiciones",,https://theawakeman.github.io/africa2027/paises/congo/#ox-1,"https://www.google.com/maps?q=-2.63639,11.64333",4x4 y offroad,-2.63639,11.64333
Nyanga: tramo central de barro Ngongo–Kibangou,"difícil · Pista 4x4 — Nyanga, cabecera de su distrito en el Niari, está en la parte central del tramo de tierra entre la frontera y Kibangou. Este segmento intermedio (unos 130 km entre el río Ngongo y Kibangou) no se asfaltará en la fase 1 del proyecto: solo está prevista una rehabilitación en tierra para mantener el tráfico. Es el corazón del tramo en el que los viajeros de 2023 y 2025 describen roderas profundas y camiones atascados. — Perro: con condiciones",,https://theawakeman.github.io/africa2027/paises/congo/#ox-2,"https://www.google.com/maps?q=-2.91389,11.8875",4x4 y offroad,-2.91389,11.8875
Kibangou: inicio del tramo a asfaltar hacia Dolisie,media · Pista 4x4 — Kibangou marca el final del tramo de tierra central y el inicio de los 93 km Kibangou–Dolisie que la fase 1 del proyecto prevé asfaltar (junto con los 49 km de Ndendé–Ngongo en Gabón). No se ha encontrado el grado de avance de ese tramo congoleño; en 2019 se hablaba de un proyecto de 276 km ejecutado por CRBC. — Perro: con condiciones,,https://theawakeman.github.io/africa2027/paises/congo/#ox-3,"https://www.google.com/maps?q=-3.49306,12.31778",4x4 y offroad,-3.49306,12.31778
Dolisie: fin del tramo de barro desde Gabón,"fácil · Pista 4x4 — Dolisie, capital del Niari, es el final del tramo técnico desde Gabón y el cruce con el eje Pointe-Noire–Brazzaville. Los viajeros de julio de 2023 llegaron de madrugada tras 12 horas de pista; los de febrero de 2025 tardaron más por el barro. Desde aquí se sigue hacia Pointe-Noire (donde French Overlander tuvo que comprar cuatro neumáticos) o hacia Brazzaville. — Perro: con condiciones",,https://theawakeman.github.io/africa2027/paises/congo/#ox-4,"https://www.google.com/maps?q=-4.19833,12.66639",4x4 y offroad,-4.19833,12.66639
Okoyo: pista arenosa de las mesetas Batéké hacia Léconi (Gabón),"media · Pista 4x4 — Okoyo, en la Cuvette-Ouest, es el lado congoleño del paso por las mesetas Batéké hacia Léconi (Gabón). Según Bradt, entre Léconi y Okoyo hay unos 125 km de pista pequeña y arenosa por la sabana de la meseta. Es la alternativa oriental al barro de Ndendé–Dolisie para quien viene del norte (Ouesso, Odzala) o va hacia él. — Perro: con condiciones",,https://theawakeman.github.io/africa2027/paises/congo/#ox-5,"https://www.google.com/maps?q=-1.409,14.765",4x4 y offroad,-1.409,14.765
Boko: pista del Pool hacia Luozi (RD Congo),"muy difícil · Pista 4x4 — Boko, en el Pool, es el último pueblo congoleño de la vía terrestre Brazzaville–Kinkala–Boko–Luozi, la alternativa al ferry de Brazzaville a Kinshasa. Un viajero que la hizo en 2017 describe pistas de tierra lavadas por las lluvias y, al cruzar a la RD Congo, un camino que era más bien un sendero de motos, hasta el ferry de Luozi. Una agencia de Brazzaville dice que el Pool ha tenido cortes de carretera que hacen esta vía poco fiable. — Perro: sin dato",,https://theawakeman.github.io/africa2027/paises/congo/#ox-6,"https://www.google.com/maps?q=-4.77806,14.60722",4x4 y offroad,-4.77806,14.60722
Frontera principal · Yema (entrada bajada desde Cabinda),"Frontera — Pin de la frontera de Yema, no del centro de Muanda. ACP documenta su puesto sanitario y ANTT la actividad transfronteriza en 2026. Referencia horaria SADC 08:00–17:00; confirmar 72 h, especialmente tras lluvias.",,https://theawakeman.github.io/africa2027/paises/rd-congo/#logistica,"https://www.google.com/maps?q=-5.74183,12.29559",Frontera,-5.74183,12.29559
"Frontera principal · Lufu (salida bajada hacia Luvo, Angola)","Frontera — Puesto terrestre real al sur de Songololo. Confirmar horario, salida de la importación temporal congoleña y nueva entrada del vehículo en Angola continental.",,https://theawakeman.github.io/africa2027/paises/rd-congo/#logistica,"https://www.google.com/maps?q=-5.84317,14.07885",Frontera,-5.84317,14.07885
"Frontera principal · Lufu (entrada subida desde Luvo, Angola)","Frontera — Segundo ingreso en RD Congo. Requiere visado válido, seguro local y documento temporal del vehículo de nueva entrada.",,https://theawakeman.github.io/africa2027/paises/rd-congo/#logistica,"https://www.google.com/maps?q=-5.84317,14.07885",Frontera,-5.84317,14.07885
Frontera principal · Yema (salida subida hacia Cabinda),"Frontera — Salida hacia Cabinda por la carretera Muanda–Yema. Comprobar puentes, lluvia y permiso de entrada angoleño antes de dejar Muanda.",,https://theawakeman.github.io/africa2027/paises/rd-congo/#logistica,"https://www.google.com/maps?q=-5.74183,12.29559",Frontera,-5.74183,12.29559
Alternativa secundaria · Beach Ngobila / ferry a Brazzaville,Frontera — Cruce fluvial mantenido como contingencia. No forma parte del corredor previsto; vehículo y pasajeros se tramitan por separado y no existe puente.,,https://theawakeman.github.io/africa2027/paises/rd-congo/#logistica,"https://www.google.com/maps?q=-4.29736,15.31957",Frontera,-4.29736,15.31957
Embajada de España en Kinshasa,"Consular — Bd. Colonel Tshatshi 37, Gombe. Emergencia consular +243 819 500 289. Está fuera del corredor principal: el contacto se realiza a distancia salvo emergencia que justifique el ramal a Kinshasa.",,https://theawakeman.github.io/africa2027/paises/rd-congo/#logistica,"https://www.google.com/maps?q=-4.30662,15.27696",Consulado,-4.30662,15.27696
Hôpital de Kinkanda · Matadi,"Hospital — Pin del hospital real de Kinkanda. Referencia sanitaria del eje, con capacidad limitada frente a una evacuación internacional.",,https://theawakeman.github.io/africa2027/paises/rd-congo/#logistica,"https://www.google.com/maps?q=-5.8359,13.44589",Hospital,-5.8359,13.44589
IME Kimpese,Hospital — Referencia hospitalaria del corredor N1 al este de Songololo. El pin coincide con el recinto; confirmar atención y seguro.,,https://theawakeman.github.io/africa2027/paises/rd-congo/#logistica,"https://www.google.com/maps?q=-5.55523,14.46185",Hospital,-5.55523,14.46185
Muanda · zona urbana de servicios,"Servicios — Referencia urbana, no grifo. Résidence Walter y Atlantic View tienen pines propios: ambos resuelven ducha; solo Walter garantiza agua y cualquier llenado exige permiso escrito.",,https://theawakeman.github.io/africa2027/paises/rd-congo/#logistica,"https://www.google.com/maps?q=-5.92822,12.37803",Servicio,-5.92822,12.37803
Boma · zona urbana de servicios,Servicios — Referencia urbana e histórica. No se ha verificado una toma accesible al vehículo; usarla para combustible o alojamiento solo tras confirmar el establecimiento concreto.,,https://theawakeman.github.io/africa2027/paises/rd-congo/#logistica,"https://www.google.com/maps?q=-5.85941,13.05592",Servicio,-5.85941,13.05592
Matadi · zona urbana de servicios,"Servicios — Referencia del eje junto al puente, no instalación de agua. Es la principal base de talleres, banco y hospital del tránsito por Kongo Central; el llenado requiere cita privada identificada.",,https://theawakeman.github.io/africa2027/paises/rd-congo/#logistica,"https://www.google.com/maps?q=-5.82496,13.4343",Servicio,-5.82496,13.4343
Agua de servicio · Résidence Walter (Muanda),"Agua de servicio — [AGUA GARANTIZADA Y DUCHA; DEPÓSITO CONDICIONAL] Alojamiento con agua y parking seguro publicados. Reservar y acordar por escrito litros, toma y acceso de los dos 4x4.",,https://theawakeman.github.io/africa2027/paises/rd-congo/#agua-combustible,"https://www.google.com/maps?q=-5.93857,12.36134",Agua de servicio,-5.93857,12.36134
Agua de servicio · Hotel Atlantic View (Muanda),Agua de servicio — [SOLO DUCHA DE HUÉSPED] Hotel activo con ducha y parking privado en 2026. No consta toma para el vehículo; cualquier llenado requiere acuerdo separado.,,https://theawakeman.github.io/africa2027/paises/rd-congo/#agua-combustible,"https://www.google.com/maps?q=-5.93319,12.34215",Agua de servicio,-5.93319,12.34215
Luozi: llegada por pista desde el Congo (Boko),"muy difícil · Pista 4x4 — Luozi es la capital de su territorio, en la orilla norte del río Congo, y el punto de llegada de la vía terrestre desde Boko (Congo). Un viajero en 2017 describe el lado congoleño de la frontera como un camino de motos más que una carretera, con muchas horas de pista entre pueblos diminutos hasta Luozi. Es la alternativa al ferry Brazzaville–Kinshasa, pero depende de un ferry en muy mal estado. — Perro: sin dato",,https://theawakeman.github.io/africa2027/paises/rd-congo/#ox-1,"https://www.google.com/maps?q=-4.94278,14.1325",4x4 y offroad,-4.94278,14.1325
Ferry de Luozi sobre el río Congo,"difícil · Paso técnico — Es el ferry que une el territorio de Luozi con el de Songololo, al sur del río. En 2017 costaba unos 16.500 francos congoleños por vehículo ligero, cruzaba en unos 20 minutos y salía cuando se llenaba (un camión grande y dos 4x4 a la vez). El ferry actual, de 35 toneladas, lleva en servicio desde 1997 y se avería a menudo: en abril de 2023 estuvo parado 4 días y desde principios de agosto de 2026 estaba averiado, con vehículos atascados en ambas orillas y solo una barca pequeña, sobrecargada, que casi vuelca el 18 de agosto. — Perro: sin dato",,https://theawakeman.github.io/africa2027/paises/rd-congo/#ox-2,"https://www.google.com/maps?q=-4.95092,14.15192",4x4 y offroad,-4.95092,14.15192
Songololo: desvío de la N1 hacia la frontera de Angola,"media · Pista 4x4 — En Songololo, unos 81 km al este de Matadi, se deja la N1 para ir a la frontera de Lufu–Luvo. Según Bradt, el tramo Songololo–Luvo era una pista de tierra en mal estado, y la RD Congo fue el país con peores carreteras de su ruta. Es el paso terrestre habitual de la RD Congo a Angola por el oeste. — Perro: con condiciones",,https://theawakeman.github.io/africa2027/paises/rd-congo/#ox-3,"https://www.google.com/maps?q=-5.7,14.03333",4x4 y offroad,-5.7,14.03333
Lufu–Luvo: frontera con Angola,"media · Paso técnico — Es el paso fronterizo entre Lufu (RD Congo) y Luvo (Angola), a ambos lados de un puente sobre el río. En agosto de 2023 el trámite fue ordenado, sin intentos de soborno en el lado congoleño y algo más lento en el angoleño. Desde aquí empieza la pista hacia Mbanza Kongo (ver Angola). — Perro: con condiciones",,https://theawakeman.github.io/africa2027/paises/rd-congo/#ox-4,"https://www.google.com/maps?q=-5.84917,14.08417",4x4 y offroad,-5.84917,14.08417
Frontera principal · Massabi (entrada bajada a Cabinda),"Frontera — Posto Fiscal de Massabi. Entrada desde Congo-Brazzaville; actividad fronteriza confirmada por ANTT en 2026. Referencia horaria 08:00–17:00, a reconfirmar 72 h.",,https://theawakeman.github.io/africa2027/paises/angola/#logistica,"https://www.google.com/maps?q=-4.98944,12.05712",Frontera,-4.98944,12.05712
Frontera principal · Yema (salida bajada a RD Congo),"Frontera — Puesto real al sur de Cabinda. Comprobar carretera, horario y cierre de importación temporal antes de salir de Angola.",,https://theawakeman.github.io/africa2027/paises/angola/#logistica,"https://www.google.com/maps?q=-5.74183,12.29559",Frontera,-5.74183,12.29559
Frontera principal · Yema (entrada subida a Cabinda),Frontera — Nueva entrada angoleña desde RD Congo. Presupuestar tasa de entrada del vehículo y no circular hacia Cabinda ciudad sin confirmación de seguridad.,,https://theawakeman.github.io/africa2027/paises/angola/#logistica,"https://www.google.com/maps?q=-5.74183,12.29559",Frontera,-5.74183,12.29559
Frontera principal · Massabi (salida subida a Congo-Brazzaville),Frontera — Salida terrestre hacia Pointe-Noire. Confirmar apertura y RN4 antes de dejar Cabinda ciudad.,,https://theawakeman.github.io/africa2027/paises/angola/#logistica,"https://www.google.com/maps?q=-4.98944,12.05712",Frontera,-4.98944,12.05712
Cabinda ciudad · zona urbana de servicios,"Servicios — Referencia urbana, no grifo. Executive Paraíso tiene pin propio para ducha, parking y seguridad; no publica llenado de depósito. Entrar desde Pointe-Noire con el agua resuelta.",,https://theawakeman.github.io/africa2027/paises/angola/#logistica,"https://www.google.com/maps?q=-5.55764,12.19195",Servicio,-5.55764,12.19195
Frontera · Entrada bajada — Lufu/Luvo (desde RD Congo),"Frontera — Cruce del puente fronterizo con RD Congo; registro y sellado ~500 m dentro de Angola. Desvío opcional a M'banza-Kongo (Patrimonio Mundial UNESCO, antigua capital del Reino del Kongo) a poca distancia. También es la frontera de SALIDA en la subida, cerrando el corredor angoleño.",,https://theawakeman.github.io/africa2027/paises/angola/#logistica,"https://www.google.com/maps?q=-5.84317,14.07885",Frontera,-5.84317,14.07885
"Frontera · Salida bajada — Caripande (hacia Zambia, cerca de Cazombo)","Frontera — Paso remoto en el extremo este de Angola (provincia de Moxico), frente al puesto zambiano de Chavuma. Otros overlanders describen la oficina de inmigración angoleña como muy precaria (secuelas de la guerra) y el trámite en portugués; más de 100 km de pistas de arena con charcos profundos entre Cazombo y la zona previa a la frontera, intransitables o muy lentos en temporada de lluvias (octubre-marzo). Cruzar solo en temporada seca (mayo-septiembre) y registrarse en la policía de Cazombo.",,https://theawakeman.github.io/africa2027/paises/angola/#logistica,"https://www.google.com/maps?q=-12.99372,22.72853",Frontera,-12.99372,22.72853
Frontera · Entrada subida — Santa Clara/Oshikango (desde Namibia),"Frontera — Paso principal y más transitado entre Angola y Namibia; carretera asfaltada en ambos lados, infraestructura de control moderna. Punto de entrada de la subida hacia Namibe, Serra da Leba y Tundavala.",,https://theawakeman.github.io/africa2027/paises/angola/#logistica,"https://www.google.com/maps?q=-17.38727,15.89206",Frontera,-17.38727,15.89206
Frontera · Alternativa subida — Ruacana/Ruacaná,"Frontera — Puesto de Ruacana/Ruacaná entre Namibia y Angola, distinto del paso de Omahenene y de la presa de Calueque. El pin marca el control fronterizo real. Es una alternativa occidental a Santa Clara; confirmar horario, estado de la pista angoleña, tramitación del vehículo y restricciones antes de elegirla.",,https://theawakeman.github.io/africa2027/paises/angola/#logistica,"https://www.google.com/maps?q=-17.39226,14.22332",Frontera,-17.39226,14.22332
Embajada de España en Luanda,"Consular — Rua Frederico Welwitsch 84, Torre Maculusso, 12º andar C, Postal 3061, Luanda. Tel. +244 222 391 166/187/188 · Emergencia consular: +244 929 900 900.",,https://theawakeman.github.io/africa2027/paises/angola/#logistica,"https://www.google.com/maps?q=-8.80901,13.23742",Consulado,-8.80901,13.23742
Hospital Américo Boavida — Luanda,Hospital — Hospital público de referencia de la capital. El pin marca el complejo real; confirmar admisión y cobertura del seguro.,,https://theawakeman.github.io/africa2027/paises/angola/#logistica,"https://www.google.com/maps?q=-8.82421,13.25985",Hospital,-8.82421,13.25985
Hospital Central da Huíla — Lubango,"Hospital — Referencia hospitalaria del tramo de Serra da Leba y Tundavala, en la subida entre Namibe y la costa.",,https://theawakeman.github.io/africa2027/paises/angola/#logistica,"https://www.google.com/maps?q=-14.91992,13.48044",Hospital,-14.91992,13.48044
Combustible · Luanda / Lobito,"Combustible — Mejor oferta y calidad del país (Sonangol, Pumangol) en las dos grandes ciudades costeras; repostar a fondo en ambas.",,https://theawakeman.github.io/africa2027/paises/angola/#logistica,"https://www.google.com/maps?q=-8.8383,13.2344",Combustible,-8.8383,13.2344
Combustible · M'banza-Kongo / Uíge (eje norte),"Combustible — Estaciones formales en el desvío norte antes de bajar a Luanda; confirmar disponibilidad, oferta más limitada que en la costa.",,https://theawakeman.github.io/africa2027/paises/angola/#logistica,"https://www.google.com/maps?q=-6.2667,14.25",Combustible,-6.2667,14.25
Combustible · Malanje,"Combustible — Base del triángulo de Malanje (Pedras Negras, Kalandula, Cangandala): combustible formal, hospital provincial, hoteles y mercado. Última plaza grande antes del altiplano.",,https://theawakeman.github.io/africa2027/paises/angola/#logistica,"https://www.google.com/maps?q=-9.5402,16.341",Combustible,-9.5402,16.341
Huambo · base logística del altiplano,"Combustible — Segunda ciudad del país (la antigua Nova Lisboa), a 1.700 m: combustible, talleres, hospital provincial y hoteles. Punto de partida hacia el Morro do Moco (70 km al oeste, hasta la aldea de Kanjonde) y hacia Bailundo.",,https://theawakeman.github.io/africa2027/paises/angola/#logistica,"https://www.google.com/maps?q=-12.77398,15.74685",Combustible,-12.77398,15.74685
Combustible · Kuito (Bié),"Combustible — Capital de Bié y única parada de servicios entre Huambo y Luena; repostar aquí aunque el depósito no esté bajo, porque el siguiente tramo son ~400 km de asfalto degradado.",,https://theawakeman.github.io/africa2027/paises/angola/#logistica,"https://www.google.com/maps?q=-12.3833,16.9333",Combustible,-12.3833,16.9333
Benguela · servicios de costa,"Combustible — Junto con Lobito (30 km), la gran plaza de servicios de la costa central en la subida: combustible, talleres, recambios, hospital y alojamiento.",,https://theawakeman.github.io/africa2027/paises/angola/#logistica,"https://www.google.com/maps?q=-12.57814,13.39925",Combustible,-12.57814,13.39925
Tombwa · último servicio antes del desierto profundo,Combustible — Último pueblo con combustible (irregular) antes de Baía dos Tigres y del desvío a Virei/Tchitundu-Hulu; confirmar existencias y salir con garrafas llenas desde Namibe.,,https://theawakeman.github.io/africa2027/paises/angola/#logistica,"https://www.google.com/maps?q=-15.80402,11.84498",Combustible,-15.80402,11.84498
"Combustible · Cazombo (extremo este, escaso)","Combustible — Oferta muy limitada e irregular; llegar con depósitos y garrafas de reserva llenas desde Luena, sobre todo si el cruce a Zambia se complica por barro.",,https://theawakeman.github.io/africa2027/paises/angola/#logistica,"https://www.google.com/maps?q=-11.9,22.9",Combustible,-11.9,22.9
Combustible · Namibe (referencia urbana del eje sur),Combustible — Estaciones formales en ambas ciudades; repostar en Namibe antes de Baía dos Tigres/Iona (sin oferta) y de nuevo en Lubango tras Serra da Leba.,,https://theawakeman.github.io/africa2027/paises/angola/#logistica,"https://www.google.com/maps?q=-15.20038,12.14352",Combustible,-15.20038,12.14352
Agua de servicio · Executive Paraíso Hotel (Cabinda),Agua de servicio — [SOLO DUCHA DE HUÉSPED] Hotel real con parking gratuito y seguridad 24 h. No consta toma vehicular: reservar y pactar aparte cualquier volumen.,,https://theawakeman.github.io/africa2027/paises/angola/#agua-combustible,"https://www.google.com/maps?q=-5.55423,12.19184",Agua de servicio,-5.55423,12.19184
Agua de servicio · Luanda's Naval Club,Agua de servicio — [SOLO DUCHA; PRE-RESERVA] Punto para overlanders creado y reseñado en abril de 2026. Aseos y duchas publicados; no consta llenado del depósito.,,https://theawakeman.github.io/africa2027/paises/angola/#agua-combustible,"https://www.google.com/maps?q=-8.7989,13.2249",Agua de servicio,-8.7989,13.2249
Agua de servicio · Pousada Calandula,"Agua de servicio — [SOLO DUCHA DE CAMPISTA] Camping de hotel con reseña de agosto de 2025, aseos y duchas. No publica toma para el vehículo; acordar cualquier litro extra.",,https://theawakeman.github.io/africa2027/paises/angola/#agua-combustible,"https://www.google.com/maps?q=-9.07826,16.00184",Agua de servicio,-9.07826,16.00184
Luvo: arranque de la pista hacia Mbanza Kongo,"difícil · Pista 4x4 — Luvo es el puesto fronterizo con la RD Congo (Lufu) y el inicio de la «carretera» hacia Mbanza Kongo, uno de los tramos más malos del norte del país. Según Bradt, los primeros 75 km desde Luvo son una vía de un solo carril con algunos tramos sellados, y de la frontera a N'zeto hay unos 300 km, de los que unos 200 están asfaltados. Angola Expert sitúa las rutas del norte entre los terrenos más duros del país. — Perro: con condiciones",,https://theawakeman.github.io/africa2027/paises/angola/#ox-1,"https://www.google.com/maps?q=-5.84917,14.08417",4x4 y offroad,-5.84917,14.08417
Soyo: llegada del barco desde Cabinda (alternativa a la RD Congo),"media · Paso técnico — Soyo, en la desembocadura del río Congo, es el puerto donde llega el barco desde Cabinda. French Overlander (marzo de 2025) lo usó para no entrar en la RD Congo: pagaron unos 800 euros por el vehículo y los pasajeros para unas 3 horas de travesía, frente a unos 300 euros por persona y una semana de espera del visado congoleño. El título de su relato habla de serios contratiempos en la travesía. — Perro: sin dato",,https://theawakeman.github.io/africa2027/paises/angola/#ox-2,"https://www.google.com/maps?q=-6.13472,12.36889",4x4 y offroad,-6.13472,12.36889
Cascadas de Kalandula: tramo final de pista,"media · Pista 4x4 — Kalandula es una de las mayores cascadas de África por caudal (unos 100 m de alto y 400 m de ancho),. La carretera principal desde Luanda ha mejorado, pero los últimos kilómetros siguen con baches y barro y conviene un 4x4 robusto. Hay un mirador principal, la vista lateral desde la Pousada da Calandula y un descenso empinado a la base con guía local. — Perro: con condiciones",,https://theawakeman.github.io/africa2027/paises/angola/#ox-3,"https://www.google.com/maps?q=-9.07444,16.00333",4x4 y offroad,-9.07444,16.00333
Pedras Negras de Pungo Andongo: bivac entre monolitos,"media · Oasis o bivac — Son unos monolitos negros redondeados, con tonos de colores por los líquenes, que se alzan sobre la sabana de Malanje. French Overlander (marzo de 2025) los visitó tras Kalandula y destaca las excelentes posibilidades de acampada libre entre las rocas. Es un buen bivac de etapa en el bucle Luanda–Kalandula. — Perro: con condiciones",,https://theawakeman.github.io/africa2027/paises/angola/#ox-4,"https://www.google.com/maps?q=-9.66944,15.58917",4x4 y offroad,-9.66944,15.58917
Cachoeiras do Binga (río Keve o Cuvo),"fácil · Pista 4x4 — Son una serie de cascadas y canales del río Keve, también llamado Cuvo, en el municipio de Conda (Cuanza Sul), entre rocas antiguas y vegetación de ribera, con una pasarela peatonal sobre el río. Están unos 30 km tierra adentro desde Sumbe y a unos 350 km al sur de Luanda por la EN-100. El acceso es fácil o moderado; un 4x4 da comodidad en el tramo final. — Perro: con condiciones",,https://theawakeman.github.io/africa2027/paises/angola/#ox-5,"https://www.google.com/maps?q=-10.98833,14.09194",4x4 y offroad,-10.98833,14.09194
Fenda da Tundavala y pistas del borde de la Chela,"fácil · Pista 4x4 — La Tundavala es una grieta en el borde de la sierra de la Chela, a más de 2.200 m, con caídas verticales sobre la llanura de Namibe. Se llega por asfalto desde Lubango y, según French Overlander (enero de 2026), hay pistas sin asfaltar alrededor de la fenda para buscar otros miradores. Es el gran balcón del sur de Angola y complemento de la Serra da Leba. — Perro: con condiciones",,https://theawakeman.github.io/africa2027/paises/angola/#ox-6,"https://www.google.com/maps?q=-14.81746,13.38153",4x4 y offroad,-14.81746,13.38153
Serra da Leba: el puerto de las curvas,"fácil · Paso técnico — Es la carretera más icónica de Angola: unas 56 curvas talladas en la roca a finales de los años sesenta para bajar del planalto de Huíla (más de 2.000 m) hacia el desierto de Namibe (unos 1.000 m). Está asfaltada y no requiere 4x4, pero es un puerto de montaña espectacular con mirador y cascada. Enlaza Lubango con Namibe y es parada obligada para cualquier overlander. — Perro: con condiciones",,https://theawakeman.github.io/africa2027/paises/angola/#ox-7,"https://www.google.com/maps?q=-15.07679,13.23432",4x4 y offroad,-15.07679,13.23432
Lagoa do Arco y Colinas do Curoca,"media · Oasis o bivac — El Arco es un arco de piedra en un antiguo oasis del desierto de Namibe, cerca de Tômbua, junto a las colinas del Curoca (el «valle de los espíritus», con cañones de arenisca rojos, naranjas y grises de 400 a 600 m). French Overlander (febrero de 2026) cuenta que las lagunas están secas desde 2014 por la falta de lluvias. Es una excursión clásica en pista entre Namibe y Tômbua. — Perro: con condiciones",,https://theawakeman.github.io/africa2027/paises/angola/#ox-8,"https://www.google.com/maps?q=-15.77573,12.06897",4x4 y offroad,-15.77573,12.06897
Tômbua: último repostaje antes de Iona y la costa del Namib,"fácil · Repostaje — Tômbua es una ciudad pesquera con salinas en el extremo sur de la EN-100 asfaltada. Desde aquí la vía se convierte en pista y en la travesía por la playa y las dunas hacia Baía dos Tigres y la desembocadura del Cunene. Angola Expert la señala, con Namibe, como último punto de abastecimiento. — Perro: sí",,https://theawakeman.github.io/africa2027/paises/angola/#ox-9,"https://www.google.com/maps?q=-15.80389,11.84472",4x4 y offroad,-15.80389,11.84472
Corredor de playa hacia Baía dos Tigres (solo con marea baja),muy difícil · Paso técnico — Al sur de Tômbua hay unos 50 km de pistas junto al océano con dunas cada vez más altas; a los 30 km solo queda un estrecho pasillo de arena entre las dunas y el mar que únicamente se puede pasar con marea baja. French Overlander (febrero de 2026) renunció a seguir por ir con un solo vehículo y sin comunicación. Angola Expert describe la pista de playa Tômbua–Foz do Cunene como dependiente de la marea y de entrada y salida por el mismo sitio. Coordenada: la bahía de los Tigres en el continente (aprox.). — Perro: sin dato,,https://theawakeman.github.io/africa2027/paises/angola/#ox-10,"https://www.google.com/maps?q=-16.64861,11.78139",4x4 y offroad,-16.64861,11.78139
Foz do Cunene: desembocadura del Cunene en el Parque de Iona,"muy difícil · Oasis o bivac — Es el extremo sur de la EN-100, donde el río Cunene (frontera con Namibia) llega al Atlántico, con humedales de aves migratorias en pleno desierto del Namib. Se llega por la pista costera desde Tômbua, dependiente de las mareas, o por las pistas interiores del Parque Nacional de Iona, gestionado por African Parks desde 2020. Es la meta más remota y codiciada del overland angoleño. — Perro: sin dato",,https://theawakeman.github.io/africa2027/paises/angola/#ox-11,"https://www.google.com/maps?q=-17.26667,11.79917",4x4 y offroad,-17.26667,11.79917
Oncócua: cruce de pistas hacia Iona,"difícil · Pista 4x4 — Oncócua, en el Cunene, es el cruce clave de las pistas que van de Ruacana a Iona. Desde aquí, 80-120 km o más de barrancos profundos, arena suelta y piedra llevan al parque, a velocidades de 10-30 km/h. Una variante por el río Ovipaka hasta Espinheira se comprobó practicable con un Land Cruiser 105 en mayo de 2025. — Perro: con condiciones",,https://theawakeman.github.io/africa2027/paises/angola/#ox-12,"https://www.google.com/maps?q=-16.65556,13.42333",4x4 y offroad,-16.65556,13.42333
Espinheira: interior del Parque Nacional de Iona,"difícil · Oasis o bivac — Espinheira es un antiguo poblado abandonado en el interior del Parque Nacional de Iona, un desierto del Namib con Welwitschia mirabilis. Es uno de los puntos que Angola Expert cita en los recorridos por el parque (junto a Baía dos Tigres, Otchifengo y las llanuras de welwitschias) y el destino de la variante del río Ovipaka desde Oncócua. En el parque se han reintroducido jirafas de Angola en 2023 y 2024. — Perro: sin dato",,https://theawakeman.github.io/africa2027/paises/angola/#ox-13,"https://www.google.com/maps?q=-16.74444,12.37667",4x4 y offroad,-16.74444,12.37667
Frontera · Entrada — Noordoewer/Vioolsdrif (desde Sudáfrica),"Frontera — Paso principal con Sudáfrica sobre el río Orange, en la N7/B1. Confirmar el horario vigente y los trámites del vehículo antes de salir; pagar las tasas aplicables en el puesto y no convertir referencias históricas de horario en una garantía para 2027.",,https://theawakeman.github.io/africa2027/paises/namibia/#logistica,"https://www.google.com/maps?q=-28.75,17.6167",Frontera,-28.75,17.6167
Frontera · Salida principal — Oshikango/Santa Clara (hacia Angola),"Frontera — Paso más transitado hacia Angola, complejo moderno y carretera asfaltada en ambos lados, con horario largo (confirmar si sigue siendo 24 h). Mucho camión y mucho comercio transfronterizo. Coherente con la ficha de Angola, que lo documenta como entrada principal de la subida.",,https://theawakeman.github.io/africa2027/paises/namibia/#logistica,"https://www.google.com/maps?q=-17.38727,15.89206",Frontera,-17.38727,15.89206
Frontera · Salida alternativa — Ruacana/Ruacaná (hacia Angola),"Frontera — Puesto de Ruacana/Ruacaná, distinto de Omahenene y de la presa de Calueque. El pin marca el control fronterizo real. Es la alternativa occidental si se sale del Kaokoland por Epupa; confirmar horario, tramitación de vehículos extranjeros y estado de la pista angoleña antes de elegirla.",,https://theawakeman.github.io/africa2027/paises/namibia/#logistica,"https://www.google.com/maps?q=-17.39226,14.22332",Frontera,-17.39226,14.22332
Embajada de España en Windhoek,"Consular — 58 Simeon Shixungileni Street, Windhoek. Tel. +264 (0)61 22 30 66 · Emergencia consular 24h: +264 85 128 0571 · emb.windhoek@maec.es. Es la única representación española propia entre Sudáfrica y Angola.",,https://theawakeman.github.io/africa2027/paises/namibia/#logistica,"https://www.google.com/maps?q=-22.5667,17.0833",Consulado,-22.5667,17.0833
Windhoek Central Hospital / Lady Pohamba Private Hospital,"Hospital — Windhoek Central, Lady Pohamba y Roman Catholic Hospital son referencias urbanas que deben confirmarse con el seguro antes de una derivación. Coordenada urbana aproximada.",,https://theawakeman.github.io/africa2027/paises/namibia/#logistica,"https://www.google.com/maps?q=-22.575,17.0833",Hospital,-22.575,17.0833
Cottage Medi-Clinic Swakopmund,"Hospital — Clínica privada de Swakopmund; confirmar especialidad, admisión y cobertura con el seguro antes de acudir. Coordenada urbana aproximada.",,https://theawakeman.github.io/africa2027/paises/namibia/#logistica,"https://www.google.com/maps?q=-22.6783,14.5267",Hospital,-22.6783,14.5267
"Oficina central de Namibia Wildlife Resorts (NWR), Windhoek","Servicio — NWR gestiona reservas de sus alojamientos y campings. Los permisos de parques y de zonas especiales corresponden al MEFT, que advierte expresamente que NWR no los expide. Los campings de Sesriem y Etosha se agotan con meses de antelación en temporada alta: reservar online desde casa.",,https://theawakeman.github.io/africa2027/paises/namibia/#logistica,"https://www.google.com/maps?q=-22.57,17.085",Servicio,-22.57,17.085
Oficina del MEFT en Swakopmund,"Servicio — Referencia administrativa en Swakopmund para consultar permisos del Namib-Naukluft y el estado de las pistas; confirmar dirección, horario y competencia con MEFT antes de acudir.",,https://theawakeman.github.io/africa2027/paises/namibia/#logistica,"https://www.google.com/maps?q=-22.68,14.53",Servicio,-22.68,14.53
Combustible · Windhoek / Swakopmund / Walvis Bay,"Combustible — Windhoek, Swakopmund y Walvis Bay concentran estaciones y servicios. Elegir puntos concretos, comprobar stock y llenar antes de los tramos largos del desierto y del noroeste.",,https://theawakeman.github.io/africa2027/paises/namibia/#logistica,"https://www.google.com/maps?q=-22.6783,14.5267",Combustible,-22.6783,14.5267
Combustible · Solitaire (eje a Sossusvlei),Combustible — Solitaire es un candidato de repostaje del eje hacia Sossusvlei. Confirmar que el surtidor opera y tiene stock; no iniciar el tramo dependiendo de una única estación sin verificación reciente.,,https://theawakeman.github.io/africa2027/paises/namibia/#logistica,"https://www.google.com/maps?q=-23.8667,16.0",Combustible,-23.8667,16.0
Combustible · Keetmanshoop / Aus / Lüderitz (sur),"Combustible — Keetmanshoop, Aus y Lüderitz son las plazas candidatas del eje sur. Confirmar estación, horario y stock antes del desvío a la costa del Sperrgebiet.",,https://theawakeman.github.io/africa2027/paises/namibia/#logistica,"https://www.google.com/maps?q=-26.5833,18.1333",Combustible,-26.5833,18.1333
Combustible · Palmwag / Sesfontein / Opuwo (noroeste),"Combustible — Opuwo es la principal base de banco, supermercado y taller antes de las pistas del Kaokoland. Palmwag y Sesfontein son candidatos de combustible, pero hay que confirmar existencias y entrar con autonomía completa y margen.",,https://theawakeman.github.io/africa2027/paises/namibia/#logistica,"https://www.google.com/maps?q=-19.8833,13.95",Combustible,-19.8833,13.95
Combustible · Terrace Bay y Mile 108 (Skeleton Coast),"Combustible — Terrace Bay tiene surtidor pero reservado en la práctica a huéspedes del resort; Mile 108, en la costa al sur del parque, es el otro punto. No planificar el tramo contando con ninguno de los dos: entrar con el depósito lleno desde Henties Bay o Palmwag.",,https://theawakeman.github.io/africa2027/paises/namibia/#logistica,"https://www.google.com/maps?q=-19.9833,13.0",Combustible,-19.9833,13.0
Agua de servicio · UrbanCamp (Windhoek),"Agua de servicio — [DUCHA CALIENTE DE CALIDAD POTABLE; LLENADO CONDICIONADO] Admite camiones, motorhomes y perros educados. Sin grifo vehicular ni carga publicada: pactar litros, toma y coste.",,https://theawakeman.github.io/africa2027/paises/namibia/#agua-combustible,"https://www.google.com/maps?q=-22.55454,17.09314",Agua de servicio,-22.55454,17.09314
Agua de servicio · Alte Brücke (Swakopmund),"Agua de servicio — [SOLO DUCHA Y LAVAMANOS PUBLICADOS] Cada parcela tiene baño privado y electricidad. Sin potabilidad ni llenado acreditados; confirmar volumen, toma, coste y perro.",,https://theawakeman.github.io/africa2027/paises/namibia/#agua-combustible,"https://www.google.com/maps?q=-22.68638,14.52543",Agua de servicio,-22.68638,14.52543
Agua de servicio · Sossus Oasis (Sesriem),"Agua de servicio — [DUCHA Y FREGADO EN PARCELA; LLENADO CONDICIONADO] Aseo, ducha solar y fregadero propios. Sin potabilidad ni volumen publicados; reservar y entrar con autonomía.",,https://theawakeman.github.io/africa2027/paises/namibia/#agua-combustible,"https://www.google.com/maps?q=-24.49103,15.80322",Agua de servicio,-24.49103,15.80322
Agua de servicio · Etosha Trading Post,"Agua de servicio — [AGUA CORRIENTE EN PARCELA; LLENADO CONDICIONADO] Ducha, lavamanos y fregado junto a Andersson Gate. Pactar litros, manguera, coste, tratamiento y perro.",,https://theawakeman.github.io/africa2027/paises/namibia/#agua-combustible,"https://www.google.com/maps?q=-19.38793,15.93538",Agua de servicio,-19.38793,15.93538
Agua de servicio · Palmwag Campsite,Agua de servicio — [DUCHA Y LAVAMANOS; NO MASCOTAS] Parcela para dos SUV con agua caliente/fría. Sin llenado publicado; elefantes cruzan el camping: no improvisar ni dejar comida fuera.,,https://theawakeman.github.io/africa2027/paises/namibia/#agua-combustible,"https://www.google.com/maps?q=-19.88716,13.93752",Agua de servicio,-19.88716,13.93752
Agua de servicio · Opuwo Country Lodge,"Agua de servicio — [AGUA CALIENTE/FRÍA Y FREGADERO; LLENADO CONDICIONADO] Parcela vallada con baño y cocina. Mejor candidata antes de Kaokoland; pactar ambos coches, calidad, coste y perro.",,https://theawakeman.github.io/africa2027/paises/namibia/#agua-combustible,"https://www.google.com/maps?q=-18.04459,13.83341",Agua de servicio,-18.04459,13.83341
Opuwo: último abastecimiento antes de Kaokoland,"fácil · Repostaje — Opuwo es la capital de la región de Kunene y la puerta de Kaokoland. Wikivoyage la señala como el último sitio donde comprar provisiones, con poca oferta de producto fresco. Desde aquí salen las pistas hacia Okanguati, Epupa, Etanga y Otjitanda, el arranque de Van Zyl's Pass. — Perro: sí",,https://theawakeman.github.io/africa2027/paises/namibia/#ox-1,"https://www.google.com/maps?q=-18.055,13.8387",4x4 y offroad,-18.055,13.8387
Okanguati (Okangwati): gasóleo en bidones antes de Otjitanda,fácil · Repostaje — Okanguati es un pueblo himba de unos 850 habitantes entre Opuwo y Epupa. Tracks4Africa lo cita como uno de los puntos de Kaokoland con combustible en bidones. Es el último núcleo con algo de comercio antes de subir a Otjitanda. — Perro: con condiciones,,https://theawakeman.github.io/africa2027/paises/namibia/#ox-2,"https://www.google.com/maps?q=-17.43198,13.27188",4x4 y offroad,-17.43198,13.27188
Otjitanda: arranque de Van Zyl's Pass,"difícil · Pista 4x4 — Otjitanda es una aldea himba a unos 1.340 m, al borde de la meseta, desde donde se entra a Van Zyl's Pass. El paso se hace en sentido este-oeste, bajando hacia el Marienfluss, así que este es el punto de no retorno. Cerca está el camping comunitario de Van Zyl's Pass, usado como base la noche anterior. — Perro: con condiciones",,https://theawakeman.github.io/africa2027/paises/namibia/#ox-3,"https://www.google.com/maps?q=-17.62939,12.85571",4x4 y offroad,-17.62939,12.85571
Van Zyl's Pass (bajada al Marienfluss),"muy difícil · Paso técnico — Es la pista más famosa de Namibia: unos 15 km de roca suelta, peraltes y bajadas muy pronunciadas que llevan de la meseta de Otjitanda al valle del Marienfluss. Se tarda de dos a seis horas y solo se baja de este a oeste; subirlo se considera demasiado peligroso. Hay restos de vehículos en las laderas. — Perro: con condiciones",,https://theawakeman.github.io/africa2027/paises/namibia/#ox-4,"https://www.google.com/maps?q=-17.66933,12.70202",4x4 y offroad,-17.66933,12.70202
Valle del Marienfluss,"media · Pista 4x4 — Es un valle ancho de hierba y arena entre montañas, con círculos de hadas, que baja desde Van Zyl's Pass y Red Drum hasta el río Kunene. La pista recorre el valle de sur a norte hasta los campings comunitarios de Okarohombo y Syncro. Es uno de los paisajes más remotos de Namibia. — Perro: con condiciones",,https://theawakeman.github.io/africa2027/paises/namibia/#ox-5,"https://www.google.com/maps?q=-17.57943,12.58356",4x4 y offroad,-17.57943,12.58356
Camp Syncro y Okarohombo: campings en el Kunene,"media · Oasis o bivac — Son los campings al final del Marienfluss, junto al río Kunene y la frontera de Angola. Okarohombo es comunitario, con dos bloques de duchas y aseos, y es difícil reservarlo por adelantado. Camp Syncro está a pocos km; un viajero lo encontró algo descuidado. Es la meta natural de la bajada por Van Zyl's. — Perro: sin dato",,https://theawakeman.github.io/africa2027/paises/namibia/#ox-6,"https://www.google.com/maps?q=-17.26401,12.44394",4x4 y offroad,-17.26401,12.44394
Red Drum (Rooidrom): cruce hacia Marienfluss y Hartmann,"difícil · Paso técnico — Es un bidón de aceite pintado de rojo que marca el cruce de pistas donde se separan los caminos al Marienfluss y al valle de Hartmann. Forma parte del sistema de bidones de colores (azul, naranja y verde) que sirven de referencia en esta zona sin carteles. Es la entrada sur al Marienfluss para quien no quiere bajar Van Zyl's. — Perro: con condiciones",,https://theawakeman.github.io/africa2027/paises/namibia/#ox-7,"https://www.google.com/maps?q=-17.79611,12.52306",4x4 y offroad,-17.79611,12.52306
Valle de Hartmann: mirador sobre el Kunene,"muy difícil · Dunas — Es el valle paralelo al Marienfluss, más al oeste, de arena y dunas entre montañas, que termina en un mirador sobre el Kunene. Se entra desde Red Drum o desde los bidones de colores por el paso de Hartmann, una pista de roca con tres tramos técnicos. Es el rincón más aislado de Kaokoland. — Perro: con condiciones",,https://theawakeman.github.io/africa2027/paises/namibia/#ox-8,"https://www.google.com/maps?q=-17.33691,12.18899",4x4 y offroad,-17.33691,12.18899
Orupembe: gasóleo en bidones y policía,"media · Repostaje — Orupembe es una aldea con pozo y comisaría en el cruce de pistas del oeste de Kaokoland, entre Purros, Red Drum y los bidones de colores. Tracks4Africa la cita como punto de combustible en bidones. Es la base para los ríos Khumib y Hoarusib y para entrar al Marienfluss por el sur. — Perro: con condiciones",,https://theawakeman.github.io/africa2027/paises/namibia/#ox-9,"https://www.google.com/maps?q=-18.1594,12.5632",4x4 y offroad,-18.1594,12.5632
Purros y el río Hoarusib,"media · Oasis o bivac — Purros es una pequeña aldea en el cauce del Hoarusib, con camping comunitario y pista de aterrizaje. Desde aquí se recorre en 4x4 el lecho seco del Hoarusib y del Khumib hacia Orupembe; en Wikiloc hay un track público de Purros a Orupembe por esos dos ríos. Es zona de elefantes del desierto. — Perro: con condiciones",,https://theawakeman.github.io/africa2027/paises/namibia/#ox-10,"https://www.google.com/maps?q=-18.77221,12.95186",4x4 y offroad,-18.77221,12.95186
Sesfontein: gasóleo y entrada al río Hoanib,"fácil · Repostaje — Sesfontein es un pueblo con un fuerte alemán de 1896 reconvertido en alojamiento y seis fuentes que le dan nombre. Desde aquí se entra al cauce seco del Hoanib, el mejor río de la zona para ver elefantes del desierto; en 2024 se pagaban 100 N$ por persona y 100 N$ por vehículo al día en una barrera con guardas. Al oeste de Amspoort el valle es concesión privada y no se puede seguir. — Perro: con condiciones",,https://theawakeman.github.io/africa2027/paises/namibia/#ox-11,"https://www.google.com/maps?q=-19.133,13.617",4x4 y offroad,-19.133,13.617
Messum Crater (Dorob y conservancy de Tsiseb),"difícil · Pista 4x4 — Es una gran caldera volcánica erosionada de unos 20 km de diámetro entre la costa y el Brandberg, repartida entre el Parque Nacional de Dorob y la conservancy de Tsiseb. Se entra por el lecho del río Messum. El paisaje, de roca volcánica, llanuras y líquenes, es de los más solitarios del país. — Perro: con condiciones",,https://theawakeman.github.io/africa2027/paises/namibia/#ox-12,"https://www.google.com/maps?q=-21.41121,14.21634",4x4 y offroad,-21.41121,14.21634
Henties Bay: repostaje para Messum y la costa,"fácil · Repostaje — Es un pueblo de vacaciones conocido por la pesca y el 4x4, a unos 70 km al norte de Swakopmund. Desde aquí se va a Messum Crater por la costa y el río Messum, y hacia el norte a Cape Cross y al Skeleton Coast Park. Sirve de base para los permisos (MEFT tiene oficina en Swakopmund). — Perro: sí",,https://theawakeman.github.io/africa2027/paises/namibia/#ox-13,"https://www.google.com/maps?q=-22.11597,14.28266",4x4 y offroad,-22.11597,14.28266
Uis: gasolinera al pie del Brandberg,"fácil · Repostaje — Uis es un antiguo pueblo minero del estaño a los pies del Brandberg, la montaña más alta de Namibia. Wikivoyage describe un circuito de unos 125 km alrededor del macizo, fácil de navegar y conducir, a 10-15 km/h. Es el punto de salida para la White Lady y para Messum por la D2342. — Perro: sí",,https://theawakeman.github.io/africa2027/paises/namibia/#ox-14,"https://www.google.com/maps?q=-21.21861,14.8675",4x4 y offroad,-21.21861,14.8675
Sandwich Harbour: paso de playa con marea baja,"muy difícil · Paso técnico — Es la laguna donde las dunas del Namib caen al Atlántico, dentro del Parque Namib-Naukluft. El último tramo, de unos 5 km, obliga a ir por la playa entre las dunas y el mar, y solo es practicable unas horas alrededor de la marea baja. Es la conducción en arena más espectacular del país y también de las más arriesgadas. — Perro: no",,https://theawakeman.github.io/africa2027/paises/namibia/#ox-15,"https://www.google.com/maps?q=-23.39083,14.47472",4x4 y offroad,-23.39083,14.47472
Sesriem: puerta del Namib-Naukluft y gasolinera,"fácil · Repostaje — Sesriem es poco más que una gasolinera, el camping y la oficina de MEFT, en la puerta del Namib-Naukluft hacia Sossusvlei. Desde aquí son unos 60 km de asfalto y 5 km de arena hasta las cubetas. El cañón de Sesriem está a 3,5-4 km. — Perro: no",,https://theawakeman.github.io/africa2027/paises/namibia/#ox-16,"https://www.google.com/maps?q=-24.48692,15.80117",4x4 y offroad,-24.48692,15.80117
Sossusvlei: aparcamiento 2x4 y pista de arena de 5 km,"media · Dunas — En el aparcamiento 2x4 termina el asfalto y empieza la pista de arena blanda de unos 5 km hasta Sossusvlei y el aparcamiento de Deadvlei. Tras varios intentos de prohibirlo (desde el 15-12-2025 y el 1-05-2026), el Ministerio anunció el 2 de mayo de 2026 que los visitantes con 4x4 pueden seguir entrando; los autobuses y camiones no. La otra opción es el shuttle del concesionario (unos 250-260 N$ por adulto). — Perro: no",,https://theawakeman.github.io/africa2027/paises/namibia/#ox-17,"https://www.google.com/maps?q=-24.73009,15.32277",4x4 y offroad,-24.73009,15.32277
Naukluft 4x4 Trail (salida desde Naukluft Camp),"difícil · Pista 4x4 — Es una ruta de unos 73 km en dos días por pistas estrechas de roca en las montañas del Naukluft, dentro del parque. Está pensada para probar al conductor, no al vehículo: se conduce despacio y en marchas cortas. Solo se admite un grupo a la vez en la meseta, con un máximo de 16 personas y cuatro vehículos. — Perro: no",,https://theawakeman.github.io/africa2027/paises/namibia/#ox-18,"https://www.google.com/maps?q=-24.26517,16.23911",4x4 y offroad,-24.26517,16.23911
Tsumkwe: último repostaje antes de Khaudum y Nyae Nyae,"fácil · Repostaje — Tsumkwe es el centro de la antigua Bushmanland y de la conservancy de Nyae Nyae (unos 9.000 km², más de 1.500 elefantes). Desde aquí salen la pista de 4x4 a las salinas de Nyae Nyae, la del norte a Khaudum por Sikereti y la frontera de Dobe con Botsuana. — Perro: sí",,https://theawakeman.github.io/africa2027/paises/namibia/#ox-19,"https://www.google.com/maps?q=-19.5918,20.5029",4x4 y offroad,-19.5918,20.5029
Khaudum: camping de Sikereti (sector sur),"muy difícil · Oasis o bivac — Sikereti es el camping sur del Parque Nacional de Khaudum, reabierto en julio de 2025 con ocho tiendas con baño y cuatro parcelas para grupos de hasta cuatro vehículos, sin vallas. Khaudum es el parque más remoto de Namibia, con miles de elefantes, licaones y leones y pistas de arena muy profunda. Solo se admite en 4x4 y en convoy. — Perro: no",,https://theawakeman.github.io/africa2027/paises/namibia/#ox-20,"https://www.google.com/maps?q=-19.10731,20.70548",4x4 y offroad,-19.10731,20.70548
Sendelingsdrift: pontón fronterizo sobre el Orange,"fácil · Paso técnico — Es el paso fronterizo con pontón sobre el río Orange que une Namibia con el Richtersveld sudafricano dentro del parque transfronterizo. Opera de 8:00 a 16:15 y admite hasta 6 t: dos 4x4 sin remolque o uno con remolque. Tras las crecidas, reabrió el 16 de febrero de 2026. Ahorra un rodeo de unos 485 km. — Perro: no",,https://theawakeman.github.io/africa2027/paises/namibia/#ox-21,"https://www.google.com/maps?q=-28.16667,16.89",4x4 y offroad,-28.16667,16.89
Frontera · Entrada — Martin's Drift / Groblersbrug (desde Botsuana),"Frontera — HORARIO 06:00-22:00, sobre el río Limpopo, en la N11 hacia Mokopane. Es la salida que ya elige la ficha de Botsuana después del Tuli Block. Mucho camión de carga: evitar las horas punta de media mañana y media tarde. Declarar el vehículo extranjero en el sistema SARS Traveller Management System (TMS) antes de cruzar. Restricciones fitosanitarias al entrar: fruta, verdura y productos de origen animal.",,https://theawakeman.github.io/africa2027/paises/sudafrica/#logistica,"https://www.google.com/maps?q=-22.6167,28.0333",Frontera,-22.6167,28.0333
Frontera · Salida — Vioolsdrif / Noordoewer (hacia Namibia),"Frontera — OPERATIVO 24 HORAS, sobre el río Orange, en la N7. Es el paso principal del suroeste africano y el que la ficha de Namibia documenta como entrada. Colas largas en vacaciones escolares sudafricanas y a fin de año. Repetir la declaración SARS/TMS de salida del vehículo. Del lado namibio se paga el Cross-Border Charge en la oficina de la Road Fund Administration.",,https://theawakeman.github.io/africa2027/paises/sudafrica/#logistica,"https://www.google.com/maps?q=-28.7583,17.6167",Frontera,-28.7583,17.6167
Frontera · Alternativa — Sendelingsdrift (pontón al Richtersveld namibio),"Frontera — Pontón sobre el río Orange dentro del parque transfronterizo, con horario corto y sujeto al nivel del agua y al peso del vehículo. Permite pasar del Richtersveld sudafricano al namibio sin dar la vuelta por Vioolsdrif. CONFIRMAR límite de peso y anchura antes de contar con él para dos vehículos de expedición cargados — si no despacha, la salida es Vioolsdrif sin discusión.",,https://theawakeman.github.io/africa2027/paises/sudafrica/#logistica,"https://www.google.com/maps?q=-28.125,16.885",Frontera,-28.125,16.885
Frontera · Alternativa este — Lebombo (hacia Mozambique),"Frontera — Paso principal hacia Mozambique junto a Komatipoort y la puerta de Crocodile Bridge de Kruger. NO se usa en esta ruta (Mozambique queda antes en el bucle), se documenta como salida de emergencia del corredor este.",,https://theawakeman.github.io/africa2027/paises/sudafrica/#logistica,"https://www.google.com/maps?q=-25.4667,31.9833",Frontera,-25.4667,31.9833
Frontera · Alternativa — Sani Pass (hacia Lesoto),"Frontera — Puesto fronterizo de montaña a 2.876 m, SOLO 4X4, con ambos controles cerrando a las 18:00 y cierre por nieve sin aviso. Entrar en Lesoto con el perro exige su propio permiso veterinario: valorar subir solo hasta el control sudafricano.",,https://theawakeman.github.io/africa2027/paises/sudafrica/#logistica,"https://www.google.com/maps?q=-29.5872,29.2878",Frontera,-29.5872,29.2878
Embajada de España en Pretoria,"Consular — Lord Charles Complex, 337 Brooklyn Road, Brooklyn, Pretoria 0181. Tel. +27 12 460 0123 · Emergencia consular (Gauteng y norte): +27 (0)76 114 61 51. Es la representación española de referencia para todo el bloque sur del viaje.",,https://theawakeman.github.io/africa2027/paises/sudafrica/#logistica,"https://www.google.com/maps?q=-25.755,28.2378",Consulado,-25.755,28.2378
Consulado General de España en Ciudad del Cabo,"Consular — Atención durante los meses de sesión parlamentaria. Emergencia consular (Western Cape, Eastern Cape, KwaZulu-Natal, Northern Cape): +27 76 114 61 52.",,https://theawakeman.github.io/africa2027/paises/sudafrica/#logistica,"https://www.google.com/maps?q=-33.9249,18.4241",Consulado,-33.9249,18.4241
Groote Schuur Hospital — Ciudad del Cabo,"Hospital — Hospital universitario de referencia (aquí se hizo el primer trasplante de corazón del mundo en 1967). Junto con los privados del grupo Mediclinic y Netcare, es la mejor sanidad de todo el corredor africano. Coordenada urbana aproximada.",,https://theawakeman.github.io/africa2027/paises/sudafrica/#logistica,"https://www.google.com/maps?q=-33.9403,18.4644",Hospital,-33.9403,18.4644
Charlotte Maxeke / Milpark / Netcare Sunninghill — Johannesburgo,"Hospital — Gauteng concentra la mejor medicina privada del continente (Netcare Milpark es el centro de trauma de referencia de África austral). Para cualquier problema serio del equipo, resolverlo aquí o en Ciudad del Cabo y no más adelante. Coordenada urbana aproximada.",,https://theawakeman.github.io/africa2027/paises/sudafrica/#logistica,"https://www.google.com/maps?q=-26.1833,28.05",Hospital,-26.1833,28.05
Talleres 4x4 de expedición · Gauteng (Johannesburgo-Pretoria),"Servicio — Mayor concentración de preparadores 4x4 de África: ejes de Kyalami, Midrand, Centurion, Strijdom Park (Randburg) y Wynberg. Suspensiones, protecciones, depósitos auxiliares, snorkels, sistemas eléctricos y de 12 V, neveras, lonas y tiendas de techo. Concesionarios oficiales de Ineos y Mitsubishi. PEDIR CITA con antelación y prever 5-7 días de estancia si hay trabajo de fondo.",,https://theawakeman.github.io/africa2027/paises/sudafrica/#logistica,"https://www.google.com/maps?q=-26.05,28.0",Servicio,-26.05,28.0
Talleres 4x4 y recambios · Ciudad del Cabo,"Servicio — Segunda plaza del país, con comunidad overland activa (foros de 4x4community.co.za) y cadenas nacionales de accesorios 4x4, neumáticos y baterías. Es el ÚLTIMO SITIO SERIO antes de la subida por el oeste: a partir de Springbok no hay nada comparable hasta Windhoek.",,https://theawakeman.github.io/africa2027/paises/sudafrica/#logistica,"https://www.google.com/maps?q=-33.9249,18.4241",Servicio,-33.9249,18.4241
Combustible y provisiones · eje N1/N2/N3 y ciudades,"Combustible — Red de estaciones de servicio de primer nivel (Engen, Shell, Sasol, BP, Total, Astron) con tienda, cajero y aseos, y áreas de servicio cada 100-150 km en las autovías. Estaciones ATENDIDAS: no es autoservicio, se da propina al empleado. Diésel de calidad europea.",,https://theawakeman.github.io/africa2027/paises/sudafrica/#logistica,"https://www.google.com/maps?q=-29.8587,31.0218",Combustible,-29.8587,31.0218
"Combustible · eje oeste (Upington, Springbok, Steinkopf)","Combustible — Puntos clave de la subida. Upington es la última plaza grande antes de Kgalagadi y del Richtersveld; Springbok, la última antes de Namaqualand y del Richtersveld; Steinkopf y Vioolsdrif, las últimas antes de la frontera. Entrar al Kgalagadi y al Richtersveld con autonomía completa de ida y vuelta.",,https://theawakeman.github.io/africa2027/paises/sudafrica/#logistica,"https://www.google.com/maps?q=-28.4478,21.2561",Combustible,-28.4478,21.2561
"Veterinarios, laboratorios y residencias caninas · Pretoria y Johannesburgo",Servicio — La facultad de veterinaria de Onderstepoort (Universidad de Pretoria) y los laboratorios privados de Gauteng son EL MEJOR SITIO DE TODO EL VIAJE para poner al día la documentación del perro: titulación de rabia y panel de enfermedades por garrapatas y vectores. Residencias caninas profesionales abundantes en toda el área metropolitana.,,https://theawakeman.github.io/africa2027/paises/sudafrica/#logistica,"https://www.google.com/maps?q=-25.7479,28.2293",Servicio,-25.7479,28.2293
Veterinarios y residencias caninas · Ciudad del Cabo y Winelands,"Servicio — Segunda plaza para el perro: clínicas de nivel europeo, laboratorios, y residencias caninas y de acogida familiar («pet sitting») abundantes en la península y en Somerset West. Reservar los días de Robben Island y de los parques.",,https://theawakeman.github.io/africa2027/paises/sudafrica/#logistica,"https://www.google.com/maps?q=-33.9249,18.4241",Servicio,-33.9249,18.4241
"Residencias caninas · puertas de Kruger (Hoedspruit, Hazyview, White River, Nelspruit)",Servicio — Los pueblos de las puertas de Kruger tienen residencias y guarderías caninas pensadas precisamente para quien entra al parque varios días. Es la solución operativa del tramo este. Confirmar por teléfono y reservar antes de llegar.,,https://theawakeman.github.io/africa2027/paises/sudafrica/#logistica,"https://www.google.com/maps?q=-24.35,30.95",Servicio,-24.35,30.95
Agua de servicio · Country Park (Johannesburgo),"Agua de servicio — [PUNTOS DE AGUA; LLENADO CONDICIONADO] Camping para overlanders con agua central, fregadero y duchas solares. Maps indica mascotas; pactar litros, toma, coste y calidad.",,https://theawakeman.github.io/africa2027/paises/sudafrica/#agua-combustible,"https://www.google.com/maps?q=-26.0578,27.88123",Agua de servicio,-26.0578,27.88123
Agua de servicio · African Overlanders (Ciudad del Cabo),"Agua de servicio — [SOLO DUCHA PUBLICADA; BASE OVERLAND] Duchas calientes, cocina, electricidad y taller. Sin grifo de parcela ni llenado publicado; reservar y negociar cualquier carga.",,https://theawakeman.github.io/africa2027/paises/sudafrica/#agua-combustible,"https://www.google.com/maps?q=-33.59028,18.5378",Agua de servicio,-33.59028,18.5378
Agua de servicio · Springbok Caravan Park,"Agua de servicio — [AGUA EN PARCELA; LLENADO CONDICIONADO] Stands con agua/electricidad y abluciones; perro bajo consulta. Acordar volumen, conexión, sequía, coste y tratamiento.",,https://theawakeman.github.io/africa2027/paises/sudafrica/#agua-combustible,"https://www.google.com/maps?q=-29.67333,17.89899",Agua de servicio,-29.67333,17.89899
Agua de servicio · Twee Rivieren (Kgalagadi),Agua de servicio — [DUCHA Y AGUA MUY MINERALIZADA; NO RECARGA PLANIFICADA] Camping con abluciones. Llevar agua de Upington y 10 l de emergencia; wilderness camps sin agua potable.,,https://theawakeman.github.io/africa2027/paises/sudafrica/#agua-combustible,"https://www.google.com/maps?q=-26.47256,20.61218",Agua de servicio,-26.47256,20.61218
"Richtersveld: Sendelingsdrif (puerta, repostaje y balsa a Namibia)","media · Pista 4x4 — Sendelingsdrif es la entrada principal y el campamento base del Parque Transfronterizo |Ai-|Ais/Richtersveld, un desierto de montaña cogestionado por el pueblo nama y SANParks. Desde aquí salen las pistas a los campings de Potjiespram (11 km), De Hoop (38 km), Richtersberg (48 km) y Kokerboomkloof (80 km). Tiene paso fronterizo y balsa sobre el Orange hacia Namibia, reabierta tras un dragado según SANParks. — Perro: no",,https://theawakeman.github.io/africa2027/paises/sudafrica/#ox-1,"https://www.google.com/maps?q=-28.12475,16.89435",4x4 y offroad,-28.12475,16.89435
Richtersveld: puertos de Swartpoort y Halfmens,"media · Paso técnico — Son los primeros puertos de montaña del circuito interior del Richtersveld, entre Sendelingsdrif y los campings junto al Orange, rodeados de 'halfmens' (Pachypodium namaquanum), la planta emblemática del parque. Según Ostrich Trails son de los fáciles; el más difícil del parque es el Domorogh, con roca, arena, pendiente y escalones. Sirven para calibrar vehículo y conductores antes de lo más duro. — Perro: no",,https://theawakeman.github.io/africa2027/paises/sudafrica/#ox-2,"https://www.google.com/maps?q=-28.14167,16.97786",4x4 y offroad,-28.14167,16.97786
Richtersveld: Helskloof,"difícil · Paso técnico — Hay dos puertos con este nombre. El del interior del parque tiene un gran escalón de roca que conviene inspeccionar a pie antes de pasarlo. El otro, fuera del parque, está en la pista Vioolsdrif–Eksteenfontein, donde la media no pasa de 10 km/h. — Perro: no",,https://theawakeman.github.io/africa2027/paises/sudafrica/#ox-3,"https://www.google.com/maps?q=-28.31914,16.97456",4x4 y offroad,-28.31914,16.97456
Kgalagadi: Nossob y el Nossob 4x4 Eco Trail,"difícil · Pista 4x4 — Nossob es el campamento central del lado sudafricano del Parque Transfronterizo de Kgalagadi y uno de los extremos del Nossob 4x4 Eco Trail: 214 km por las dunas del Kalahari en 4 días y 3 noches, acompañados por un vehículo guía. Sale de Twee Rivieren en los meses pares y de Nossob en los impares, los lunes, y la tarifa incluye una parcela en Nossob. También es el final del Mabuasehube Wilderness Trail que viene de Botsuana. — Perro: no",,https://theawakeman.github.io/africa2027/paises/sudafrica/#ox-4,"https://www.google.com/maps?q=-25.42239,20.59652",4x4 y offroad,-25.42239,20.59652
Namaqua: desembocadura del río Groen (costa Groen-Spoeg),"media · Oasis o bivac — Recepción sur del Parque Nacional de Namaqua y final de la Caracal Eco Route. SANParks describe la franja costera entre los ríos Groen y Spoeg como el único tramo virgen importante que queda de la costa de Namaqualand. Hay unos diez campings costeros (Groenriviermond, Moonbay, Varswater…) con refugios de piedra contra el viento, desde 250 rand la noche. — Perro: no",,https://theawakeman.github.io/africa2027/paises/sudafrica/#ox-5,"https://www.google.com/maps?q=-30.84631,17.57755",4x4 y offroad,-30.84631,17.57755
Sani Pass (cara sudafricana),"difícil · Paso técnico — Es el puerto más famoso del sur de África: sube desde KwaZulu-Natal hasta 2.876 m en el borde del escarpe de Lesoto, con pendientes de hasta 1:3 en la parte de grava. Todo el puerto está en Sudáfrica: el control sudafricano está abajo y la frontera y el puesto de Lesoto, en la cima. Desde 2012 se ha ido asfaltando por fases la parte baja; en 2021 la segunda fase estaba casi terminada. — Perro: con condiciones",,https://theawakeman.github.io/africa2027/paises/sudafrica/#ox-6,"https://www.google.com/maps?q=-29.58814,29.29272",4x4 y offroad,-29.58814,29.29272
Swartberg Pass,"media · Paso técnico — Puerto sin asfaltar de 1.572 m construido por Thomas Bain entre 1883 y 1888, que une Oudtshoorn (Pequeño Karoo) con Prince Albert. Es una de las obras viarias históricas más espectaculares del país y la única vía de acceso a Gamkaskloof (Die Hel). No exige 4x4 en seco, pero sí prudencia. — Perro: sí",,https://theawakeman.github.io/africa2027/paises/sudafrica/#ox-7,"https://www.google.com/maps?q=-33.35225,22.04614",4x4 y offroad,-33.35225,22.04614
Gamkaskloof (Die Hel),"media · Pista 4x4 — Valle aislado de unos 20 km de largo en el corazón del Swartberg, donde vivió una comunidad casi incomunicada hasta que en 1962 se abrió la pista. Hoy es monumento nacional (1997) y parte de la Reserva Natural de Swartberg, con casitas restauradas que gestiona CapeNature. La bajada final pierde casi 580 m en muy poca distancia. — Perro: sin dato",,https://theawakeman.github.io/africa2027/paises/sudafrica/#ox-8,"https://www.google.com/maps?q=-33.3558,21.70813",4x4 y offroad,-33.3558,21.70813
Frontera · Entrada RECOMENDADA — Matchedje / Puente de la Unidad 2 (desde Tanzania),"Frontera — SÍ ES UN PUENTE. Este puesto corresponde al PUENTE DE LA UNIDAD 2 (Unity Bridge 2 / Ponte da Unidade II) sobre el río Rovuma, entre Kivikoni (Tanzania) y Lupilichi-Segunda Congresso (Mozambique), en 11°34′46″S 35°25′47″E — las mismas coordenadas que las guías de fronteras publican como «Matchedje». Horario 06:00-18:00 los siete días. Tel. +258 27 120 446 / +258 82 464 1600. Songea a 130 km al norte, Lichinga a 232 km al sur. Es el ÚNICO paso del Rovuma que NO desemboca en Cabo Delgado: entra directamente en la provincia de Niassa por el oeste. Fama de contrabando de rubíes: registro probable. Repostar a fondo en Songea: entre la frontera y Lichinga no hay suministro.",,https://theawakeman.github.io/africa2027/paises/mozambique/#logistica,"https://www.google.com/maps?q=-11.58,35.4295",Frontera,-11.58,35.4295
Frontera · Entrada DESCARTADA — Negomano/Mtambaswala (Puente de la Unidad 1),"Frontera — El Puente de la Unidad original: 720 m de longitud y 13,8 m de ancho, 18 vanos de hormigón pretensado y dos carriles, construido por China Geo-Engineering entre 2005 y 2010 por 35 millones de dólares, en 11°24′52″S 38°29′39″E. Horario 07:30-16:00. Infraestructura excelente, destino imposible: DESCARTADO porque desemboca en el distrito de Mueda (Cabo Delgado), provincia clasificada en nivel 4 «no viajar», y a ~180 km tierra adentro de Mtwara vía Masasi. Las propias guías de fronteras de Mozambique desaconsejan expresamente usarlo.",,https://theawakeman.github.io/africa2027/paises/mozambique/#logistica,"https://www.google.com/maps?q=-11.4193,38.4962",Frontera,-11.4193,38.4962
Frontera · Entrada DESCARTADA — Kilambo/Namoto (barcaza del Rovuma),"Frontera — NO ES UN PUENTE: es una barcaza para ~6 vehículos 4x4 (u 8 pequeños) en la desembocadura del Rovuma, a unos 40 km al sur de Mtwara. Depende de la marea (necesita ~3 m de agua) y a veces carga y zarpa a la mañana siguiente; el lado mozambiqueño abre 07:00-19:00 pero el tanzano SOLO 07:00-08:00. Contacto operativo: capitán Dula, +255 78 772 4928. DESCARTADO doblemente: por la logística y porque deja al viajero en Quionga, dentro de la zona de ataques. Coordenadas aproximadas.",,https://theawakeman.github.io/africa2027/paises/mozambique/#logistica,"https://www.google.com/maps?q=-10.47,40.44",Frontera,-10.47,40.44
Frontera · Entrada ALTERNATIVA — Zóbuè/Mwanza (desde Malaui),"Frontera — Plan B si la entrada por el Rovuma se descarta por completo: bajar por Malaui y entrar a Mozambique por el corredor de Tete. Carretera asfaltada, tráfico pesado de camiones. Obliga a añadir Malaui a la ruta global y renuncia a todo el norte mozambiqueño (Niassa, Nampula, Ilha de Moçambique). Coordenadas aproximadas: verificar.",,https://theawakeman.github.io/africa2027/paises/mozambique/#logistica,"https://www.google.com/maps?q=-15.6136,34.3856",Frontera,-15.6136,34.3856
Frontera · Salida — Machipanda/Forbes (hacia Zimbabue),"Frontera — Salida prevista del país, a 95 km de Chimoio y a 8 km de Mutare (Zimbabue). Enlace económico principal entre Harare y el puerto de Beira: MUCHÍSIMO camión y atascos que llegan a bloquear la carretera. Llegar temprano. Horario: las fuentes discrepan entre 06:00-20:00 y apertura 24 h acordada en enero de 2024 — confirmar. Tel. +258 25 165 011.",,https://theawakeman.github.io/africa2027/paises/mozambique/#logistica,"https://www.google.com/maps?q=-19.0059,32.7171",Frontera,-19.0059,32.7171
Embajada de España en Maputo,"Consular — Rua Damião de Góis, 347, Caixa Postal 1331, Maputo. Tel. (+258) 21 49 20 25/27/30 · Emergencia consular 24 h: (+258) 84 32 82 900. Es la única representación española del país: cualquier trámite mayor se gestiona aquí, a 2.500 km de la frontera de entrada.",,https://theawakeman.github.io/africa2027/paises/mozambique/#logistica,"https://www.google.com/maps?q=-25.97,32.585",Consulado,-25.97,32.585
Hospital Central de Maputo,"Hospital — Principal hospital de referencia del país. Para lo serio, la práctica regional es la evacuación a Sudáfrica (Nelspruit o Johannesburgo, a 5-6 h por carretera desde Maputo). Alternativa privada: Clínica Cruz Azul.",,https://theawakeman.github.io/africa2027/paises/mozambique/#logistica,"https://www.google.com/maps?q=-25.9575,32.5789",Hospital,-25.9575,32.5789
Hospital Central de Nampula,"Hospital — Mejor referencia sanitaria de todo el norte y el centro-norte: lo más cercano a Ilha de Moçambique, Cuamba y Gurué. Entre Lichinga y Nampula solo hay hospitales rurales.",,https://theawakeman.github.io/africa2027/paises/mozambique/#logistica,"https://www.google.com/maps?q=-15.1165,39.2666",Hospital,-15.1165,39.2666
Hospital Central da Beira,"Hospital — Referencia del centro del país, la mejor opción entre Quelimane y Maputo; cubre Gorongosa, Chimoio y Chimanimani.",,https://theawakeman.github.io/africa2027/paises/mozambique/#logistica,"https://www.google.com/maps?q=-19.8437,34.8389",Hospital,-19.8437,34.8389
Combustible · Lichinga (norte),"Combustible — Primer repostaje formal tras entrar por Matchedje, a 232 km de la frontera. Salir de Songea (Tanzania) con los depósitos y garrafas llenos: en ese tramo no hay garantía ninguna.",,https://theawakeman.github.io/africa2027/paises/mozambique/#logistica,"https://www.google.com/maps?q=-13.3128,35.2406",Combustible,-13.3128,35.2406
Combustible · Cuamba y Nampula,"Combustible — Cuamba es el único repostaje fiable entre Lichinga y Nampula (~350 km). Nampula concentra la mejor oferta y calidad del norte (Petromoc, Total, Puma).",,https://theawakeman.github.io/africa2027/paises/mozambique/#logistica,"https://www.google.com/maps?q=-14.8036,36.5372",Combustible,-14.8036,36.5372
"Combustible · Quelimane, Caia y Beira (centro)","Combustible — Caia, junto al puente del Zambeze, es el nudo: último repostaje fiable antes de Gorongosa o antes de la variante interior hacia Tete. Beira es la mejor plaza del centro.",,https://theawakeman.github.io/africa2027/paises/mozambique/#logistica,"https://www.google.com/maps?q=-17.8286,35.3336",Combustible,-17.8286,35.3336
"Combustible · Vilanculos, Inhambane y Maputo (sur)","Combustible — El sur está bien servido: la EN1 tiene estaciones con regularidad. Repostar a fondo en Vilanculos antes de subir al norte, donde la EN1 empeora mucho. Regla overlander local: repostar al llegar al 50% del depósito a partir de Vilanculos hacia el norte.",,https://theawakeman.github.io/africa2027/paises/mozambique/#logistica,"https://www.google.com/maps?q=-22.0027,35.3133",Combustible,-22.0027,35.3133
Agua de servicio · Gorongosa Campsite (Chitengo),Agua de servicio — [DUCHA Y AGUA DE CAMPING; PERRO PROHIBIDO] Verificado en 2026 y apto para vehículos grandes. Sin llenado publicado; el GPS se corrige casi 1 km a la ficha real de Maps.,,https://theawakeman.github.io/africa2027/paises/mozambique/#agua-combustible,"https://www.google.com/maps?q=-18.97901,34.35131",Agua de servicio,-18.97901,34.35131
Agua de servicio · Baobab Beach (Vilanculos),Agua de servicio — [SOLO DUCHA DE CAMPISTA] El establecimiento publica camping y duchas calientes comunitarias. No consta toma para vehículos; reservar y negociar aparte cualquier litro.,,https://theawakeman.github.io/africa2027/paises/mozambique/#agua-combustible,"https://www.google.com/maps?q=-22.00905,35.32209",Agua de servicio,-22.00905,35.32209
Agua de servicio · Morrumbene Beach Resort,"Agua de servicio — [SOLO DUCHA; AGUA NO POTABLE; SIN BIG RIG] Verificado en 2026, con 4 km finales de arena. Contactar con medidas de los 4x4; no llenar ni beber.",,https://theawakeman.github.io/africa2027/paises/mozambique/#agua-combustible,"https://www.google.com/maps?q=-23.6214,35.42276",Agua de servicio,-23.6214,35.42276
Ponta do Ouro – Ponta Malongane: pistas de arena de la costa sur,"media · Pista 4x4 — Entre Ponta do Ouro y Ponta Malongane (5 km al norte) y hacia el interior, la red de pistas es de arena blanda con muchas variantes que se separan y se vuelven a unir para esquivar los tramos difíciles. Es la primera toma de contacto con la arena de Mozambique entrando desde Sudáfrica. Hoy hay una carretera asfaltada nueva desde Maputo (una hora), así que la arena ya es opcional. — Perro: con condiciones",,https://theawakeman.github.io/africa2027/paises/mozambique/#ox-1,"https://www.google.com/maps?q=-26.79619,32.89166",4x4 y offroad,-26.79619,32.89166
Parque Nacional de Maputo (antigua Reserva Especial),"difícil · Dunas — Es el parque creado en 2021 al unir la Reserva Especial de Maputo y la reserva marina de Ponta do Ouro, a unos 100 km de Maputo: 1.718 km² de dunas costeras, lagos y bosque, con elefantes, jirafas, cebras y búfalos reintroducidos, y patrimonio mundial desde 2025. Tiene campings junto al mar. La entrada principal es la puerta de Futi. — Perro: sin dato",,https://theawakeman.github.io/africa2027/paises/mozambique/#ox-2,"https://www.google.com/maps?q=-26.5,32.8",4x4 y offroad,-26.5,32.8
Blue Lakes (Quissico): pista de arena con cárcavas,"difícil · Paso técnico — Un desvío de la EN1 cerca de Quissico lleva a Blue Lakes Island Resort, entre los lagos Nhamaiane y Massava, con acampada a la sombra de cocoteros. La pista de acceso es de arena con cárcavas profundas y taludes de más de 3 m. Es un buen ejemplo de los accesos de arena de la costa de Inhambane. Coordenada: Quissico (Zavala); el camping está en las lagunas cercanas. — Perro: con condiciones",,https://theawakeman.github.io/africa2027/paises/mozambique/#ox-3,"https://www.google.com/maps?q=-24.71694,34.74222",4x4 y offroad,-24.71694,34.74222
Závora: playa y camping en la costa de Inhambane,"media · Oasis o bivac — Závora es una playa aislada a 27 km de Inharrime, conocida por el buceo con mantas y las pozas de roca. El lodge tenía agua potable y buenas instalaciones para acampar con el propio coche. Es una parada de arena típica en el eje Maputo–Inhambane, con menos gente que Tofo. — Perro: con condiciones",,https://theawakeman.github.io/africa2027/paises/mozambique/#ox-4,"https://www.google.com/maps?q=-24.51106,35.18949",4x4 y offroad,-24.51106,35.18949
Vilankulo: arena gruesa hacia la costa y base de Bazaruto,"media · Paso técnico — Vilankulo es la puerta del archipiélago de Bazaruto, parque nacional desde 1971, al que solo se llega en barco (dhow) o helicóptero desde aquí o desde Inhassoro: los coches se quedan en tierra. Para llegar a algunos campings de la bahía, como Bluewater Bay en 2015, había que atravesar arena espesa. Es la base para combinar playa y arena antes de subir hacia Gorongosa. — Perro: con condiciones",,https://theawakeman.github.io/africa2027/paises/mozambique/#ox-5,"https://www.google.com/maps?q=-22.0,35.317",4x4 y offroad,-22.0,35.317
Inchope: cruce y repostaje hacia Gorongosa,"fácil · Repostaje — Inchope es el cruce de la EN1 con el corredor Beira–Chimoio–Zimbabue y el punto de repostaje natural antes de desviarse al norte hacia Gorongosa. En Mozambique la escasez de combustible es frecuente, así que conviene llenar en cada ocasión. También es buen punto para comprobar niveles antes de las pistas del parque. — Perro: sí",,https://theawakeman.github.io/africa2027/paises/mozambique/#ox-6,"https://www.google.com/maps?q=-19.20722,33.93306",4x4 y offroad,-19.20722,33.93306
Chitengo: campamento de Gorongosa (sin autoconducción),"media · Oasis o bivac — Chitengo es el campamento y centro de visitantes de Gorongosa, uno de los grandes éxitos de restauración de fauna de África. El parque no permite la autoconducción: el 4x4 llega hasta el campamento por la pista de acceso y los recorridos se hacen en safaris guiados desde Chitengo o desde el lodge. Tasa diaria: 20 USD por adulto internacional; vehículos gratis. — Perro: no",,https://theawakeman.github.io/africa2027/paises/mozambique/#ox-7,"https://www.google.com/maps?q=-18.97927,34.35226",4x4 y offroad,-18.97927,34.35226
Reserva de Niassa (Mecula–Marrupa): DESACONSEJADA,"muy difícil · Pista 4x4 — Es el mayor espacio protegido de Mozambique (42.000 km², el doble que Kruger), con licaones, elefantes y tres especies endémicas, y sin infraestructura turística. Sus pistas eran uno de los grandes retos del overland en África austral. Se incluye solo para advertir: hoy no forma parte de la ruta. — Perro: no",,https://theawakeman.github.io/africa2027/paises/mozambique/#ox-8,"https://www.google.com/maps?q=-12.14306,37.66889",4x4 y offroad,-12.14306,37.66889
Frontera · Songwe / Kasumulu (Tanzania),"Frontera — El paso natural de entrada si Malaui se inserta viniendo de Tanzania: puente sobre el río Songwe, en la M1 al norte de Karonga, enfrentado a Kasumulu (Tanzania) y a una hora larga de Mbeya. Es el único cruce carretero relevante con Tanzania y está bien rodado por el tráfico regional. Coordenada aproximada: verificar. Horario y trámite de vehículo por confirmar 72 h antes.",,https://theawakeman.github.io/africa2027/paises/malaui/#logistica,"https://www.google.com/maps?q=-9.5333,33.55",Frontera,-9.5333,33.55
Frontera · Chiponde / Mandimba (Mozambique — Niassa),"Frontera — SALIDA PREFERENTE de la variante corta: desde Mangochi hacia Mandimba y de ahí a Cuamba o Lichinga, es decir, directamente al Niassa mozambiqueño. Es el paso que permite hacer Malaui SIN renunciar al norte de Mozambique (Niassa, Nampula, Ilha de Moçambique). Pista en el lado mozambiqueño; confirmar estado y horario. Coordenada aproximada.",,https://theawakeman.github.io/africa2027/paises/malaui/#logistica,"https://www.google.com/maps?q=-14.45,35.6333",Frontera,-14.45,35.6333
Frontera · Mwanza / Zóbuè (Mozambique — corredor de Tete),"Frontera — Salida del bucle completo, a ~110 km de Blantyre por asfalto: es el corredor de camiones de Tete y el mismo paso que la ficha de Mozambique ya identifica como plan B de entrada al país. Tráfico pesado y colas. Lleva a Tete y al sur/centro de Mozambique, renunciando al norte.",,https://theawakeman.github.io/africa2027/paises/malaui/#logistica,"https://www.google.com/maps?q=-15.6136,34.3856",Frontera,-15.6136,34.3856
Frontera · Muloza / Milange (Mozambique — Zambezia),"Frontera — Tercera salida posible, al pie de Mulanje, hacia Mocuba y Quelimane. Encaja muy bien si el último bloque es Mulanje y el té, pero deja fuera Majete. Menos transitada que Zóbuè. Coordenada aproximada: verificar.",,https://theawakeman.github.io/africa2027/paises/malaui/#logistica,"https://www.google.com/maps?q=-16.0833,35.75",Frontera,-16.0833,35.75
Frontera · Mchinji / Mwami (Zambia),"Frontera — El paso con Zambia, a ~110 km al oeste de Lilongüe, enfrentado a Chipata (Zambia) y a la puerta de South Luangwa. Solo relevante en la variante que entra o sale por Zambia; obliga a replantear el corredor norte zambiano, que en la ruta actual termina en Nakonde. Coordenada aproximada.",,https://theawakeman.github.io/africa2027/paises/malaui/#logistica,"https://www.google.com/maps?q=-13.7667,32.7333",Frontera,-13.7667,32.7333
"Frontera · Chitipa / Kameme (Zambia, extremo norte)","Frontera — Cruce remoto del extremo noroeste, hacia Isoka (Zambia), que permitiría entrar a Malaui desde el norte de Zambia sin pasar por Tanzania. Pista, poco tráfico y muy poco documentado: POR CONFIRMAR que admite vehículos extranjeros y que emite/valida el visado. Coordenada aproximada.",,https://theawakeman.github.io/africa2027/paises/malaui/#logistica,"https://www.google.com/maps?q=-9.7,33.27",Frontera,-9.7,33.27
Consulado Honorario de España en Lilongwe,"Consular — María Ángeles Soriano, Blantyre Street 279, Area 10, Lilongüe. Tel./WhatsApp (+265) 999 846 081. Depende de la Embajada de España en Harare (Zimbabue), que también cubre Zambia.",,https://theawakeman.github.io/africa2027/paises/malaui/#logistica,"https://www.google.com/maps?q=-13.9626,33.7741",Consulado,-13.9626,33.7741
Embajada de España en Harare (competente para Malaui),"Consular — 16 Phillips Ave., Belgravia, P.O. Box 3300, Harare (Zimbabue). Tel. +263 (0)242 250740/1 · Emergencia consular: +263 (0)772 436 620. Referencia diplomática de Malaui y Zambia; para gestiones ordinarias, contactar primero con el consulado honorario de Lilongüe.",,https://theawakeman.github.io/africa2027/paises/malaui/#logistica,"https://www.google.com/maps?q=-17.8292,31.0522",Consulado,-17.8292,31.0522
"Hospital Kamuzu Central, Lilongwe","Hospital — Hospital de referencia de la capital y del centro del país; para lo serio, la práctica regional es la evacuación a Sudáfrica.",,https://theawakeman.github.io/africa2027/paises/malaui/#logistica,"https://www.google.com/maps?q=-13.9553,33.7614",Hospital,-13.9553,33.7614
"Queen Elizabeth Central Hospital, Blantyre","Hospital — Principal hospital de referencia nacional, en la capital comercial; mejor opción del sur, junto con las clínicas privadas de Blantyre y Limbe.",,https://theawakeman.github.io/africa2027/paises/malaui/#logistica,"https://www.google.com/maps?q=-15.7861,35.0058",Hospital,-15.7861,35.0058
Hospital de Mzuzu (norte),"Hospital — Referencia sanitaria del bloque norte: Nyika, Livingstonia, Nkhata Bay y toda la costa hasta Karonga dependen de aquí.",,https://theawakeman.github.io/africa2027/paises/malaui/#logistica,"https://www.google.com/maps?q=-11.4581,34.015",Hospital,-11.4581,34.015
Combustible · Karonga / Mzuzu / Rumphi (norte),Combustible — Las tres plazas del norte. Repostar a fondo en Mzuzu o Rumphi antes de subir a Nyika y antes del escarpe de Livingstonia: arriba no hay nada.,,https://theawakeman.github.io/africa2027/paises/malaui/#logistica,"https://www.google.com/maps?q=-11.4581,34.015",Combustible,-11.4581,34.015
Combustible · Lilongwe,"Combustible — Mejor oferta y calidad del país junto con Blantyre (Puma, Total, Petroda). Punto de repostaje a fondo.",,https://theawakeman.github.io/africa2027/paises/malaui/#logistica,"https://www.google.com/maps?q=-13.9833,33.7681",Combustible,-13.9833,33.7681
Combustible · Blantyre / Zomba (sur),"Combustible — Plaza principal del sur; última oferta grande antes de Mulanje, Thyolo, Majete y las fronteras mozambiqueñas.",,https://theawakeman.github.io/africa2027/paises/malaui/#logistica,"https://www.google.com/maps?q=-15.7861,35.0058",Combustible,-15.7861,35.0058
Agua de servicio · Chitimba Camp,Agua de servicio — [SOLO DUCHA; AGUA CALIENTE CONDICIONADA] Camping para overland trucks y vehículos propios. Reservar: el agua caliente depende de electricidad/diésel y no hay llenado publicado.,,https://theawakeman.github.io/africa2027/paises/malaui/#agua-combustible,"https://www.google.com/maps?q=-10.5851,34.17566",Agua de servicio,-10.5851,34.17566
Agua de servicio · Butterfly Space (Nkhata Bay),"Agua de servicio — [DUCHA SOLAR; VEHÍCULOS OVERLAND] Zona para camiones y tiendas de techo, ducha caliente y agua filtrada de huéspedes. Sin recarga vehicular publicada; consumo ecológico.",,https://theawakeman.github.io/africa2027/paises/malaui/#agua-combustible,"https://www.google.com/maps?q=-11.61205,34.30515",Agua de servicio,-11.61205,34.30515
Agua de servicio · Kuti Camp (Salima),Agua de servicio — [SOLO DUCHA; PERRO POR CONFIRMAR] Camping con abluciones de agua caliente/fría dentro de una reserva. No publica llenado; reservar acceso de los dos 4x4.,,https://theawakeman.github.io/africa2027/paises/malaui/#agua-combustible,"https://www.google.com/maps?q=-13.70629,34.4289",Agua de servicio,-13.70629,34.4289
Rumphi: repostaje antes de Nyika y Vwaza,"fácil · Repostaje — Rumphi es el pueblo mercado de la puerta de Nyika y de Vwaza Marsh, con el mayor mercado de ganado entre Lilongüe y Karonga (sábados a las 6:00). Es el último punto para abastecerse antes de subir a la meseta. El tramo Mzuzu–Rumphi está renovado en buena parte (2026). — Perro: sí",,https://theawakeman.github.io/africa2027/paises/malaui/#ox-1,"https://www.google.com/maps?q=-11.017,33.867",4x4 y offroad,-11.017,33.867
Thazima: subida sur a la meseta de Nyika,media · Pista 4x4 — La carretera a Nyika sale de Rumphi hacia el norte y sube el escarpe suroeste hasta la meseta; en la zona de Thazima está la entrada sur del parque. Es una pista de grava que atraviesa pastizales de altura y castigó los coches en todas las crónicas. Coordenada: localidad de Thazima (la puerta está en la zona; no verificada). — Perro: sin dato,,https://theawakeman.github.io/africa2027/paises/malaui/#ox-2,"https://www.google.com/maps?q=-10.82865,33.59455",4x4 y offroad,-10.82865,33.59455
Chelinda: corazón de la meseta de Nyika,"media · Oasis o bivac — Chelinda, a 2.294 m, es la sede del mayor parque de Malaui (3.134 km²): praderas onduladas con cebras, antílopes ruanos y leopardos, bosques de pinos y lagos como el Kaulime. Las pistas de la meseta son de grava por pradera abierta, un recorrido 4x4 tranquilo pero lejano. Es la gran recompensa del norte del país. — Perro: sin dato",,https://theawakeman.github.io/africa2027/paises/malaui/#ox-3,"https://www.google.com/maps?q=-10.58173,33.8083",4x4 y offroad,-10.58173,33.8083
Curvas de herradura de Livingstonia (paso de Gorodi),"difícil · Paso técnico — Es la subida desde el lago Malaui hasta la misión de Livingstonia (1.353 m): unas 20 curvas de herradura en unos 7 km, algunas tan cerradas que hay que maniobrar marcha atrás a mitad. Tracks4Africa (2026) recomienda reductora, quizá bloqueo de diferencial, y la desaconseja con remolque. En lo alto están las cataratas de Manchewe y la misión. — Perro: sí",,https://theawakeman.github.io/africa2027/paises/malaui/#ox-4,"https://www.google.com/maps?q=-10.6099,34.1073",4x4 y offroad,-10.6099,34.1073
Vwaza Marsh: pistas de la reserva,"media · Pista 4x4 — Es una reserva de 1.000 km² de mopane, miombo y marismas al sureste de la meseta de Nyika, con hipopótamos en el lago Kazuni y elefantes y búfalos. Wikipedia la describe como poco visitada precisamente por el mal estado de las pistas y lo difícil del terreno. Es un complemento salvaje y sin gente a Nyika. Coordenada: centro de la reserva. — Perro: sin dato",,https://theawakeman.github.io/africa2027/paises/malaui/#ox-5,"https://www.google.com/maps?q=-11.0425,33.7753",4x4 y offroad,-11.0425,33.7753
Liwonde: pistas de autoconducción junto al Shire (Mvuu),"fácil · Pista 4x4 — Liwonde, gestionado por African Parks desde 2015, permite la autoconducción por todas sus pistas según la estación, con elefantes, hipopótamos y rinoceronte negro junto al río Shire. En la puerta principal se pueden contratar guías comunitarios que acompañan en el propio coche. Mvuu, en el norte del parque, tiene lodge y zona de acampada. — Perro: sin dato",,https://theawakeman.github.io/africa2027/paises/malaui/#ox-6,"https://www.google.com/maps?q=-14.85005,35.29418",4x4 y offroad,-14.85005,35.29418
Likhubula: base del macizo de Mulanje,"fácil · Pista 4x4 — Likhubula es la aldea y misión al pie de Mulanje (3.002 m, patrimonio mundial desde 2025) donde empieza la ruta de tres días a Sapitwa por los refugios de Chisepo y Chambe. No es un destino 4x4: se incluye como punto de aparcamiento y base del trekking, con paquetes de unos 210 USD por persona con guía, dos porteadores y cocinero. — Perro: sin dato",,https://theawakeman.github.io/africa2027/paises/malaui/#ox-7,"https://www.google.com/maps?q=-15.94139,35.49083",4x4 y offroad,-15.94139,35.49083
Frontera · Entrada interior — Tunduma/Nakonde (desde Zambia),"Frontera — El gran paso del corredor TANZAM y el más transitado del sur: puesto de ventanilla única (OSBP), mucho camión, colas largas y gestores informales. Llegar temprano, contar con varias horas y no perder de vista la documentación del vehículo. Aquí se tramitan el visado, el permiso temporal de importación del vehículo (TIP) o el sellado del CPD, la tasa de carretera (~25 USD/mes/vehículo según relatos de overlanders) y el seguro de terceros si no se lleva Tarjeta Amarilla COMESA válida.",,https://theawakeman.github.io/africa2027/paises/tanzania/#logistica,"https://www.google.com/maps?q=-9.3,32.7667",Frontera,-9.3,32.7667
Frontera · Salida interior — Namanga (hacia Kenia),"Frontera — Paso principal del corredor norte, junto al Parque de Amboseli, de alto tránsito turístico y bien equipado. Aviso: durante las protestas poselectorales de octubre-noviembre de 2025 este paso sufrió cierres y disturbios en el lado keniano; confirmar normalidad 72 h antes. Devolver el TIP y obtener el sello de salida del vehículo.",,https://theawakeman.github.io/africa2027/paises/tanzania/#logistica,"https://www.google.com/maps?q=-2.545,36.7867",Frontera,-2.545,36.7867
Frontera · Entrada costa — Horohoro/Lunga Lunga (desde Kenia),"Frontera — Paso COSTERO sobre la A14 Mombasa-Dar, distinto del de subida: puesto de ventanilla única moderno con funcionarios de los dos países en el mismo edificio, abierto 24 h, asfalto en buen estado en ambos lados, combustible a menos de 1 km y 4G. Tiempos de espera normales de 15-30 minutos; horas punta de 7 a 10 de la mañana y fines de semana. Nuevo TIP y nueva tasa de carretera al reentrar (ojo: hay relatos de cobros duplicados de la tasa de 25 USD en la reentrada — pedir justificante).",,https://theawakeman.github.io/africa2027/paises/tanzania/#logistica,"https://www.google.com/maps?q=-4.6,39.1054",Frontera,-4.6,39.1054
"Frontera · Salida costa (opción A) — Kilambo/Namoto, ferry del Rovuma","Frontera — ATENCIÓN, PUNTO CRÍTICO: NO es un puente, es un FERRY de barcaza sobre la desembocadura del río Rovuma, a unos 40 km de Mtwara, con capacidad para unos 6 vehículos 4x4. Horario del lado mozambiqueño 07:00-19:00 y del lado tanzano muy restringido (se cita 07:00-08:00); la salida depende de la MAREA (hace falta un mínimo de 3 m de agua) y puede implicar dormir esperando la marea siguiente. Además, el lado mozambiqueño (Quionga, Palma, Mocímboa da Praia, norte de Cabo Delgado) está bajo una insurgencia activa y las fuentes especializadas recomiendan expresamente NO usar este paso. Coordenada aproximada: confirmar.",,https://theawakeman.github.io/africa2027/paises/tanzania/#logistica,"https://www.google.com/maps?q=-10.4667,40.4167",Frontera,-10.4667,40.4167
"Frontera · Salida costa (opción B) — Mtambaswala/Negomano, puente de la Unidad","Frontera — El verdadero PUENTE DE LA UNIDAD sobre el Rovuma, inaugurado el 12 de mayo de 2010: 720 m, 18 vanos, dos carriles. Pero NO está junto a Mtwara: está unos 180 km al interior, en Mtambaswala (lado tanzano) frente a Negomano (lado mozambiqueño), y se llega desde Masasi. Es la alternativa terrestre seria al ferry de Kilambo y deja en el norte de Niassa/Cabo Delgado occidental, más alejado de la zona de insurgencia costera. Confirmar 60 días antes que el puesto emite visado y despacha vehículos particulares, y revisar el estado de seguridad del corredor de Negomano.",,https://theawakeman.github.io/africa2027/paises/tanzania/#logistica,"https://www.google.com/maps?q=-11.4144,38.4942",Frontera,-11.4144,38.4942
Embajada de España en Dar es Salaam,"Consular — 99 B Kinondoni Road, P.O. Box 842, Dar es Salaam. Tel. (+255) 022 266 60 18/19 · Emergencia consular 24h: (+255) 754 04 21 23 · emb.daressalaam@maec.es. Es la única representación española del país: relevante sobre todo para el corredor de la costa.",,https://theawakeman.github.io/africa2027/paises/tanzania/#logistica,"https://www.google.com/maps?q=-6.79,39.26",Consulado,-6.79,39.26
"Muhimbili National Hospital, Dar es Salaam","Hospital — Principal hospital de referencia del país. Mejor opción sanitaria del corredor costero; para casos graves, la práctica regional es la evacuación a Nairobi o Sudáfrica.",,https://theawakeman.github.io/africa2027/paises/tanzania/#logistica,"https://www.google.com/maps?q=-6.8083,39.2764",Hospital,-6.8083,39.2764
Clínicas privadas de Arusha,"Hospital — Referencia sanitaria del corredor interior y del circuito norte (hospital del Monte Meru y varias clínicas privadas). Lo más cercano a Ngorongoro, Serengeti, Natron y Kilimanjaro: a partir de aquí, hacia el Serengeti, la evacuación es aérea.",,https://theawakeman.github.io/africa2027/paises/tanzania/#logistica,"https://www.google.com/maps?q=-3.3869,36.683",Hospital,-3.3869,36.683
Hospital de referencia · Mbeya,"Hospital — Hospital zonal de referencia del sur, el primero tras entrar desde Zambia y el único serio antes de Iringa.",,https://theawakeman.github.io/africa2027/paises/tanzania/#logistica,"https://www.google.com/maps?q=-8.9,33.45",Hospital,-8.9,33.45
"Mbwa Wa Africa · clínica veterinaria y refugio (Usa River, Arusha)","Servicio — Clínica veterinaria y refugio de animales en Usa River, a unos 25 km de Arusha camino de Moshi (P.O. Box 89; tel. refugio +255 626 515 750, clínica +255 627 593 149; lun-vie 9-17, sáb 9-14). LA referencia veterinaria del norte de Tanzania y el primer contacto a explorar para dejar al perro durante los días de Ngorongoro, Serengeti y, si se hace, Kilimanjaro. Confirmar por escrito si aceptan alojamiento de un perro viajero antes de contar con ello.",,https://theawakeman.github.io/africa2027/paises/tanzania/#logistica,"https://www.google.com/maps?q=-3.3667,36.85",Servicio,-3.3667,36.85
Mbeya · base logística del sur,"Combustible — Primera ciudad grande tras Tunduma (110 km) y base del altiplano del sur: combustible formal (TotalEnergies, Puma, Oryx), talleres, hospital, mercado. Punto de partida del lago Ngozi, de Kitulo y del desvío al oeste (Sumbawanga-Mpanda-Kigoma). Repostar a fondo antes de cualquiera de las tres cosas.",,https://theawakeman.github.io/africa2027/paises/tanzania/#logistica,"https://www.google.com/maps?q=-8.9,33.45",Combustible,-8.9,33.45
Combustible · Sumbawanga / Mpanda (eje del oeste),"Combustible — Las dos únicas plazas con suministro fiable del corredor occidental hacia Katavi y Kigoma. Entre ellas y hasta Kigoma hay cientos de kilómetros de grava: salir con depósitos y garrafas llenos. Sitalike, a la puerta de Katavi, no garantiza nada.",,https://theawakeman.github.io/africa2027/paises/tanzania/#logistica,"https://www.google.com/maps?q=-7.9667,31.6167",Combustible,-7.9667,31.6167
Combustible · Iringa,"Combustible — Base logística del tramo sur a 1.600 m: combustible, talleres, recambios, hospital regional y buen mercado. Último suministro seguro antes de Ruaha (130 km de pista hasta Msembe) y punto de paso obligado entre Mbeya y Dodoma.",,https://theawakeman.github.io/africa2027/paises/tanzania/#logistica,"https://www.google.com/maps?q=-7.77,35.69",Combustible,-7.77,35.69
Dodoma · capital administrativa y nudo central,"Combustible — Capital oficial del país desde 1973 (y sede del parlamento), en el centro geográfico: combustible, talleres, hospital y alojamiento. Nudo del corredor interior entre Iringa y Babati/Tarangire, con el desvío a la zona vinícola de Dodoma, poco conocida. No es una parada turística, pero sí el repostaje obligado de un tramo de 700 km.",,https://theawakeman.github.io/africa2027/paises/tanzania/#logistica,"https://www.google.com/maps?q=-6.163,35.7516",Combustible,-6.163,35.7516
Combustible · Arusha / Moshi,"Combustible — Mejor oferta y calidad del corredor interior, con todas las marcas. Repostar a fondo antes de Ngorongoro-Serengeti (dentro de los parques no hay suministro fiable) y antes del desvío al lago Natron, donde no hay nada.",,https://theawakeman.github.io/africa2027/paises/tanzania/#logistica,"https://www.google.com/maps?q=-3.3869,36.683",Combustible,-3.3869,36.683
Combustible · Karatu (puerta del Ngorongoro),"Combustible — Última plaza con combustible, cajeros, supermercado y talleres antes de entrar al Área de Conservación del Ngorongoro y al Serengeti. Fundamental: el circuito Ngorongoro-Olduvai-Serengeti-Natron puede sumar 600-800 km sin una estación de servicio de confianza.",,https://theawakeman.github.io/africa2027/paises/tanzania/#logistica,"https://www.google.com/maps?q=-3.3333,35.6667",Combustible,-3.3333,35.6667
Combustible · Tanga / Dar es Salaam (eje de la costa),"Combustible — Corredor costero con estaciones formales en Tanga, Muheza, Korogwe, Bagamoyo y Dar es Salaam; sin gaps relevantes en el tramo norte de la costa.",,https://theawakeman.github.io/africa2027/paises/tanzania/#logistica,"https://www.google.com/maps?q=-5.0689,39.0989",Combustible,-5.0689,39.0989
Combustible · Kibiti / Kilwa Masoko / Lindi / Mtwara (sur de la costa),"Combustible — Eje sur de la costa por la T6 (recientemente mejorada): estaciones en Kibiti, Ikwiriri, Kilwa Masoko, Lindi y Mtwara. El gap real es el acceso a Nyerere/Mtemere (80-100 km de pista sin nada) y el desvío de Masasi hacia el puente de la Unidad.",,https://theawakeman.github.io/africa2027/paises/tanzania/#logistica,"https://www.google.com/maps?q=-8.9333,39.5167",Combustible,-8.9333,39.5167
Agua de servicio · The Old Farm House (Kisolanza),"Agua de servicio — [AGUA EN CAMPING; LLENADO CONDICIONADO] Web oficial actual: acceso para vehículo/camión overland, agua fresca y duchas calientes. Acordar litros y toma; no consta potabilidad.",,https://theawakeman.github.io/africa2027/paises/tanzania/#agua-combustible,"https://www.google.com/maps?q=-8.14695,35.41222",Agua de servicio,-8.14695,35.41222
Agua de servicio · Ndanindani Lodge & Campsite,"Agua de servicio — [SOLO DUCHA DE CAMPISTA] Camping 2026 orientado a overlanders, con duchas calientes y parking seguro. No publica llenado; confirmar cualquier volumen antes de ir.",,https://theawakeman.github.io/africa2027/paises/tanzania/#agua-combustible,"https://www.google.com/maps?q=-3.56592,36.10981",Agua de servicio,-3.56592,36.10981
Karatu: repostaje y trámites antes del Ngorongoro,fácil · Repostaje — Karatu es el pueblo de las tierras altas agrícolas justo antes de la puerta del Área de Conservación del Ngorongoro. En 2015 un viajero con su propio 4x4 tuvo que pagar las tasas del NCAA en una cuenta bancaria de Arusha y cerrar los trámites en Karatu. Desde aquí se sube al borde del cráter por la selva de montaña hasta unos 2.300 m. — Perro: sí,,https://theawakeman.github.io/africa2027/paises/tanzania/#ox-1,"https://www.google.com/maps?q=-3.3387,35.6733",4x4 y offroad,-3.3387,35.6733
Cráter del Ngorongoro: bajada al fondo del cráter,"media · Paso técnico — Es la bajada de unos 600 m por las paredes de la caldera hasta la llanura con leones, rinocerontes y flamencos. Se puede entrar con el propio vehículo, pero todo visitante del cráter debe ir con un guía con licencia o del NCAA (Tracks4Africa recogió en 2021 que en la puerta de Naabi les dijeron que no hacía falta: confirmar in situ). Solo se admiten 4x4 de hasta 3.500 kg de tara en el fondo del cráter. — Perro: no",,https://theawakeman.github.io/africa2027/paises/tanzania/#ox-2,"https://www.google.com/maps?q=-3.26441,35.57387",4x4 y offroad,-3.26441,35.57387
Naabi Hill: puerta sur del Serengeti,"media · Pista 4x4 — Naabi Hill es la colina con la oficina de registro y el mirador en la entrada sur del Serengeti, llegando desde el Ngorongoro por las llanuras de hierba corta. Aquí se compra el permiso de 24 horas: el vehículo extranjero paga unos 47 USD por día si pesa menos de 2.000 kg y 177 USD si pesa más (Tracks4Africa, 2021). Hay que salir antes de que caduque el permiso. — Perro: no",,https://theawakeman.github.io/africa2027/paises/tanzania/#ox-3,"https://www.google.com/maps?q=-2.83308,34.99791",4x4 y offroad,-2.83308,34.99791
Seronera: centro del Serengeti y único combustible dentro,"media · Repostaje — Seronera es el pequeño núcleo del centro del Serengeti, con el lodge más antiguo, el centro de visitantes, la pista de aterrizaje principal y los campings públicos. Es el punto donde repostar para seguir hacia el oeste o el norte. Los kopjes de Simba están unos 27 km al sur. — Perro: no",,https://theawakeman.github.io/africa2027/paises/tanzania/#ox-4,"https://www.google.com/maps?q=-2.44672,34.81909",4x4 y offroad,-2.44672,34.81909
"Engaruka: ruinas en el Rift, camino del Natron","media · Pista 4x4 — Engaruka es un gran yacimiento de la Edad del Hierro al pie del escarpe del Rift, con canales de piedra y terrazas de cultivo abandonadas hacia 1700-1750; hoy lo enseñan guías masáis. Está en el camino entre Mto wa Mbu y el lago Natron, en pleno valle del Rift. — Perro: con condiciones",,https://theawakeman.github.io/africa2027/paises/tanzania/#ox-5,"https://www.google.com/maps?q=-2.9589,36.0398",4x4 y offroad,-2.9589,36.0398
Lago Natron y Engare Sero,"media · Oasis o bivac — El Natron es un lago salado y muy alcalino del Rift, en la frontera con Kenia, único lugar de cría regular de unos 2,5 millones de flamencos enanos en África oriental. Es la base para subir al volcán Ol Doinyo Lengai. Es uno de los paisajes más extremos de la ruta, a 600 m de altitud y con más de 40 °C frecuentes. — Perro: con condiciones",,https://theawakeman.github.io/africa2027/paises/tanzania/#ox-6,"https://www.google.com/maps?q=-2.5971,35.91799",4x4 y offroad,-2.5971,35.91799
Tungamalenga: pista de Iringa a Ruaha,"media · Pista 4x4 — Tungamalenga, en Idodi, es la última aldea de la pista de tierra de unos 130 km que une Iringa con Ruaha, uno de los parques más grandes de Tanzania (20.226 km²), con pocos visitantes y grandes manadas de elefantes y leones. En la zona hay campings y lodges económicos fuera del parque. Coordenada: farmacia de la aldea (OSM). — Perro: con condiciones",,https://theawakeman.github.io/africa2027/paises/tanzania/#ox-7,"https://www.google.com/maps?q=-7.8307,35.10006",4x4 y offroad,-7.8307,35.10006
Sitalike: puerta de Katavi,"media · Pista 4x4 — Sitalike es la aldea con la sede de TANAPA junto a Katavi, uno de los parques más remotos de África oriental, con los lagos estacionales Katavi y Chada y enormes concentraciones de hipopótamos y búfalos en la estación seca. Casi todos los visitantes llegan en avioneta: por carretera son jornadas de 13 a más de 20 horas desde las grandes ciudades. — Perro: con condiciones",,https://theawakeman.github.io/africa2027/paises/tanzania/#ox-8,"https://www.google.com/maps?q=-6.62144,31.14084",4x4 y offroad,-6.62144,31.14084
Irente: camping y mirador en los montes Usambara,"fácil · Oasis o bivac — Irente es la aldea de los Usambara occidentales, a unos 6 km de Lushoto, con el famoso mirador sobre la llanura masái, una cascada y la granja donde se acampa con tienda de techo (Tracks4Africa, 2015). Es una parada fresca y verde entre la costa y Arusha, lejos de las tasas de los parques. — Perro: sin dato",,https://theawakeman.github.io/africa2027/paises/tanzania/#ox-9,"https://www.google.com/maps?q=-4.79,38.26",4x4 y offroad,-4.79,38.26
Frontera · Entrada — Namanga (desde Tanzania),"Frontera — Paso principal del corredor norte, junto al Parque de Amboseli; puesto de alto tránsito turístico bien equipado. Alternativa: Taveta, más al sureste.",,https://theawakeman.github.io/africa2027/paises/kenia/#logistica,"https://www.google.com/maps?q=-2.545,36.7867",Frontera,-2.545,36.7867
Frontera · Salida — Lunga Lunga/Horohoro (hacia Tanzania),"Frontera — Paso COSTERO al sur de Diani, distinto del de entrada: puesto de ventanilla única moderno y abierto 24 horas, que enlaza directamente con Tanga y el corredor costero tanzano. Es la salida del punto más oriental del viaje y el inicio del regreso.",,https://theawakeman.github.io/africa2027/paises/kenia/#logistica,"https://www.google.com/maps?q=-4.5583,39.1167",Frontera,-4.5583,39.1167
Moyale · frontera con Etiopía (FUERA de la ruta),Frontera — Se mantiene como referencia informativa: la ruta confirmada NO continúa hacia el Cuerno de África. Desde Kenia el viaje da la vuelta y regresa por Tanzania.,,https://theawakeman.github.io/africa2027/paises/kenia/#logistica,"https://www.google.com/maps?q=3.5228,39.0556",Frontera,3.5228,39.0556
Embajada de España en Nairobi,"Consular — CBA Building, 3ª planta, Mara & Ragati Roads, Upper Hill, P.O. Box 45503-00100 Nairobi. Tel. +254 20 272 02 22/3/4/5 · Emergencia consular: +254 733 63 11 44.",,https://theawakeman.github.io/africa2027/paises/kenia/#logistica,"https://www.google.com/maps?q=-1.2977,36.8129",Consulado,-1.2977,36.8129
Aga Khan University Hospital / Nairobi Hospital,Hospital — La mejor referencia sanitaria de todo el bucle sur y este: buen momento para revisiones médicas y para reponer botiquín antes de emprender el regreso.,,https://theawakeman.github.io/africa2027/paises/kenia/#logistica,"https://www.google.com/maps?q=-1.2667,36.8083",Hospital,-1.2667,36.8083
Combustible · Nairobi / Nanyuki / Isiolo,"Combustible — Estaciones formales (Shell, TotalEnergies, Rubis) en todo el eje central hasta Isiolo; a partir de Marsabit hay que repostar a fondo antes del bucle desértico de Chalbi y Turkana, donde solo hay combustible de bidón.",,https://theawakeman.github.io/africa2027/paises/kenia/#logistica,"https://www.google.com/maps?q=-1.2864,36.8172",Combustible,-1.2864,36.8172
Agua de servicio · Ndege Mingi Bush Camp (Nanyuki),"Agua de servicio — [SOLO DUCHA DE CAMPISTA] Web oficial actual: overlanders, baños compartidos y ducha caliente a petición. No publica llenado; reservar y preguntar también por el perro.",,https://theawakeman.github.io/africa2027/paises/kenia/#agua-combustible,"https://www.google.com/maps?q=0.16016,37.02516",Agua de servicio,0.16016,37.02516
Agua de servicio · Palm Shade (Loiyangalani),"Agua de servicio — [AGUA Y DUCHA; LLENADO CONDICIONADO] Camping real con agua subterránea. El llenado documentado no es reciente: llamar desde Marsabit, confirmar litros y tratar todo el volumen.",,https://theawakeman.github.io/africa2027/paises/kenia/#agua-combustible,"https://www.google.com/maps?q=2.75633,36.72123",Agua de servicio,2.75633,36.72123
Maralal: arranque de la A4 hacia Baragoi y el lago Turkana,"media · Pista 4x4 — Maralal es la capital del condado de Samburu, en una ladera al este de la meseta de Loroghi, y el punto de partida clásico de la vía de Baragoi y South Horr hacia Loiyangalani. Los operadores de expediciones al valle de Suguta la usan como base de la primera noche, porque es fresca por la noche y por la mañana. Desde aquí el terreno baja por etapas hasta el calor del lago Turkana. — Perro: con condiciones",,https://theawakeman.github.io/africa2027/paises/kenia/#ox-1,"https://www.google.com/maps?q=1.09589,36.69791",4x4 y offroad,1.09589,36.69791
South Horr: valle verde de la A4 antes de bajar al lago,"media · Pista 4x4 — South Horr es una aldea a 1.037 m, en la A4 que une Maralal y Baragoi con Loiyangalani, a los pies del monte Ng'iro y de su reserva forestal. Es la última zona alta y con vegetación antes de la bajada a la orilla sur del lago Turkana. Pertenece al condado de Marsabit. — Perro: con condiciones",,https://theawakeman.github.io/africa2027/paises/kenia/#ox-2,"https://www.google.com/maps?q=2.09898,36.92064",4x4 y offroad,2.09898,36.92064
Loiyangalani: oasis de palmeras en la orilla del lago Turkana,"difícil · Oasis o bivac — Es un pequeño pueblo en la orilla sureste del lago Turkana, a 379 m, cuyo nombre significa en samburu 'lugar de muchos árboles'. El campamento Palm Shade está construido alrededor de un manantial de agua templada, un oasis de palmeras en pleno desierto de lava. Es la base para la aldea El Molo (8 km al norte), las pinturas rupestres y el cruce del Chalbi hacia Marsabit. — Perro: con condiciones",,https://theawakeman.github.io/africa2027/paises/kenia/#ox-3,"https://www.google.com/maps?q=2.75768,36.71866",4x4 y offroad,2.75768,36.71866
North Horr: parada entre el lago y el Chalbi,"difícil · Oasis o bivac — Aldea de unos 5.000 habitantes a 382 m, con misión católica y centro de salud. Es la etapa natural entre Loiyangalani y el desierto del Chalbi en la travesía del lago Turkana por el este. Un grupo de 2024 durmió aquí en cabañas ventiladas. — Perro: con condiciones",,https://theawakeman.github.io/africa2027/paises/kenia/#ox-4,"https://www.google.com/maps?q=3.32168,37.07062",4x4 y offroad,3.32168,37.07062
Desierto del Chalbi (borde de Kalacha),"difícil · Paso técnico — El Chalbi es un antiguo lecho de lago de unos 110 km de largo y 10 a 20 km de ancho: barro seco, sal, roca y coladas de lava. Es el único desierto propiamente dicho de Kenia y el tramo más espectacular de la vuelta al lago Turkana por el este. El oasis de Kalacha, con manantiales, está en su borde. — Perro: con condiciones",,https://theawakeman.github.io/africa2027/paises/kenia/#ox-5,"https://www.google.com/maps?q=3.17052,37.35015",4x4 y offroad,3.17052,37.35015
Marsabit: última ciudad antes del Chalbi,"fácil · Repostaje — Marsabit es la principal ciudad del norte, casi rodeada por el Parque Nacional de Marsabit, y está en la A2 que une Isiolo con Moyale y Etiopía. Es el punto de salida hacia el oeste por Maikona y el Chalbi. El parque es de interés especial para el KWS (tarifa reducida, unos 40 USD por no residente en la tabla de 2025). — Perro: con condiciones",,https://theawakeman.github.io/africa2027/paises/kenia/#ox-6,"https://www.google.com/maps?q=2.33806,37.99164",4x4 y offroad,2.33806,37.99164
Valle de Suguta y lago Logipi,"muy difícil · Paso técnico — El Suguta es una fosa del Rift al sur del lago Turkana, de las zonas más secas y calurosas de Kenia, cerrada al norte por el volcán Barrier. En su extremo norte está el lago Logipi, salino y alimentado por fuentes termales, con flamencos y costras de sal. Es una de las expediciones 4x4 más duras del país: unos 2.000 km, el 60 % fuera de asfalto, con vados, rocas y pendientes fuertes. — Perro: no",,https://theawakeman.github.io/africa2027/paises/kenia/#ox-7,"https://www.google.com/maps?q=2.233,36.567",4x4 y offroad,2.233,36.567
Eliye Springs: playa y duna en la orilla oeste del Turkana,"media · Oasis o bivac — Aldea en la orilla oeste del lago Turkana, cerca de la desembocadura del Turkwel, con manantiales que sostienen un palmeral de palmeras dum. Tiene un pequeño resort, varias zonas de acampada en la playa y una gran duna con vistas al lago. Es la meta clásica del lado oeste del lago. — Perro: con condiciones",,https://theawakeman.github.io/africa2027/paises/kenia/#ox-8,"https://www.google.com/maps?q=3.23639,35.97444",4x4 y offroad,3.23639,35.97444
Valle del Kerio y garganta de Cheploch,"media · Paso técnico — El Kerio es una fosa del Rift de unos 80 km de largo y hasta 1.200 m de profundidad, entre los montes Tugen y el escarpe de Elgeyo. La carretera C51 Iten–Kabarnet baja por el escarpe y cruza el río en la garganta de Cheploch, a unos 39 km de Iten, un tajo en el basalto con un puente moderno y otro colonial abandonado. Es uno de los descensos más espectaculares del país. — Perro: con condiciones",,https://theawakeman.github.io/africa2027/paises/kenia/#ox-9,"https://www.google.com/maps?q=0.67722,35.60851",4x4 y offroad,0.67722,35.60851
Archer's Post: entrada a la Reserva Nacional de Samburu,"fácil · Pista 4x4 — Archer's Post es el pueblo de la puerta principal de Samburu, una reserva de 165 km² junto al río Ewaso Ng'iro, con palmeras dum y bosque de ribera. Tiene fauna de zona seca que no se ve en el sur: gerenuk, cebra de Grévy, jirafa reticulada y órix. La gestiona el condado de Samburu, no el KWS. — Perro: no",,https://theawakeman.github.io/africa2027/paises/kenia/#ox-10,"https://www.google.com/maps?q=0.63849,37.66707",4x4 y offroad,0.63849,37.66707
Sekenani: puerta este del Masái Mara,"media · Pista 4x4 — Es la puerta principal y la más usada del Masái Mara. La carretera desde Narok está asfaltada, pero dentro de la reserva todo son pistas: unas 3-4 horas hasta el puente del Mara (Purungat) para pasar al Triángulo. En agosto y septiembre los grandes cruces del río están entre la zona de Lookout, el Cul-de-Sac y Purungat. — Perro: no",,https://theawakeman.github.io/africa2027/paises/kenia/#ox-11,"https://www.google.com/maps?q=-1.51802,35.33788",4x4 y offroad,-1.51802,35.33788
Oloololo: puerta del Triángulo del Mara bajo el escarpe,"media · Paso técnico — La puerta de Oloololo da acceso al Triángulo del Mara, el sector oeste de la reserva que gestiona la Mara Conservancy, al pie del escarpe de Oloololo (Siria). Varias fuentes lo recomiendan para conducir por libre porque las normas se aplican con más coherencia. Desde la puerta hasta el puente de Purungat hay algo más de una hora por la pista principal. — Perro: no",,https://theawakeman.github.io/africa2027/paises/kenia/#ox-12,"https://www.google.com/maps?q=-1.26069,34.999",4x4 y offroad,-1.26069,34.999
Amboseli: lecho seco del lago (Ol Tukai),"fácil · Pista 4x4 — Amboseli ocupa un antiguo lago seco del Pleistoceno, con pantanos alimentados por el Kilimanjaro que contrastan con la llanura árida. Ol Tukai es la zona central de alojamientos. Es uno de los parques 'premium' del KWS: 90 USD por no residente y día con las tarifas de octubre de 2025. — Perro: no",,https://theawakeman.github.io/africa2027/paises/kenia/#ox-13,"https://www.google.com/maps?q=-2.66588,37.27963",4x4 y offroad,-2.66588,37.27963
Tsavo Oeste: colada de lava de Shetani y puerta de Chyulu,"media · Pista 4x4 — La colada de Shetani es un campo de lava negra de la erupción de 1856 de los volcanes Shaitani y Chainu, en el extremo del macizo de Chyulu, que separa las llanuras de Tsavo y Amboseli. Está a unos 7 km al oeste de Kilaguni y cerca de la puerta de Chyulu, que conecta Tsavo Oeste con el Parque Nacional de las Colinas de Chyulu. Tsavo Oeste cuesta 80 USD por no residente y día (tarifas de octubre de 2025). — Perro: no",,https://theawakeman.github.io/africa2027/paises/kenia/#ox-14,"https://www.google.com/maps?q=-2.91675,37.99976",4x4 y offroad,-2.91675,37.99976
Hell's Gate: puerta Elsa y la garganta,"fácil · Pista 4x4 — Parque pequeño (68 km²) junto al lago Naivasha, con la torre de Fischer y la Central Tower (chimeneas volcánicas), la garganta de paredes rojas y fuentes termales. Es uno de los dos parques de Kenia donde se puede ir a pie, en bici o en moto, y tiene tres campings básicos. Tarifa: 50 USD por no residente y día (octubre de 2025). — Perro: no",,https://theawakeman.github.io/africa2027/paises/kenia/#ox-15,"https://www.google.com/maps?q=-0.85255,36.36903",4x4 y offroad,-0.85255,36.36903
Aeropuerto Internacional de Adís Abeba–Bole (ADD),"Frontera — Entrada aérea principal y único punto donde el eVisa es indiscutiblemente válido. Hub de Ethiopian Airlines, dos terminales y unos 69 puestos de estacionamiento; 2.334 m de altitud. Aquí se exige el certificado de fiebre amarilla y aquí se producen las confiscaciones de drones. Pin comprobado en Google Maps («Aeropuerto internacional de Bole Adís Abeba (ADD)»).",,https://theawakeman.github.io/africa2027/paises/etiopia/#logistica,"https://www.google.com/maps?q=8.98379,38.79631",Frontera,8.98379,38.79631
Paso fronterizo de Moyale (Kenia–Etiopía),"Frontera — Puesto principal de la carretera Nairobi–Adís Abeba y primer puesto fronterizo de ventanilla única (OSBP) de Etiopía, en servicio desde junio de 2021. Altitud 1.090 m. El MAEC desaconseja la zona fronteriza con Kenia y no garantiza la emisión de visado aquí. Pin comprobado en Google Maps («Moyale»).",,https://theawakeman.github.io/africa2027/paises/etiopia/#logistica,"https://www.google.com/maps?q=3.53597,39.05152",Frontera,3.53597,39.05152
Paso fronterizo de Omorate (ruta del lago Turkana),"Frontera — Población del bajo Omo a 395 m, alternativa a Moyale por la orilla este del lago Turkana. Dan Grec entró por aquí con vehículo propio en 2020 y recibió un permiso de importación temporal de 60 días. Ruta mucho más dura, aislada y sin servicios; el MAEC desaconseja absolutamente los estados del sur. Pin comprobado en Google Maps («Omorate»).",,https://theawakeman.github.io/africa2027/paises/etiopia/#logistica,"https://www.google.com/maps?q=4.80258,36.054",Frontera,4.80258,36.054
Paso fronterizo de Metema–Gallabat (Sudán),"Frontera — Cruce comercial con Sudán, a 685 m. Cerrado por Sudán el 1 de septiembre de 2024 tras la toma de Metema por Fano y reabierto tras la recaptura del 21 de octubre de 2024. El MAEC da la frontera sudanesa por cerrada y Metema está en Amhara, región desaconsejada absolutamente. Pin comprobado en Google Maps («Metema»).",,https://theawakeman.github.io/africa2027/paises/etiopia/#logistica,"https://www.google.com/maps?q=12.95446,36.15726",Frontera,12.95446,36.15726
Paso fronterizo de Galafi (Yibuti),"Frontera — Paso oficial de entrada desde Yibuti por la Carretera Nacional 1, con carretera asfaltada hasta Yibuti ciudad desde 1975. Clima árido, hasta 41 °C en junio. Está en la zona de Afar, parcialmente desaconsejada por el MAEC. Estado para turistas con vehículo propio POR CONFIRMAR. Pin comprobado en Google Maps («Galafi»).",,https://theawakeman.github.io/africa2027/paises/etiopia/#logistica,"https://www.google.com/maps?q=11.71687,41.83761",Frontera,11.71687,41.83761
Paso fronterizo de Togochale / Tog Wajaale (Somalilandia),"Frontera — Principal paso de mercancías entre Somalilandia y Etiopía por el corredor del puerto de Berbera, con aduana e inmigración somalilandesas. Está en la región Somali, desaconsejada absolutamente por el MAEC; el FCDO veta además de 30 a 100 km de frontera. NO utilizable. Pin comprobado en Google Maps («Wajale (Tog Wajaale / Togochale)»).",,https://theawakeman.github.io/africa2027/paises/etiopia/#logistica,"https://www.google.com/maps?q=9.60301,43.34154",Frontera,9.60301,43.34154
Humera (frontera con Eritrea y Sudán),"Frontera — Última población etíope al sur de la frontera con Eritrea y Sudán, puerta estratégica hacia Sudán. Bombardeada y vaciada durante la guerra de Tigray desde noviembre de 2020, con violencia étnica documentada y control administrativo en disputa. NO utilizable. Pin comprobado en Google Maps («Humera»).",,https://theawakeman.github.io/africa2027/paises/etiopia/#logistica,"https://www.google.com/maps?q=14.28666,36.60963",Frontera,14.28666,36.60963
Embajada de España en Adís Abeba,"Consular — Haile Melekot Street, Gullele Subcity, Woreda 01, House Nº 036, P.O. Box 2312. Tel. +251 929 136 159; consular +251 929 136 161; fax +251 11 122 25 42; emb.addisabeba@maec.es. Horario de lunes a viernes de 8:30 a 12:30. Emergencia consular 24 h: +251 911 219 403. COORDENADAS APROXIMADAS (Gullele): verificar con la dirección postal. Pin comprobado en Google Maps («Embassy of Spain (Adís Abeba)»).",,https://theawakeman.github.io/africa2027/paises/etiopia/#logistica,"https://www.google.com/maps?q=9.0621,38.76032",Consulado,9.0621,38.76032
Nordic Medical Centre (Adís Abeba),"Hospital — Clínica privada de referencia para extranjeros: Bole Sub City, Kebele 01, House No. 1244. Urgencias 24 horas; consulta de lunes a viernes de 8:30 a 17:30 y sábados de 8:30 a 12:30. Tel. 8901 y +251 929 105 653; reception@nordicmedicalcentre.com. COORDENADAS APROXIMADAS (Bole): verificar con la dirección postal. Pin comprobado en Google Maps («Nordic Medical Centre (Bole)»).",,https://theawakeman.github.io/africa2027/paises/etiopia/#logistica,"https://www.google.com/maps?q=8.98441,38.77806",Hospital,8.98441,38.77806
Black Lion (Tikur Anbessa) Specialized Hospital,"Hospital — Hospital universitario público de tercer nivel de la Universidad de Adís Abeba, 700 camas y 15 hectáreas, fundado en 1964. Es el mayor centro especializado del país, pero el MAEC advierte de que los servicios hospitalarios etíopes son muy insuficientes: para cualquier cosa grave, repatriación medicalizada. Pin comprobado en Google Maps («Tikur Anbessa Specialised Hospital (Black Lion)»).",,https://theawakeman.github.io/africa2027/paises/etiopia/#logistica,"https://www.google.com/maps?q=9.02008,38.75025",Hospital,9.02008,38.75025
Repostaje y depósitos en Adís Abeba (centro),"Combustible — Adís Abeba, 2.355 m, es donde hay más estaciones y donde primero llega el suministro, pero también donde se han visto colas de dos kilómetros y esperas de ocho horas en abril de 2026. Gasolina 132,18 ETB/l (9-3-2026) y diésel 116,49 ETB/l (9-2-2026), al alza. Estación concreta POR CONFIRMAR. Pin comprobado en Google Maps («Meskel Square (Adís Abeba; sin gasolinera concreta como objeto)»).",,https://theawakeman.github.io/africa2027/paises/etiopia/#logistica,"https://www.google.com/maps?q=9.01057,38.7611",Combustible,9.01057,38.7611
Repostaje en Moyale (entrada desde Kenia),"Combustible — Primera opción de repostaje al entrar desde Kenia, en la carretera Nairobi–Adís. En marzo de 2018 Goanna Tracks pagaba 18 birr/litro aquí y 16 más al norte, y avisaba de que sin electricidad en el lado etíope no había ni banco ni surtidor. Disponibilidad 2026 POR CONFIRMAR. Pin comprobado en Google Maps («Moyale»).",,https://theawakeman.github.io/africa2027/paises/etiopia/#logistica,"https://www.google.com/maps?q=3.53597,39.05152",Combustible,3.53597,39.05152
Llenado de depósitos en Adís Abeba,"Agua potable — La red urbana de la capital es la más fiable del país (98,64 % de viviendas con acceso a agua potable según el censo de 2007). Es el punto lógico para llenar depósitos de ducha y lavado en hoteles con jardín o campings. Agua de boca solo embotellada o tratada; filtrar y clorar siempre por los brotes de cólera. Pin comprobado en Google Maps («Wim's Holland House (Adís Abeba)»).",,https://theawakeman.github.io/africa2027/paises/etiopia/#agua-combustible,"https://www.google.com/maps?q=9.00981,38.75531",Agua de servicio,9.00981,38.75531
Llenado de depósitos en Hawassa (valle del Rift),"Agua potable — Hawassa, 1.708 m y 273 km al sur de Adís por la carretera de Moyale, es la parada natural del corredor del Rift y capital regional de Sidama. NO llenar del lago Hawassa: hay esquistosomiasis en las aguas dulces del Rift. Punto concreto y potabilidad POR CONFIRMAR sobre el terreno. Pin comprobado en Google Maps («Awasa (Hawassa)»).",,https://theawakeman.github.io/africa2027/paises/etiopia/#agua-combustible,"https://www.google.com/maps?q=7.04773,38.49578",Agua de servicio,7.04773,38.49578
Aeropuerto de Port Sudán (PZU),"Frontera — Principal puerta de entrada desde 2023; EgyptAir, Ethiopian, Turkish, Qatar; atacado por drones el 6-05-2025. Pin comprobado en Google Maps («Port Sudan International Airport»).",,https://theawakeman.github.io/africa2027/paises/sudan/#logistica,"https://www.google.com/maps?q=19.4344,37.23839",Frontera,19.4344,37.23839
Aeropuerto Internacional de Jartum (KRT),Frontera — Cerrado abril 2023–marzo 2025; internacionales desde 28-04-2026; ataque con dron 4-05-2026. Pin comprobado en Google Maps («Aeropuerto Internacional de Jartum»).,,https://theawakeman.github.io/africa2027/paises/sudan/#logistica,"https://www.google.com/maps?q=15.59257,32.54974",Frontera,15.59257,32.54974
Paso de Argeen / Arqin (Egipto),Frontera — Corredor de refugiados 24 h con esperas de 12–48 h; cerrado a extranjeros según MAEC (2025). Pin comprobado en Google Maps («Argeen Border Crossing station - North Sudan side»).,,https://theawakeman.github.io/africa2027/paises/sudan/#logistica,"https://www.google.com/maps?q=21.99639,31.15145",Frontera,21.99639,31.15145
Wadi Halfa (paso Ashkeet / ferry lago Nasser),Frontera — 21°47′N 31°22′E. Ciudad de entrada histórica; convoy humanitario egipcio por Ashkit el 2-01-2026; registro de extranjería se hacía aquí. Pin comprobado en Google Maps («Wadi Halfa»).,,https://theawakeman.github.io/africa2027/paises/sudan/#logistica,"https://www.google.com/maps?q=21.79914,31.37132",Frontera,21.79914,31.37132
Paso de Gallabat–Metema (Etiopía),Frontera — Reabierto 21-10-2024 tras la toma de Metema por Fano; solo comercio y refugiados. Pin comprobado en Google Maps («Gallabat»).,,https://theawakeman.github.io/africa2027/paises/sudan/#logistica,"https://www.google.com/maps?q=12.96135,36.14843",Frontera,12.96135,36.14843
Embajada de España en Jartum — sede provisional en El Cairo,"Consular — 41 Ismail Mohamed St., Zamalek, El Cairo (GPS 30°3′43″N 31°13′20″E, web MAEC). Tel. Embajada El Cairo +20 2 2735 5813; emergencia consular El Cairo +20 122 318 3783; correo Sudán emb.jartum@maec.es / visa.sudan@maec.es. Pin comprobado en Google Maps («Embajada de España en El Cairo (41 Ismail Mohammed, Zamalek)»).",,https://theawakeman.github.io/africa2027/paises/sudan/#logistica,"https://www.google.com/maps?q=30.06238,31.22256",Consulado,30.06238,31.22256
Embajada de España en Jartum (sede cerrada),"Consular — Ctra. Feria Internacional (Sharia' Al-Maraad), Edif. 1, Bloque 7/A, Burri El Daraisa, Jartum. Tel. +249 183 76 36 39; emergencia +249 912 36 33 77. CERRADA al público desde abril 2023. Pin comprobado en Google Maps («Embassy of Spain (Jartum, Burri)»).",,https://theawakeman.github.io/africa2027/paises/sudan/#logistica,"https://www.google.com/maps?q=15.60636,32.57041",Consulado,15.60636,32.57041
Royal Care International Hospital (Jartum),Hospital — Citado por MAEC (+249 156 550 150); «probablemente no operativo». Pin comprobado en Google Maps («Royal Care International Hospital»).,,https://theawakeman.github.io/africa2027/paises/sudan/#logistica,"https://www.google.com/maps?q=15.59951,32.57102",Hospital,15.59951,32.57102
"Bashair Teaching Hospital (Jartum sur, apoyo MSF)",Hospital — Hospital apoyado por MSF durante la guerra (msf.org). Pin comprobado en Google Maps («Bashair University Hospital»).,,https://theawakeman.github.io/africa2027/paises/sudan/#logistica,"https://www.google.com/maps?q=15.4892,32.55243",Hospital,15.4892,32.55243
Combustible — eje Kosti/Rabak (Nilo Blanco),"Combustible — Gasolina a 38.805 SDG/galón el 13-09-2026, colas de hasta 12 h (Dabanga). Pin comprobado en Google Maps («Kosti (ciudad; sin gasolinera concreta como objeto)»).",,https://theawakeman.github.io/africa2027/paises/sudan/#logistica,"https://www.google.com/maps?q=13.1332,32.64108",Combustible,13.1332,32.64108
Agua — Wadi Halfa (Nilo/lago Nubia),"Agua potable — Única fuente de agua del norte; clima hiperárido (0,5 mm/año). Filtrar siempre; cólera activo en el país. Pin comprobado en Google Maps («Wadi Halfa»).",,https://theawakeman.github.io/africa2027/paises/sudan/#agua-combustible,"https://www.google.com/maps?q=21.79914,31.37132",Agua de servicio,21.79914,31.37132
Paso fronterizo de Qustul / Ashkeit (Sudán-Egipto),"Frontera — Paso terrestre al este del Nilo, abierto 24 h. Trámite de jornada completa con seis ventanillas del lado egipcio y ferry final a Abu Simbel (último a las 16:00-16:30). Unos 162 USD entrando en Egipto con dos personas y un 4x4. Desde 2023 funciona afectado por la guerra de Sudán: colas enormes y cierres imprevisibles. Pin comprobado en Google Maps («ميناء ارقين البري-مصر (lado egipcio de Qustul/Argeen)»).",,https://theawakeman.github.io/africa2027/paises/egipto/#logistica,"https://www.google.com/maps?q=22.00258,31.15188",Frontera,22.00258,31.15188
Paso fronterizo de Argeen / Arqin (Sudán-Egipto),"Frontera — Paso terrestre al oeste del Nilo, abierto en 2017 y operativo 24 h con 1.900-2.100 cruces diarios. En septiembre de 2026 funciona como corredor humanitario por la guerra de Sudán: esperas de 12 a 48 horas. Combustible a más de 100 km del lado egipcio. Desaconsejado a extranjeros. Pin comprobado en Google Maps («Argeen Border Crossing station - North Sudan side»).",,https://theawakeman.github.io/africa2027/paises/egipto/#logistica,"https://www.google.com/maps?q=21.99639,31.15145",Frontera,21.99639,31.15145
Paso fronterizo de Taba (Egipto-Israel),"Frontera — Uno de los pasos más transitados de Egipto, abierto. Permite visitar la costa de Aqaba sin visado hasta 14 días. Ojo: entra en el Sinaí, y para pasar al Egipto continental hace falta permiso; los 4x4 y las motos tienen el acceso al Sinaí restringido. Pin comprobado en Google Maps («Taba»).",,https://theawakeman.github.io/africa2027/paises/egipto/#logistica,"https://www.google.com/maps?q=29.49248,34.8969",Frontera,29.49248,34.8969
Paso fronterizo de El Salloum (Egipto-Libia),"Frontera — Localidad costera de la gobernación de Matruh, a unos 8 km de la frontera libia. Sahara Overland lo da por cerrado a extranjeros en enero de 2026. El FCDO desaconseja todo viaje a 20 km de la frontera, salvo la propia localidad, donde desaconseja el viaje no esencial. Pin comprobado en Google Maps («Gateway Salloum»).",,https://theawakeman.github.io/africa2027/paises/egipto/#logistica,"https://www.google.com/maps?q=31.57367,25.08663",Frontera,31.57367,25.08663
Puerto de Alejandría,"Frontera — Principal puerto de Egipto, con terminal ro-ro y de pasajeros; mueve más del 75% del comercio exterior del país. Es la vía razonable para embarcar los coches desde Europa. Requiere igualmente CPD, matrícula y carné egipcios y agente portuario; costes por confirmar. Pin comprobado en Google Maps («Puerto de Alejandría»).",,https://theawakeman.github.io/africa2027/paises/egipto/#logistica,"https://www.google.com/maps?q=31.17578,29.8622",Frontera,31.17578,29.8622
Aeropuerto Internacional de El Cairo (CAI),"Frontera — En Heliópolis, a unos 15 km del centro de negocios de El Cairo. Visado a la llegada por 30 USD (30 días, una entrada). Único punto citado por PetTravel para la entrada del perro por vía aérea, en cabina, bodega o carga, con transportín IATA. Pin comprobado en Google Maps («Aeropuerto Internacional de El Cairo»).",,https://theawakeman.github.io/africa2027/paises/egipto/#logistica,"https://www.google.com/maps?q=30.11603,31.41717",Frontera,30.11603,31.41717
Embajada de España en El Cairo (Zamalek),"Consular — 41, Ismail Mohamed st., Zamalek, El Cairo. Centralita +20 2 2735 6437 / +20 2 2735 5813 / +20 2 2735 3622; emb.elcairo@maec.es. Emergencia consular 24 h: +20 122 318 3783 (solo emergencias graves). Asume también la demarcación de Alejandría desde 2021. Pin comprobado en Google Maps («Embajada de España en El Cairo (41 Ismail Mohammed, Zamalek)»).",,https://theawakeman.github.io/africa2027/paises/egipto/#logistica,"https://www.google.com/maps?q=30.06238,31.22256",Consulado,30.06238,31.22256
Consulado General de España en Alejandría (SUPRIMIDO),"Consular — NO EXISTE. El Real Decreto 60/2021, de 2 de febrero, suprimió la oficina consular de Alejandría; sus nueve provincias pasaron a la Sección Consular de la Embajada en El Cairo. Se mantiene como punto informativo para evitar que nadie lo busque. Pin comprobado en Google Maps («Alejandría (el Consulado General fue suprimido en 2021; sin objeto que anclar)»).",,https://theawakeman.github.io/africa2027/paises/egipto/#logistica,"https://www.google.com/maps?q=31.20009,29.91874",Consulado,31.20009,29.91874
"Cleopatra Hospital (Heliópolis, El Cairo)","Hospital — 39 Cleopatra St., plaza Salah Eldin, Heliópolis, El Cairo. Hotline 19668. Urgencias abiertas 24 horas todos los días, dos salas de urgencias, 182 camas y más de 40 especialidades. Hospital insignia del Cleopatra Hospitals Group. Pin comprobado en Google Maps («مستشفى كليوباترا - مصر الجديدة (Cleopatra Hospital, Heliópolis)»).",,https://theawakeman.github.io/africa2027/paises/egipto/#logistica,"https://www.google.com/maps?q=30.09307,31.32982",Hospital,30.09307,31.32982
"As-Salam International Hospital (Maadi, El Cairo)","Hospital — Corniche El Nil, Corniche El Maadi, El Cairo, junto al Alfa Scan Center. Hospital privado terciario del grupo Alameda, con más de 30 especialidades y departamento de relaciones internacionales para extranjeros (asistencia médica, visados y hotel). Pin comprobado en Google Maps («As-Salam International Hospital Maadi Branch»).",,https://theawakeman.github.io/africa2027/paises/egipto/#logistica,"https://www.google.com/maps?q=29.98435,31.23019",Hospital,29.98435,31.23019
Abu Simbel — último repostaje antes de Sudán,"Combustible — Última población con servicios antes de los pasos de Qustul y Argeen: desde el lado egipcio de Argeen hay más de 100 km sin combustible. Precios oficiales congelados desde marzo de 2026: gasóleo 20,50 EGP/l, gasolina 95 a 24,00 EGP/l. Salir con el depósito lleno y bidones. Asuán queda a unos 300 km por carretera. Pin comprobado en Google Maps («Abu Simbel (sin gasolinera como objeto en Google Maps; coordenada del pueblo)»).",,https://theawakeman.github.io/africa2027/paises/egipto/#logistica,"https://www.google.com/maps?q=22.33694,31.62556",Combustible,22.33694,31.62556
Asuán — llenado de depósitos y avituallamiento,"Agua potable — Última ciudad grande antes del sur: agua de red para ducha y lavado, agua embotellada para beber (la del grifo no es potable) y estaciones de servicio fiables. Calor extremo, con máximas medias de 46 °C entre junio y agosto. No bañarse ni bañar al perro en el Nilo por la esquistosomiasis. Pin comprobado en Google Maps («Asuán»).",,https://theawakeman.github.io/africa2027/paises/egipto/#agua-combustible,"https://www.google.com/maps?q=24.08894,32.89983",Agua de servicio,24.08894,32.89983
"Frontera · Entrada — Séléti / Giboro (desde la Casamance, eje Ziguinchor-Brikama)","Frontera — Paso principal desde la Casamance senegalesa por la carretera de Ziguinchor a Brikama y los Kombos, y la entrada natural del corredor de subida. El puesto GAMBIANO es GIBORO (Jiboro, 13,17607 / -16,57516); el senegalés, SÉLÉTI, 3,5 km al sur (13,14543 / -16,57751). Horario 07:00-22:00 todos los días según la ficha del Logistics Cluster (festivos, confirmar). Al entrar se sale de la zona del franco CFA y se pasa al dalasi: cambiar solo lo justo. Coordenada del PUESTO FRONTERIZO (Logistics Cluster, contrastada con OSM), no del pueblo de Séléti.",,https://theawakeman.github.io/africa2027/paises/gambia/#logistica,"https://www.google.com/maps?q=13.17333,-16.57583",Frontera,13.17333,-16.57583
Frontera · Entrada alternativa — Darsilami / Dimbaya (pista de Kombo Central),"Frontera — Alternativa secundaria a Séléti, unos 9 km al oeste: pista de Marakissa-Sifoe hasta el puesto gambiano de DARSILAMI, con la aduana senegalesa de DIMBAYA 2,5 km al este (13,16954 / -16,63477) y el pueblo senegalés de Touba enfrente. Es un paso menor y está en la franja con litigio de demarcación documentado entre Gambia y Senegal: CONFIRMAR que admite extranjeros y vehículos matriculados fuera antes de contar con él. AVISO IMPORTANTE: el cruce litoral de KARTONG sobre el río Allahein NO sirve para vehículos — es una piragua de pasajeros de unos diez minutos, con sello de salida gambiano en Kartong pero SIN puesto de entrada senegalés, así que obliga a regularizar la entrada después en Séléti o Darsilami. Con dos vehículos, la entrada realista es Séléti/Giboro.",,https://theawakeman.github.io/africa2027/paises/gambia/#logistica,"https://www.google.com/maps?q=13.17693,-16.65673",Frontera,13.17693,-16.65673
Frontera · Salida oeste — Amdalai / Karang (hacia la Petite Côte y Dakar),"Frontera — Salida del eje costero: carretera del norte desde Barra, unos 20 km. El puesto GAMBIANO está en AMDALAI (orilla norte) y el senegalés en KARANG POSTE, 2 km más al norte (13,60632 / -16,42352). OJO: hay más de un Amdalai en Gambia —otro queda en la zona de los Kombos, al sur del río— y los buscadores confunden los dos; el de la frontera es éste. Es el paso que enlaza con Toubacouta, el delta del Saloum, Kaolack y Dakar, y por tanto con el lago Retba. Muy transitado y bien rodado por overlanders; horario amplio pero cruzar por la mañana.",,https://theawakeman.github.io/africa2027/paises/gambia/#logistica,"https://www.google.com/maps?q=13.58823,-16.42225",Frontera,13.58823,-16.42225
Frontera · Salida este — Keur Ayib / Farafenni (Trans-Gambia),"Frontera — Salida de la variante del río arriba, al norte de Farafenni por la carretera Trans-Gambia. VERIFICADO: el puesto gambiano figura como KEUR ALI FARAFENNI y el senegalés como KEUR AYIB; la ficha del Logistics Cluster lo sitúa en 13°35'27""N / 15°36'20""W (13,59083 / -15,60556), a 270 m del punto de esta ficha, y da horario 07:00-22:00 diario y 08:00-17:00 en festivos. Está a 2,7 km de Farafenni y junto al puente de Senegambia. Enlaza con Kaolack por el interior. Coordenada coherente con la ficha de Senegal.",,https://theawakeman.github.io/africa2027/paises/gambia/#logistica,"https://www.google.com/maps?q=13.5933,-15.6058",Frontera,13.5933,-15.6058
Ferry de vehículos · Banjul – Barra,"Frontera — Transbordador de vehículos sobre el estuario, unos 5 km entre terminales, gestionado por Gambia Ferries Services. El punto es la TERMINAL DE BANJUL (nodo ferry_terminal de OSM, junto al puerto): es el embarque desde el sur. La terminal de BARRA está en 13,48493 / -16,54576, a 400 m del fuerte Bullen. Travesía 30-45 min, cola de 2-5 h en día malo. Historial de averías y suspensiones: CONFIRMAR que opera el día antes. Plan B: puente de Senegambia (Farafenni-Soma), ~110 km río arriba.",,https://theawakeman.github.io/africa2027/paises/gambia/#logistica,"https://www.google.com/maps?q=13.44653,-16.5721",Frontera,13.44653,-16.5721
Puente de Senegambia (Farafenni – Soma),"Frontera — Puente de 1,9 km abierto a vehículos ligeros el 21 de enero de 2019; coste total 93 M$, de los que el Banco Africano de Desarrollo financió 65 M$, y construido por Isolux Corsán (España) con el grupo senegalés Arezki. Redujo el trayecto Dakar-Ziguinchor de un día a unas cinco horas y sustituyó al viejo ferry de la Trans-Gambia, que llegaba a acumular esperas de 10-20 días para camiones. ES LA OPCIÓN FIABLE PARA CRUZAR EL RÍO CON VEHÍCULO. Peaje: POR CONFIRMAR (hay disputa documentada entre Gambia Ferries Services y la National Roads Authority sobre la recaudación). Coordenada del propio puente (OSM/Wikidata).",,https://theawakeman.github.io/africa2027/paises/gambia/#logistica,"https://www.google.com/maps?q=13.51616,-15.57244",Frontera,13.51616,-15.57244
Oficina Diplomática de España en Banjul (Fajara) · demarcación consular: Dakar,"Consular — España NO tiene embajada residente en Gambia, pero SÍ representación propia: la OFICINA (antena) DIPLOMÁTICA DE ESPAÑA EN BANJUL, dependiente de la Embajada de España en Senegal, con dirección oficial en 74 Atlantic Boulevard, Fajara (P.O. Box 512, Banjul), tel. +220 449 6863, fax +220 449 6864, ant.banjul@maec.es; Exteriores publica además un móvil de emergencia +221 77 569 28 89. Hay además CÓNSUL HONORARIO en Banjul (ch.banjul@maec.es). La DEMARCACIÓN CONSULAR de Gambia —pasaporte de emergencia, protección consular, documentos— corresponde al Consulado General de España en Dakar (Corniche Ouest, Fann-Mermoz, villa nº 7; +221 33 869 07 07), que cubre Senegal y Gambia. Punto tomado sobre Atlantic Boulevard en el nº 64 (nodo OSM de Ngala Lodge, misma calle, a pocos metros del nº 74): afinar el portal sobre el terreno.",,https://theawakeman.github.io/africa2027/paises/gambia/#logistica,"https://www.google.com/maps?q=13.47634,-16.68785",Consulado,13.47634,-16.68785
Edward Francis Small Teaching Hospital (ex Royal Victoria) — Banjul,"Hospital — Principal hospital de referencia del país, en Banjul. Capacidad limitada para traumatismos graves: el seguro con evacuación médica (a Dakar, que está a 300 km y tiene el mejor nivel de la subregión) es imprescindible. Coordenada urbana aproximada.",,https://theawakeman.github.io/africa2027/paises/gambia/#logistica,"https://www.google.com/maps?q=13.454,-16.5776",Hospital,13.454,-16.5776
"Clínicas privadas y veterinarios · Kombos (Serrekunda, Kololi, Fajara)","Hospital — Las clínicas privadas de la zona de los Kombos cubren urgencias menores mejor que el hospital público. Es también donde están los veterinarios del país; para cualquier cosa seria, Dakar. Coordenada urbana aproximada.",,https://theawakeman.github.io/africa2027/paises/gambia/#logistica,"https://www.google.com/maps?q=13.4383,-16.6781",Hospital,13.4383,-16.6781
"Combustible · Kombos (Serrekunda, Kololi, Bakau, Brikama)","Combustible — Mejor oferta y calidad del país (GACH, Jah Oil, Total). Repostar a fondo aquí antes de subir el río: al este de Soma la red se vuelve escasa.",,https://theawakeman.github.io/africa2027/paises/gambia/#logistica,"https://www.google.com/maps?q=13.4383,-16.6781",Combustible,13.4383,-16.6781
Combustible · Soma / Farafenni (nudo de la Trans-Gambia),Combustible — Nudo de las dos orillas junto al puente de Senegambia y última oferta razonable antes del tramo largo hacia Janjanbureh. Llegar lleno y salir lleno.,,https://theawakeman.github.io/africa2027/paises/gambia/#logistica,"https://www.google.com/maps?q=13.43,-15.53",Combustible,13.43,-15.53
Combustible · Janjanbureh / Bansang,Combustible — Oferta limitada e irregular del río arriba. POR CONFIRMAR sobre el terreno; llevar garrafa de reserva desde Soma. Coordenada aproximada.,,https://theawakeman.github.io/africa2027/paises/gambia/#logistica,"https://www.google.com/maps?q=13.5333,-14.7667",Combustible,13.5333,-14.7667
Agua de servicio · Camping Sukuta,"Agua de servicio — [CONDICIONAL] Duchas, depósitos y lavado publicados. Contactar y pedir autorización expresa para llenar los vehículos; no asumir potabilidad.",,https://theawakeman.github.io/africa2027/paises/gambia/#agua-combustible,"https://www.google.com/maps?q=13.4193,-16.7154",Agua de servicio,13.4193,-16.7154
Agua de servicio · Kachadulaa Beach,"Agua de servicio — [RECARGA PUBLICADA] Agua algo salada para llenar depósitos y manguera de ducha. Solo uso general, nunca circuito potable; acceso inferior para 4x4.",,https://theawakeman.github.io/africa2027/paises/gambia/#agua-combustible,"https://www.google.com/maps?q=13.3413,-16.8117",Agua de servicio,13.3413,-16.8117
Agua de servicio · Tendaba Camp,"Agua de servicio — [CONDICIONAL] Duchas y agua disponibles, pero el llenado no está garantizado y las condiciones varían. Llamar antes y pedir cantidad/precio.",,https://theawakeman.github.io/africa2027/paises/gambia/#agua-combustible,"https://www.google.com/maps?q=13.4392,-15.8091",Agua de servicio,13.4392,-15.8091
Agua de servicio · Triple K Hotel,"Agua de servicio — [RESPALDO CONDICIONAL] Punto nuevo con agua, duchas y acceso asfaltado, todavía sin historial suficiente. Confirmar apertura y permiso de llenado.",,https://theawakeman.github.io/africa2027/paises/gambia/#agua-combustible,"https://www.google.com/maps?q=13.2909,-14.2067",Agua de servicio,13.2909,-14.2067
Dumbutu: sede del Parque Nacional de Kiang West y sus pistas,"media · Pista 4x4 — La sede del parque de Kiang West está en el pueblo de Dumbutu, a unos 18 minutos en coche de Tendaba y a 145 km de Banjul. Wikipedia indica que la red de pistas del parque está poco desarrollada y que conviene un 4x4 para recorrerlo. Es un lugar cada vez más conocido para ver aves, con el mirador de Tubabkollon Point junto al río. — Perro: no",,https://theawakeman.github.io/africa2027/paises/gambia/#ox-1,"https://www.google.com/maps?q=13.35,-15.83333",4x4 y offroad,13.35,-15.83333
Tendaba: campamento base junto al río Gambia,fácil · Oasis o bivac — Tendaba Camp funciona desde los años setenta a orillas del río Gambia y es la base turística clásica para visitar Kiang West. Desde aquí se sale en 4x4 hacia Dumbutu y las pistas del parque. Coordenada de GeoNames al minuto (aproximada). — Perro: sin dato,,https://theawakeman.github.io/africa2027/paises/gambia/#ox-2,"https://www.google.com/maps?q=13.43333,-15.81667",4x4 y offroad,13.43333,-15.81667
"Frontera · Caledonspoort (con Sudáfrica, Free State)","Frontera — Entrada norte, desde Fouriesburg/Clarens: la puerta cómoda del país y la más cercana a Ts'ehlanyane (45 minutos de asfalto). Horario amplio (aprox. 06:00–22:00, confirmar). Coordenadas aproximadas.",,https://theawakeman.github.io/africa2027/paises/lesoto/#logistica,"https://www.google.com/maps?q=-28.6833,28.3667",Frontera,-28.6833,28.3667
"Frontera · Maseru Bridge (con Sudáfrica, Free State)","Frontera — El paso principal del país, junto a la capital y a 20 km de Ladybrand. ABIERTO 24 HORAS. Es el más transitado y el de trámite más formal: la referencia si hay que resolver papeleo.",,https://theawakeman.github.io/africa2027/paises/lesoto/#logistica,"https://www.google.com/maps?q=-29.3167,27.4667",Frontera,-29.3167,27.4667
"Frontera · Sani Pass (con Sudáfrica, KwaZulu-Natal)","Frontera — El puesto está ARRIBA DEL TODO, en la cima del paso, a 2.874 m. Abre de 6:00 a 18:00 en ambos lados y no se cruza fuera de horario. Sudáfrica exige 4x4 para subir. Es la salida espectacular del país hacia el Drakensberg de KZN.",,https://theawakeman.github.io/africa2027/paises/lesoto/#logistica,"https://www.google.com/maps?q=-29.5836,29.2879",Frontera,-29.5836,29.2879
"Frontera · Qacha's Nek (con Sudáfrica, Cabo Oriental)","Frontera — Puerta del sureste y acceso rodado a Sehlabathebe. Horario limitado. Alternativa: Ramatseliso's Gate, más al este y más cerca del parque, pero con pista dura. Coordenadas aproximadas.",,https://theawakeman.github.io/africa2027/paises/lesoto/#logistica,"https://www.google.com/maps?q=-30.1167,28.6833",Frontera,-30.1167,28.6833
"Frontera · Tele Bridge (con Sudáfrica, Cabo Oriental)","Frontera — Paso del extremo sur junto a Quthing, hacia Sterkspruit. Útil para entrar o salir por el sur combinando con las huellas de dinosaurio. Coordenadas aproximadas.",,https://theawakeman.github.io/africa2027/paises/lesoto/#logistica,"https://www.google.com/maps?q=-30.4333,27.7333",Frontera,-30.4333,27.7333
Embajada de España en Pretoria (competente para Lesoto),Consular — No hay representación española en Lesoto: la competencia es de la Embajada de España en Pretoria (Sudáfrica). Comprobar teléfono de emergencia consular vigente antes de entrar.,,https://theawakeman.github.io/africa2027/paises/lesoto/#logistica,"https://www.google.com/maps?q=-25.75,28.2333",Consulado,-25.75,28.2333
"Queen 'Mamohato Memorial Hospital, Maseru","Hospital — Principal hospital de referencia del país. Para cualquier cosa seria, la práctica es evacuación a Bloemfontein o Johannesburgo (Sudáfrica), que están cerca: es una de las ventajas de que Lesoto sea un enclave.",,https://theawakeman.github.io/africa2027/paises/lesoto/#logistica,"https://www.google.com/maps?q=-29.31,27.48",Hospital,-29.31,27.48
"Combustible · Butha-Buthe, Maseru, Mokhotlong, Thaba-Tseka, Semonkong, Quthing","Combustible — Red escasa y de fiabilidad variable en la montaña. Repostar SIEMPRE que se pueda y llevar garrafas: entre Butha-Buthe y Mokhotlong por la A1, y en el interior (Thaba-Tseka, Semonkong, Sehlabathebe), la disponibilidad no está garantizada.",,https://theawakeman.github.io/africa2027/paises/lesoto/#logistica,"https://www.google.com/maps?q=-29.31,27.48",Combustible,-29.31,27.48
Agua de servicio · Molengoane Lodge (Nazareth),Agua de servicio — [SOLO DUCHA PUBLICADA; LLENADO CONDICIONADO] Camping seguro con duchas y electricidad; turismo oficial lo lista pet-friendly. Sin toma vehicular ni potabilidad publicadas.,,https://theawakeman.github.io/africa2027/paises/lesoto/#agua-combustible,"https://www.google.com/maps?q=-29.40403,27.78309",Agua de servicio,-29.40403,27.78309
Agua de servicio · Malealea Lodge,Agua de servicio — [DUCHA Y FREGADO; GRIFO NO POTABLE] Dos bloques de abluciones y zona de lavado. El lodge dice que no se beba del grifo; pactar cualquier carga y tratar el agua.,,https://theawakeman.github.io/africa2027/paises/lesoto/#agua-combustible,"https://www.google.com/maps?q=-29.82801,27.59991",Agua de servicio,-29.82801,27.59991
Agua de servicio · Semonkong Lodge,"Agua de servicio — [SOLO DUCHA CALIENTE PUBLICADA] Camping para campervans con abluciones. No publica toma de llenado ni potabilidad; reservar y confirmar vehículos, perro y volumen.",,https://theawakeman.github.io/africa2027/paises/lesoto/#agua-combustible,"https://www.google.com/maps?q=-29.843,28.04345",Agua de servicio,-29.843,28.04345
Sani Top: puesto fronterizo de Lesoto en lo alto del Sani Pass,"difícil · Paso técnico — Es la entrada a Lesoto por la cima del Sani Pass, a 2.876 m, en el borde del escarpe del Drakensberg. La web oficial de turismo de Lesoto lo presenta como uno de los puntos más altos del país con acceso rodado. Desde aquí la carretera sigue hacia Mokhotlong y el techo de Lesoto. — Perro: con condiciones",,https://theawakeman.github.io/africa2027/paises/lesoto/#ox-1,"https://www.google.com/maps?q=-29.58814,29.29272",4x4 y offroad,-29.58814,29.29272
Tlaeeng Pass (3.275 m),"media · Paso técnico — Según la web oficial de turismo de Lesoto, es el puerto de carretera más alto del sur de África, a 3.275 m, en la ruta entre Mokhotlong y Butha-Buthe. La misma web marca algunas rutas de la zona como solo para 4x4 extremos. Es el punto culminante del eje del techo de Lesoto. — Perro: con condiciones",,https://theawakeman.github.io/africa2027/paises/lesoto/#ox-2,"https://www.google.com/maps?q=-28.9432,28.82854",4x4 y offroad,-28.9432,28.82854
Mafika-Lisiu Pass (3.090 m),"media · Paso técnico — Puerto de alta montaña a 3.090 m junto a la reserva natural de Bokong, en el camino hacia la presa de Katse desde las tierras bajas del norte. Es la puerta de entrada al altiplano central de Lesoto. Las fuentes accesibles no describen el estado del firme. — Perro: con condiciones",,https://theawakeman.github.io/africa2027/paises/lesoto/#ox-3,"https://www.google.com/maps?q=-29.0646,28.4062",4x4 y offroad,-29.0646,28.4062
Semonkong y las cataratas de Maletsunyane,"media · Pista 4x4 — Semonkong ('lugar del humo'), a 2.275 m, es la base para visitar las cataratas de Maletsunyane, de 192 m de caída libre, donde el Semonkong Lodge opera el rápel comercial más largo del mundo (204 m). La web de turismo de Lesoto indica que la ruta a las cataratas incluye un tramo solo practicable a caballo o a pie. — Perro: sin dato",,https://theawakeman.github.io/africa2027/paises/lesoto/#ox-4,"https://www.google.com/maps?q=-29.84861,27.99389",4x4 y offroad,-29.84861,27.99389
Parque Nacional de Sehlabathebe,"difícil · Pista 4x4 — Primer parque nacional de Lesoto (1970), en el escarpe del Drakensberg, casi todo zona de naturaleza salvaje deshabitada. Forma parte del Patrimonio de la Humanidad Maloti-Drakensberg. Es el destino más remoto del país. — Perro: sin dato",,https://theawakeman.github.io/africa2027/paises/lesoto/#ox-5,"https://www.google.com/maps?q=-29.867,29.117",4x4 y offroad,-29.867,29.117
"Frontera · Ngwenya / Oshoek (con Sudáfrica, Mpumalanga)","Frontera — EL PASO PRINCIPAL del país, en la carretera de Johannesburgo y Mbabane, y el más cercano a la mina de Ngwenya y a Malolotja. Es el más transitado y el de horario más amplio (aprox. 07:00–22:00, CONFIRMAR). Coordenadas aproximadas.",,https://theawakeman.github.io/africa2027/paises/esuatini/#logistica,"https://www.google.com/maps?q=-26.2,31.0167",Frontera,-26.2,31.0167
"Frontera · Matsamo / Jeppe's Reef (con Sudáfrica, Mpumalanga)","Frontera — Paso del norte, el enlace natural con el Kruger por Malelane. Útil si el desvío se encaja viniendo del Kruger. Horario limitado. Coordenadas aproximadas.",,https://theawakeman.github.io/africa2027/paises/esuatini/#logistica,"https://www.google.com/maps?q=-25.7167,31.3167",Frontera,-25.7167,31.3167
"Frontera · Lavumisa / Golela (con Sudáfrica, KwaZulu-Natal)","Frontera — Paso del sur, en la N2 hacia Durban y el Drakensberg. Es la salida lógica si el desvío se encadena con Lesoto y el sur de Sudáfrica. Horario amplio. Coordenadas aproximadas.",,https://theawakeman.github.io/africa2027/paises/esuatini/#logistica,"https://www.google.com/maps?q=-27.3167,31.9167",Frontera,-27.3167,31.9167
Frontera · Lomahasha / Namaacha (con Mozambique),"Frontera — El paso del noreste hacia Namaacha y Maputo: la salida directa a Mozambique sin volver a entrar en Sudáfrica, que es lo que convierte a Esuatini en un desvío CORTO y no en un rodeo. Confirmar horario. Coordenadas aproximadas.",,https://theawakeman.github.io/africa2027/paises/esuatini/#logistica,"https://www.google.com/maps?q=-25.9833,31.9833",Frontera,-25.9833,31.9833
Frontera · Mhlumeni / Goba (con Mozambique),"Frontera — Alternativa a Lomahasha, más al sur y con carretera nueva hacia Maputo; suele ser más rápido. Coordenadas aproximadas, horario por confirmar.",,https://theawakeman.github.io/africa2027/paises/esuatini/#logistica,"https://www.google.com/maps?q=-26.2333,31.9833",Frontera,-26.2333,31.9833
Embajada de España en Maputo (también embajada en Esuatini),"Consular — No hay embajada de España en Esuatini: la competencia es de la Embajada de España en Maputo (Mozambique), que es además el país al que se sale por el este. Confirmar el teléfono de emergencia consular vigente antes de entrar.",,https://theawakeman.github.io/africa2027/paises/esuatini/#logistica,"https://www.google.com/maps?q=-25.9667,32.5833",Consulado,-25.9667,32.5833
Mbabane Government Hospital / clínicas privadas de Ezulwini,"Hospital — Red sanitaria limitada. Para cualquier cosa seria, la práctica es evacuación a Nelspruit/Mbombela o Johannesburgo (Sudáfrica), que están cerca. Comprobar que el seguro cubre la evacuación transfronteriza.",,https://theawakeman.github.io/africa2027/paises/esuatini/#logistica,"https://www.google.com/maps?q=-26.3167,31.1333",Hospital,-26.3167,31.1333
"Combustible · Mbabane, Ezulwini, Manzini, Piggs Peak, Simunye, Big Bend","Combustible — Red buena y fiable para el tamaño del país (Galp, Total, Puma, Engen), con precios habitualmente algo más baratos que en Sudáfrica. No hay ningún gap de autonomía relevante: Esuatini mide 200 km de norte a sur.",,https://theawakeman.github.io/africa2027/paises/esuatini/#logistica,"https://www.google.com/maps?q=-26.4833,31.3667",Combustible,-26.4833,31.3667
Agua de servicio · Mlilwane Rest Camp,"Agua de servicio — [TOMA EN CAMPING; LLENADO CONDICIONADO] Parte de las parcelas tiene agua y el resto, una toma cercana. Acordar litros, manguera, coste y calidad; reserva con fauna, no contar con el perro.",,https://theawakeman.github.io/africa2027/paises/esuatini/#agua-combustible,"https://www.google.com/maps?q=-26.49276,31.18523",Agua de servicio,-26.49276,31.18523
Agua de servicio · Ndlovu Camp (Hlane),Agua de servicio — [SOLO DUCHA Y FREGADO; SIN GRIFO EN PARCELA] Abluciones con agua caliente y cocina de campers. La ficha oficial niega tomas en el camping: no planificar llenado; reserva con fauna.,,https://theawakeman.github.io/africa2027/paises/esuatini/#agua-combustible,"https://www.google.com/maps?q=-26.25965,31.87496",Agua de servicio,-26.25965,31.87496
Malolotja: pistas 4x4 del parque,"media · Pista 4x4 — Parque de montaña de 180 km² en el noroeste, con el monte Ngwenya (1.829 m) y las cataratas de Malolotja (89 m, las más altas del país). Solo tiene 25 km de carretera, pero se puede explorar mucho más en 4x4, bici de montaña o a pie. Hay zonas de acampada designadas. — Perro: sin dato",,https://theawakeman.github.io/africa2027/paises/esuatini/#ox-1,"https://www.google.com/maps?q=-26.098,31.099",4x4 y offroad,-26.098,31.099
Mlilwane: puerta de Sangweni y pistas de montaña,"fácil · Pista 4x4 — Santuario de fauna de Big Game Parks en el valle de Ezulwini. Casi todas sus pistas valen para turismos, salvo las de montaña, que son el interés 4x4. Tiene camping básico desde 180 rand y acceso de 24 horas por una ruta nocturna señalizada. — Perro: sin dato",,https://theawakeman.github.io/africa2027/paises/esuatini/#ox-2,"https://www.google.com/maps?q=-26.47458,31.19107",4x4 y offroad,-26.47458,31.19107
Frontera · ENTRADA — Forbes/Machipanda (desde Mozambique),"Frontera — Nuestra entrada, a 8 km de Mutare sobre la carretera de Beira: el gran corredor económico Harare-Beira, con muchísimo camión pesado y congestión habitual. Las fuentes de referencia siguen publicando horario 06:00-20:00 los siete días, pero los dos gobiernos anunciaron el paso a funcionamiento 24/7 desde diciembre: CONFIRMAR 72 h antes. Teléfonos del lado zimbabuense: +263 20 63 003 / 67 532 / 66 196. Aquí se tramitan visado (30 USD una entrada), permiso temporal de importación del vehículo o sellado del CPD, seguro de terceros si no se lleva Tarjeta Amarilla COMESA, y las tasas de vehículo extranjero. Llegar temprano.",,https://theawakeman.github.io/africa2027/paises/zimbabue/#logistica,"https://www.google.com/maps?q=-19.0053,32.7125",Frontera,-19.0053,32.7125
Frontera · SALIDA — Kazungula carretera (hacia Botsuana),"Frontera — Nuestra salida elegida, a unos 70 km de la ciudad de Victoria Falls: horario 06:00-20:00, desemboca directamente en Kasane (Botsuana), a las puertas de Chobe. OJO con la confusión de nombres: el PUENTE de Kazungula, el nuevo, une Zambia con Botsuana; lo nuestro es el PUESTO DE CARRETERA Zimbabue-Botsuana, que es otro. En el lado botsuano hay control de FIEBRE AFTOSA con baño de neumáticos y de calzado y decomiso de carne y lácteos: vaciar la nevera antes. Coordenada aproximada: confirmar.",,https://theawakeman.github.io/africa2027/paises/zimbabue/#logistica,"https://www.google.com/maps?q=-17.795,25.26",Frontera,-17.795,25.26
Frontera · SALIDA alternativa — Plumtree/Ramokgwebana (hacia Botsuana),"Frontera — La otra opción, descartada como principal: 10,2 km al suroeste de Plumtree sobre la A7, horario 06:00-22:00 todos los días incluidos festivos, y deja en Francistown. Tasas documentadas por Tracks4Africa (enero de 2023, revisar): 20 USD de road access, 55-120 USD de seguro de terceros según cilindrada, 70 USD de carbon tax a la salida y 10 USD de peaje, SOLO EN EFECTIVO en USD o ZAR. Punta de tráfico de julio a octubre. Un overlander de la expedición de Tracks4Africa lo cruzó en una hora y lo describe como amable. Tel. +263 19 2561 / +263 712 321 211.",,https://theawakeman.github.io/africa2027/paises/zimbabue/#logistica,"https://www.google.com/maps?q=-20.4833,27.7833",Frontera,-20.4833,27.7833
Frontera · Beitbridge (hacia Sudáfrica) — NO la usamos,"Frontera — El paso más transitado de la región y, según las guías de autoconducción, el más lento: dos o tres horas en hora punta. NO está en nuestro trazado —de Zimbabue salimos a Botsuana—, pero queda documentado como salida de emergencia hacia Sudáfrica si hubiera que evacuar o reparar.",,https://theawakeman.github.io/africa2027/paises/zimbabue/#logistica,"https://www.google.com/maps?q=-22.2167,30.0",Frontera,-22.2167,30.0
Frontera · Chirundu y la coronación de la presa de Kariba (hacia Zambia) — no la usamos,"Frontera — Dos pasos hacia Zambia en la variante norte que NO usamos porque Zambia se visitó meses antes: Chirundu (ventanilla única, mucho camión) y el paso peatonal y de vehículos sobre la coronación de la presa de Kariba. Solo relevantes como contexto: desde Mana Pools y Kariba se ve Zambia al otro lado del río.",,https://theawakeman.github.io/africa2027/paises/zimbabue/#logistica,"https://www.google.com/maps?q=-16.0333,28.85",Frontera,-16.0333,28.85
Embajada de España en Harare,"Consular — 16 Phillips Ave., Belgravia, P.O. Box 3300, Harare. Tel. +263 (0)242 250740/1 · Emergencia consular: +263 (0)772 436 620 · emb.harare@maec.es. Competente también para Zambia y Malaui. Única representación española del país: en el eje principal (Mutare-Masvingo-Bulawayo-Cataratas Victoria) queda a 300-600 km de casi todo.",,https://theawakeman.github.io/africa2027/paises/zimbabue/#logistica,"https://www.google.com/maps?q=-17.81,31.05",Consulado,-17.81,31.05
"Hospitales privados de Harare (Avenues, Baines Avenue)","Hospital — Referencia sanitaria nacional y la mejor del país; relevante sobre todo para la variante norte (Mana Pools, Kariba). Para casos graves, la práctica regional es la evacuación a Sudáfrica.",,https://theawakeman.github.io/africa2027/paises/zimbabue/#logistica,"https://www.google.com/maps?q=-17.82,31.045",Hospital,-17.82,31.045
"Mater Dei Hospital, Bulawayo","Hospital — Hospital privado de referencia del sur y el más cercano a Matobo, Khami, Hwange y Gran Zimbabue. Es el centro serio del eje principal.",,https://theawakeman.github.io/africa2027/paises/zimbabue/#logistica,"https://www.google.com/maps?q=-20.15,28.5833",Hospital,-20.15,28.5833
Hospital provincial de Mutare,"Hospital — Primer hospital al entrar desde Mozambique y la referencia de las Eastern Highlands (Bvumba, Nyanga, Chimanimani). Para un accidente de montaña en el Nyangani o en Chimanimani, el rescate es terrestre y lento: contar con ello.",,https://theawakeman.github.io/africa2027/paises/zimbabue/#logistica,"https://www.google.com/maps?q=-18.9707,32.6709",Hospital,-18.9707,32.6709
Clínica privada de Victoria Falls,"Hospital — Clínica orientada al turismo de aventura en la zona de las cataratas, con experiencia en traumatología de actividades. Último recurso sanitario antes de Botsuana.",,https://theawakeman.github.io/africa2027/paises/zimbabue/#logistica,"https://www.google.com/maps?q=-17.93,25.83",Hospital,-17.93,25.83
"Combustible · Mutare, Masvingo, Bulawayo, Harare, Victoria Falls","Combustible — Estaciones formales de marca (Puma, Total, Zuva, Engen) en todas las ciudades del eje. Desde que la venta se hace en dólares, el suministro es CONSISTENTE y han desaparecido las colas y el racionamiento que marcaron la década pasada: es una corrección importante respecto a la versión anterior de esta ficha. Precio tope de ZERA en septiembre de 2026: gasóleo 1,95 USD/l y gasolina mezcla E10 1,96 USD/l. En la práctica, la mayoría de las estaciones solo aceptan dólares en efectivo.",,https://theawakeman.github.io/africa2027/paises/zimbabue/#logistica,"https://www.google.com/maps?q=-20.15,28.5833",Combustible,-20.15,28.5833
Combustible · Chiredzi (puerta de Gonarezhou),Combustible — Último suministro antes de Gonarezhou: dentro del parque no hay nada y los accesos a Chipinda Pools y a Chilojo son arena. Entrar con depósitos y garrafas llenos y con autonomía para todo el circuito.,,https://theawakeman.github.io/africa2027/paises/zimbabue/#logistica,"https://www.google.com/maps?q=-21.05,31.6667",Combustible,-21.05,31.6667
Combustible · Hwange Main Camp y Dete,"Combustible — Main Camp de Hwange tiene combustible y tienda, pero no es fiable al 100 %: repostar en Hwange pueblo, en Dete o en Victoria Falls y tratar el del parque como un extra. Los enlaces a Sinamatella y Robins, por el norte, consumen mucho más de lo previsto por la arena.",,https://theawakeman.github.io/africa2027/paises/zimbabue/#logistica,"https://www.google.com/maps?q=-18.6167,26.85",Combustible,-18.6167,26.85
"Combustible · Karoi, Makuti y Kariba (variante norte)","Combustible — Eje de la variante norte: Chinhoyi, Karoi, Makuti y Kariba tienen estaciones. Después de Makuti y del puesto de Marongora no hay NADA hasta salir de Mana Pools, y el tramo Kariba-Binga-Chizarira-Hwange es el más largo sin suministro de toda la ficha: Binga es la única plaza intermedia.",,https://theawakeman.github.io/africa2027/paises/zimbabue/#logistica,"https://www.google.com/maps?q=-16.8167,29.6833",Combustible,-16.8167,29.6833
Taller y recambios · Bulawayo,"Servicio — La mejor oferta de talleres, recambios, neumáticos y soldadura del sur del país, herencia de su pasado industrial y ferroviario. Parada técnica recomendada de los dos vehículos antes de Hwange y de la salida a Botsuana.",,https://theawakeman.github.io/africa2027/paises/zimbabue/#logistica,"https://www.google.com/maps?q=-20.15,28.5833",Servicio,-20.15,28.5833
Reservas de ZimParks · Harare (sede central),"Servicio — Mana Pools, Matusadona y las parcelas exclusivas NO tienen reserva online: se gestionan por correo (info@zimparks.org.zw) o por teléfono, y se confirman por escrito. Hacerlo con semanas de antelación y llevar la confirmación impresa a la puerta, porque en la puerta solo se pagan la entrada y los extras.",,https://theawakeman.github.io/africa2027/paises/zimbabue/#logistica,"https://www.google.com/maps?q=-17.8292,31.0522",Servicio,-17.8292,31.0522
Agua de servicio · Explorers Village (Victoria Falls),Agua de servicio — [SOLO DUCHA Y FREGADO; CAMIONES OVERLAND] Bahías para camiones y camper con duchas calientes/frías. No publica toma de llenado ni potabilidad; reservar y confirmar perro.,,https://theawakeman.github.io/africa2027/paises/zimbabue/#agua-combustible,"https://www.google.com/maps?q=-17.92417,25.84106",Agua de servicio,-17.92417,25.84106
Agua de servicio · Big Cave Camp (Matobo),Agua de servicio — [SOLO DUCHA; PERRO NO ADMITIDO EN MAPS] Aseos con agua caliente y fregadero. No publica toma para el vehículo; no usar como recarga sin autorización.,,https://theawakeman.github.io/africa2027/paises/zimbabue/#agua-combustible,"https://www.google.com/maps?q=-20.49637,28.43501",Agua de servicio,-20.49637,28.43501
Agua de servicio · Antelope Park (Gweru),"Agua de servicio — [TOMA EN CAMPING; LLENADO CONDICIONADO] Publica grifos, duchas calientes y zona de lavado para overlanders. Acordar litros, conexión, coste, tratamiento y perro.",,https://theawakeman.github.io/africa2027/paises/zimbabue/#agua-combustible,"https://www.google.com/maps?q=-19.50738,29.72028",Agua de servicio,-19.50738,29.72028
Mana Pools: oficina de permisos de Marongora,"fácil · Pista 4x4 — Marongora, en lo alto del escarpe del Zambeze junto a la carretera A1 Harare–Chirundu, es donde se tramitan los permisos de entrada a Mana Pools. El parque, Patrimonio de la Humanidad desde 1984, se recorre en 4x4, a pie o acampando. Desde el pie del escarpe se llega por pista de tierra. — Perro: no",,https://theawakeman.github.io/africa2027/paises/zimbabue/#ox-1,"https://www.google.com/maps?q=-16.22021,29.16373",4x4 y offroad,-16.22021,29.16373
Mana Pools: llanura del Zambeze (Nyamepi),"media · Oasis o bivac — Llanura de inundación del Zambeze que, tras las lluvias, se convierte en un rosario de lagunas; alberga las mayores poblaciones de hipopótamos y cocodrilos del país y grandes manadas de elefantes y búfalos. Nyamepi es el camping y centro de operaciones junto al río. Es uno de los pocos parques de África donde se permite caminar sin guía. — Perro: no",,https://theawakeman.github.io/africa2027/paises/zimbabue/#ox-2,"https://www.google.com/maps?q=-15.75,29.3667",4x4 y offroad,-15.75,29.3667
Mana Pools: manantiales de Chitake,"difícil · Oasis o bivac — El río Chitake nace en un manantial perenne al pie del escarpe del Zambeze y corre un kilómetro entre paredes de cañón. En la época seca es de las pocas fuentes de agua de la zona, por lo que concentra fauna y depredadores. Es un desvío remoto dentro de Mana Pools. — Perro: no",,https://theawakeman.github.io/africa2027/paises/zimbabue/#ox-3,"https://www.google.com/maps?q=-16.07184,29.41299",4x4 y offroad,-16.07184,29.41299
Gonarezhou: Chipinda Pools (entrada norte),"media · Pista 4x4 — Es la entrada norte del Parque Nacional de Gonarezhou, a 34 km de Chiredzi, junto al río Runde. Tiene nueve parcelas de camping desarrollado a la orilla del río (2 vehículos y de 4 a 6 adultos por parcela). Desde aquí se sigue el Runde hacia Bhenji Weir y los acantilados de Chilojo. — Perro: no",,https://theawakeman.github.io/africa2027/paises/zimbabue/#ox-4,"https://www.google.com/maps?q=-21.28876,31.91412",4x4 y offroad,-21.28876,31.91412
Gonarezhou: acantilados de Chilojo,"media · Oasis o bivac — Acantilados de arenisca de 180 m de altura que se extienden unos 20 km por la orilla sur del Runde; son la imagen del parque. Hay miradores al oeste y al este y campings de monte exclusivos cerca (4 vehículos por parcela, mínimo de 4 a 6 adultos según el tipo). — Perro: no",,https://theawakeman.github.io/africa2027/paises/zimbabue/#ox-5,"https://www.google.com/maps?q=-21.44938,32.08209",4x4 y offroad,-21.44938,32.08209
Gonarezhou: Mabalauta (sector sur),"media · Pista 4x4 — Sector sur de Gonarezhou junto al río Mwenezi, con cinco parcelas de camping desarrollado. Está cerca de la puerta de Malipati, que da acceso desde el corredor del Limpopo y Beitbridge, y de la de Sango, en la frontera de Mozambique. Es la puerta de entrada lógica viniendo del sur. — Perro: no",,https://theawakeman.github.io/africa2027/paises/zimbabue/#ox-6,"https://www.google.com/maps?q=-21.9179,31.45704",4x4 y offroad,-21.9179,31.45704
Hwange: Sinamatella,"media · Pista 4x4 — Uno de los tres campamentos principales del Parque Nacional de Hwange, el mayor de Zimbabue, sobre una colina con vistas a la llanura. Es la base del sector noroeste, con las presas de Mandavu y Masuma cerca. La mayoría de las pistas del parque son de arena y algunas zonas exigen 4x4. — Perro: no",,https://theawakeman.github.io/africa2027/paises/zimbabue/#ox-7,"https://www.google.com/maps?q=-18.58546,26.31532",4x4 y offroad,-18.58546,26.31532
Parque Nacional de Chizarira,"difícil · Pista 4x4 — Tercer parque más grande de Zimbabue (2.000 km²), en el escarpe del Zambeze, y de los menos conocidos por su aislamiento. Solo es accesible en 4x4 y tiene campings en lugares como Busi y Mucheni. Es un destino para viajeros muy autónomos. — Perro: no",,https://theawakeman.github.io/africa2027/paises/zimbabue/#ox-8,"https://www.google.com/maps?q=-17.75,28.167",4x4 y offroad,-17.75,28.167
Frontera · Entrada — Kazungula Road (desde Zimbabue),"Frontera — Horario 06:00-20:00. Puesto moderno junto al punto cuádruple; se llega desde Victoria Falls (Zimbabue) por 70 km de asfalto. Es la entrada elegida: deja el Parque de Chobe a 15 minutos y permite bajar el país entero de norte a sur. Alternativa descartada: Ramokgwebana/Plumtree (06:00-22:00), más cerca de Bulawayo pero que obliga a subir 500 km por el este para llegar a Chobe.",,https://theawakeman.github.io/africa2027/paises/botsuana/#logistica,"https://www.google.com/maps?q=-17.7892,25.2633",Frontera,-17.7892,25.2633
Frontera · Salida — Martin's Drift / Groblersbrug (hacia Sudáfrica),"Frontera — Horario 06:00-22:00, sobre el Limpopo. Salida del eje principal: encaja después del Tuli Block y deja en la provincia sudafricana de Limpopo. Mucho camión de carga; llegar fuera de las horas punta. Pont Drift, más al este (solo turismo, horario reducido), es la puerta natural de Mashatu pero con paso de vehículos limitado — confirmar antes.",,https://theawakeman.github.io/africa2027/paises/botsuana/#logistica,"https://www.google.com/maps?q=-22.6167,28.0333",Frontera,-22.6167,28.0333
Frontera · Salida alternativa — Tlokweng Gate / Kopfontein,"Frontera — Horario 06:00-00:00, a 15 km de Gaborone. Salida de la variante oeste (Kalahari Central → Gaborone). Pioneer Gate/Skilpadshek (06:00-00:00), 60 km al suroeste, es la opción si se va directo hacia Johannesburgo.",,https://theawakeman.github.io/africa2027/paises/botsuana/#logistica,"https://www.google.com/maps?q=-24.6667,25.9833",Frontera,-24.6667,25.9833
Embajada de España en Windhoek (competente para Botsuana),"Consular — 58 Simeon Shixungileni Street, Windhoek (Namibia). Tel. +264 (0)61 22 30 66. No hay representación española en Botsuana: cualquier trámite consular mayor pasa por Windhoek — ver ficha de Namibia para el contacto completo.",,https://theawakeman.github.io/africa2027/paises/botsuana/#logistica,"https://www.google.com/maps?q=-22.57,17.0836",Consulado,-22.57,17.0836
"Letsholathebe II Memorial Hospital, Maun","Hospital — Hospital de referencia del noroeste y de toda la zona del Okavango. Para casos serios, la práctica regional es la evacuación aérea a Gaborone o a Sudáfrica — imprescindible llevar seguro con cobertura de evacuación.",,https://theawakeman.github.io/africa2027/paises/botsuana/#logistica,"https://www.google.com/maps?q=-19.995,23.42",Hospital,-19.995,23.42
"Princess Marina Hospital, Gaborone","Hospital — Principal hospital público del país, en la capital; hay además clínicas privadas (Bokamoso, Gaborone Private Hospital) con mejor equipamiento para extranjeros.",,https://theawakeman.github.io/africa2027/paises/botsuana/#logistica,"https://www.google.com/maps?q=-24.65,25.9167",Hospital,-24.65,25.9167
Oficina DWNP · Maun (reservas de parques),"Servicio — Department of Wildlife and National Parks: confirmación y pago de reservas de camping en Moremi, Chobe, Makgadikgadi, Nxai y CKGR. Tel. +267 3180774, dwnp@gov.bw. Las reservas se hacen con MESES de antelación, no aquí — esta oficina sirve para confirmar y pagar.",,https://theawakeman.github.io/africa2027/paises/botsuana/#logistica,"https://www.google.com/maps?q=-19.9833,23.4167",Servicio,-19.9833,23.4167
Departamento de Servicios Veterinarios (Gaborone),"Servicio — Autoridad competente del permiso de importación del perro y de los cordones sanitarios de fiebre aftosa. Permisos: DVSpermits@gov.bw, tel. +267 368 9513 / 368 9510 (07:30-12:45 y 13:45-16:30, L-V); centralita +267 368 9000. El trámite oficial se resuelve en un día hábil, pero la consulta previa hay que hacerla con meses de antelación.",,https://theawakeman.github.io/africa2027/paises/botsuana/#logistica,"https://www.google.com/maps?q=-24.6583,25.9122",Servicio,-24.6583,25.9122
Combustible · Kasane,"Combustible — Primera estación fiable al entrar. Repostar a fondo aquí: entre Kasane y Maun por dentro de los parques (Savuti-Khwai-Moremi) NO HAY COMBUSTIBLE en unos 400 km de arena, que consumen muchísimo más que el asfalto.",,https://theawakeman.github.io/africa2027/paises/botsuana/#logistica,"https://www.google.com/maps?q=-17.8167,25.15",Combustible,-17.8167,25.15
Combustible · Maun,"Combustible — La mejor oferta del norte, con varias marcas y gasóleo fiable. Punto de repostaje a fondo antes del Delta, de la variante oeste (Tsodilo/Gcwihaba) y de las salinas.",,https://theawakeman.github.io/africa2027/paises/botsuana/#logistica,"https://www.google.com/maps?q=-19.9833,23.4167",Combustible,-19.9833,23.4167
"Combustible · Nata, Gweta y Rakops (eje de las salinas)",Combustible — Nata es el nudo del noreste y el más seguro; Gweta y Rakops tienen surtidor pero con roturas de stock frecuentes. Último repostaje real antes de Kubu Island y antes de entrar a CKGR por Matswere.,,https://theawakeman.github.io/africa2027/paises/botsuana/#logistica,"https://www.google.com/maps?q=-20.2167,26.1833",Combustible,-20.2167,26.1833
Combustible · Ghanzi y Letlhakane,"Combustible — Ghanzi es el único suministro fiable del oeste, antes de Xade y del Kalahari Central. Letlhakane (junto a Orapa) es el del sureste de las salinas y la salida natural de Kubu Island hacia el sur.",,https://theawakeman.github.io/africa2027/paises/botsuana/#logistica,"https://www.google.com/maps?q=-21.7,21.65",Combustible,-21.7,21.65
"Combustible · Francistown, Palapye y Gaborone","Combustible — Eje asfaltado A1 del este: oferta abundante y sin problemas, con talleres y recambios en Francistown y Gaborone.",,https://theawakeman.github.io/africa2027/paises/botsuana/#logistica,"https://www.google.com/maps?q=-21.1667,27.5167",Combustible,-21.1667,27.5167
Agua de servicio · BOGA Rest Camp (Maun),"Agua de servicio — [AGUA CORRIENTE Y DUCHA; LLENADO CONDICIONADO] Parcela servida con agua, electricidad, ducha caliente y fregadero. Pactar litros, toma, coste, calidad y perro.",,https://theawakeman.github.io/africa2027/paises/botsuana/#agua-combustible,"https://www.google.com/maps?q=-19.94196,23.50782",Agua de servicio,-19.94196,23.50782
Agua de servicio · El-Fari Camp (Ghanzi),"Agua de servicio — [GRIFO EN PARCELA; LLENADO CONDICIONADO] Cada campsite publica toma y las abluciones, agua caliente/fría. Confirmar grandes volúmenes, potabilidad, coste y perro.",,https://theawakeman.github.io/africa2027/paises/botsuana/#agua-combustible,"https://www.google.com/maps?q=-21.35816,22.13544",Agua de servicio,-21.35816,22.13544
Agua de servicio · Elephant Sands (Nata–Kasane),"Agua de servicio — [SOLO DUCHA; AGUA RESTRINGIDA] Ducha caliente, pero el agua se bombea desde 14 km y se corta a las 22:00. No pedir recarga; recinto sin valla y perro sin confirmar.",,https://theawakeman.github.io/africa2027/paises/botsuana/#agua-combustible,"https://www.google.com/maps?q=-19.74904,26.07125",Agua de servicio,-19.74904,26.07125
"Maun: repostaje y compras antes de Moremi, Khwai y Savuti","fácil · Repostaje — Maun es la capital turística de Botsuana y la base de operaciones para el delta del Okavango. Es el último punto con gasóleo, supermercados y talleres antes del circuito de arena Moremi–Khwai–Savuti. También hay oficinas del DWNP donde se gestionan permisos de parque. — Perro: sí",,https://theawakeman.github.io/africa2027/paises/botsuana/#ox-1,"https://www.google.com/maps?q=-19.983,23.417",4x4 y offroad,-19.983,23.417
Moremi: South Gate,"media · Pista 4x4 — Es la entrada sur a la reserva de Moremi, en el borde oriental del delta del Okavango, y el inicio del circuito South Gate–Third Bridge–Xakanaxa–North Gate. Desde aquí hasta Xakanaxa hay unos 42 km que suelen estar practicables todo el año. Tiene camping propio gestionado por Kwalate Safaris. — Perro: no",,https://theawakeman.github.io/africa2027/paises/botsuana/#ox-2,"https://www.google.com/maps?q=-19.4248,23.64572",4x4 y offroad,-19.4248,23.64572
Third Bridge: puentes de troncos y vados de Moremi,"difícil · Paso técnico — Third Bridge es el camping más salvaje de Moremi, junto a un puente de troncos sobre un canal del delta. Para llegar hay que pasar First Bridge y Second Bridge y varios vados de profundidad variable según la crecida. Es la experiencia de agua más típica del Okavango en 4x4. El camping lo gestiona Xomae Group. — Perro: no",,https://theawakeman.github.io/africa2027/paises/botsuana/#ox-3,"https://www.google.com/maps?q=-19.23955,23.35643",4x4 y offroad,-19.23955,23.35643
Khwai: North Gate y pistas del río,"media · Paso técnico — North Gate es la entrada norte de Moremi, junto al pueblo de Khwai y el río del mismo nombre. Al norte del río está la concesión comunitaria de Khwai, que permite recorrer la orilla sin pagar tasas de parque. Las pistas junto al río tienen tramos encharcados y cruces de agua; las del interior son más fáciles. — Perro: no",,https://theawakeman.github.io/africa2027/paises/botsuana/#ox-4,"https://www.google.com/maps?q=-19.17093,23.75075",4x4 y offroad,-19.17093,23.75075
Mababe Gate: elección entre Sand Ridge Road y Marsh Road,"difícil · Paso técnico — Es la puerta sur del sector de Savuti en el Parque Nacional de Chobe. Desde aquí hay unos 70 km hasta Savuti por dos pistas alternativas: la Sand Ridge Road, de arena, y la Marsh Road, por el borde de la ciénaga. Los guardas indican cuál está mejor según la estación. — Perro: no",,https://theawakeman.github.io/africa2027/paises/botsuana/#ox-5,"https://www.google.com/maps?q=-19.01278,23.9894",4x4 y offroad,-19.01278,23.9894
Savuti: camping de SKL junto al canal,"difícil · Oasis o bivac — Savuti es el corazón salvaje de Chobe, con fama de depredadores y elefantes. El camping público tiene 14 parcelas gestionadas por SKL, con un máximo de tres vehículos por parcela. Es la etapa central del eje Maun–Khwai–Savuti–Kasane y solo se alcanza por pistas de arena. — Perro: no",,https://theawakeman.github.io/africa2027/paises/botsuana/#ox-6,"https://www.google.com/maps?q=-18.57052,24.06963",4x4 y offroad,-18.57052,24.06963
Linyanti: camping remoto junto al pantano,"difícil · Oasis o bivac — Linyanti es un pequeño camping de cinco parcelas en el extremo noroeste de Chobe, frente a los pantanos del Linyanti y la frontera de Namibia. Es de los lugares más aislados del circuito y se llega solo por pista de arena desde Savuti. Lo gestiona SKL. — Perro: no",,https://theawakeman.github.io/africa2027/paises/botsuana/#ox-7,"https://www.google.com/maps?q=-18.29495,23.90948",4x4 y offroad,-18.29495,23.90948
Ghoha Gate–Kachikau: la arena más dura del norte,"difícil · Paso técnico — Es el acceso norte a Savuti desde Kasane: 93 km de asfalto hasta Kachikau y luego unos 40 km de pista ancha y ondulada hasta Ghoha Gate. Una guía de viaje lo describe como el tramo más arenoso que encontraron en Botsuana, con uso de reductora. El punto marca las colinas de Goha, junto a la puerta. — Perro: no",,https://theawakeman.github.io/africa2027/paises/botsuana/#ox-8,"https://www.google.com/maps?q=-18.41667,24.25",4x4 y offroad,-18.41667,24.25
CKGR: Matswere Gate,"media · Pista 4x4 — Es la entrada más usada a la Reserva de Caza del Kalahari Central, en el nordeste, y la más cómoda para Deception Valley y Sunday Pan. La reserva es enorme, sin vallas ni agua, y se recorre por pistas de arena a 40 km/h como máximo. Los campings los gestionan Bigfoot Tours (Piper Pan y Sunday Pan) y el DWNP (el resto). — Perro: no",,https://theawakeman.github.io/africa2027/paises/botsuana/#ox-9,"https://www.google.com/maps?q=-21.15678,24.00742",4x4 y offroad,-21.15678,24.00742
CKGR: Deception Valley,"media · Oasis o bivac — Es el valle fósil más famoso del Kalahari Central y la zona con más depredadores. Tiene varios campings dispersos (Deception, Kori, Sunday Pan cerca). El punto marca la entrada al valle desde Matswere. — Perro: no",,https://theawakeman.github.io/africa2027/paises/botsuana/#ox-10,"https://www.google.com/maps?q=-21.40502,23.8029",4x4 y offroad,-21.40502,23.8029
CKGR: Piper Pan,"difícil · Oasis o bivac — Piper Pan es una salina con dos campings (gestionados por Bigfoot Tours) en el centro de la reserva, a mitad de la travesía norte–sur. Es uno de los lugares más remotos que se pueden visitar sin guía en Botsuana. Desde aquí se sale por Xade hacia Ghanzi. — Perro: no",,https://theawakeman.github.io/africa2027/paises/botsuana/#ox-11,"https://www.google.com/maps?q=-21.7841,23.21265",4x4 y offroad,-21.7841,23.21265
Khumaga Gate: vado o balsa del río Boteti,"media · Paso técnico — Es la entrada oeste del Parque Nacional de las salinas de Makgadikgadi, al otro lado del río Boteti. En seco se cruza el cauce en el propio vehículo; con crecida funciona una balsa que lleva un coche cada vez (P150 por coche). A veces hay demasiada agua para vadear y poca para la balsa, y hay que rodear unos 80 km por asfalto. — Perro: no",,https://theawakeman.github.io/africa2027/paises/botsuana/#ox-12,"https://www.google.com/maps?q=-20.47242,24.51782",4x4 y offroad,-20.47242,24.51782
Nxai Pan: Baines' Baobabs y la salina de Kudiakam,"media · Paso técnico — Grupo de baobabs pintado por Thomas Baines en 1862, al borde de la salina de Kudiakam, dentro del Parque Nacional de Nxai Pan. Tiene tres campings dispersos gestionados por Xomae. La entrada al parque desde la A3 es el tramo más arenoso de toda la zona. — Perro: no",,https://theawakeman.github.io/africa2027/paises/botsuana/#ox-13,"https://www.google.com/maps?q=-20.11262,24.76917",4x4 y offroad,-20.11262,24.76917
Kubu Island (Lekhubu),"media · Oasis o bivac — Isla de granito con baobabs en medio de la salina de Sowa, parte del complejo de Makgadikgadi. Es monumento nacional y lugar sagrado; el camping (13 parcelas) lo gestiona el Gaing-O Community Trust desde Mmatshumo. Es uno de los vivacs más espectaculares del sur de África. — Perro: sin dato",,https://theawakeman.github.io/africa2027/paises/botsuana/#ox-14,"https://www.google.com/maps?q=-20.893,25.819",4x4 y offroad,-20.893,25.819
Kgalagadi: Mabuasehube Gate,"difícil · Pista 4x4 — Es la entrada al sector de Mabuasehube, la parte más oriental y salvaje del Parque Transfronterizo de Kgalagadi. Tiene unas 17 parcelas repartidas en siete salinas (DWNP e Intertourism). Desde aquí sale el Mabuasehube Wilderness Trail, de 155 km y dos días hasta cerca de Nossob (Sudáfrica), solo en un sentido, con mínimo dos vehículos y máximo cuatro, un grupo por día y reserva con el DWNP. — Perro: no",,https://theawakeman.github.io/africa2027/paises/botsuana/#ox-15,"https://www.google.com/maps?q=-25.08364,22.15481",4x4 y offroad,-25.08364,22.15481
Tsodilo Hills: puerta y camping,"fácil · Oasis o bivac — Colinas sagradas con más de 4.000 pinturas rupestres, Patrimonio de la Humanidad, al oeste del Panhandle del Okavango. Se visitan con guías locales desde el museo. El acceso es una pista de arena y ripio que, según un viajero de 2025, exige 4x4. — Perro: sin dato",,https://theawakeman.github.io/africa2027/paises/botsuana/#ox-16,"https://www.google.com/maps?q=-18.78793,21.74773",4x4 y offroad,-18.78793,21.74773
Gcwihaba (Drotsky's Caves),"difícil · Oasis o bivac — Cuevas calizas con estalactitas y colonias de murciélagos a unos 50 km al este de las colinas de Aha, en pleno Kalahari del noroeste. Se llega por una pista de arena estrecha y larga. En 2018 se estaba construyendo un centro de visitantes y una puerta, así que puede haber tasas. — Perro: sin dato",,https://theawakeman.github.io/africa2027/paises/botsuana/#ox-17,"https://www.google.com/maps?q=-20.0217,21.35458",4x4 y offroad,-20.0217,21.35458
Frontera · Entrada — Chavuma/Caripande (desde Angola),"Frontera — Paso remoto del noroeste frente al puesto angoleño de Caripande. El pin coincide con Caripande Border Post en Google Maps y corrige un desplazamiento superior a 100 km en la ficha de Angola. Las pistas del lado angoleño pueden tener arena y barro; confirmar horario, inmigración, aduana y emisión de visado antes de comprometerse con esta salida.",,https://theawakeman.github.io/africa2027/paises/zambia/#logistica,"https://www.google.com/maps?q=-12.99372,22.72853",Frontera,-12.99372,22.72853
Frontera · Salida — Nakonde/Tunduma (hacia Tanzania),"Frontera — El gran paso del corredor TANZAM, el más transitado del norte: mucho camión, colas y gestores informales. Puesto de ventanilla única. Llegar temprano y contar con varias horas; vigilar la documentación del vehículo en todo momento.",,https://theawakeman.github.io/africa2027/paises/zambia/#logistica,"https://www.google.com/maps?q=-9.3333,32.75",Frontera,-9.3333,32.75
Embajada de España en Harare (competente para Zambia),"Consular — 16 Phillips Ave., Belgravia, Harare (Zimbabue). Tel. +263 (0)242 250740/1; emergencias +263 (0)772 436 620. Gestionar trámites mayores a través de esta embajada.",,https://theawakeman.github.io/africa2027/paises/zambia/#logistica,"https://www.google.com/maps?q=-17.8216,31.0492",Consulado,-17.8216,31.0492
"University Teaching Hospital, Lusaka","Hospital — Principal hospital de referencia del país en la capital; para necesidades serias, la evacuación hacia Sudáfrica es la práctica habitual en la región.",,https://theawakeman.github.io/africa2027/paises/zambia/#logistica,"https://www.google.com/maps?q=-15.4067,28.305",Hospital,-15.4067,28.305
Hospital general de Kasama (norte),"Hospital — Referencia sanitaria del circuito de cascadas y del tramo de Tanganyika; lo más cercano a Mpulungu, Kalambo y Chishimba.",,https://theawakeman.github.io/africa2027/paises/zambia/#logistica,"https://www.google.com/maps?q=-10.2129,31.1808",Hospital,-10.2129,31.1808
Combustible · Mongu (oeste),Combustible — Única oferta formal fiable del oeste: repostar a fondo aquí tanto al entrar desde Angola como antes de cruzar hacia Kafue. Entre la frontera y Mongu no hay garantía ninguna.,,https://theawakeman.github.io/africa2027/paises/zambia/#logistica,"https://www.google.com/maps?q=-15.2667,23.1333",Combustible,-15.2667,23.1333
Combustible · Lusaka,"Combustible — Mejor oferta y calidad del país, con todas las marcas y gasóleo fiable. Punto de repostaje a fondo antes del norte.",,https://theawakeman.github.io/africa2027/paises/zambia/#logistica,"https://www.google.com/maps?q=-15.4067,28.305",Combustible,-15.4067,28.305
Combustible · Serenje / Mpika (Great North Road),Combustible — Las dos plazas del eje norte y el último suministro seguro antes de Bangweulu y Kasanka: African Parks recomienda expresamente salir de aquí con el depósito lleno y provisiones.,,https://theawakeman.github.io/africa2027/paises/zambia/#logistica,"https://www.google.com/maps?q=-11.8333,31.45",Combustible,-11.8333,31.45
Combustible · Kasama / Mbala (norte),"Combustible — Oferta razonable en el norte profundo; repostar antes de meterse en el circuito de cascadas (Mporokoso, Kawambwa) donde la oferta es irregular.",,https://theawakeman.github.io/africa2027/paises/zambia/#logistica,"https://www.google.com/maps?q=-10.2129,31.1808",Combustible,-10.2129,31.1808
Kawambwa · provisiones del circuito de cascadas,"Servicio — Panaderías y tiendas de alimentación: el único reabastecimiento real entre las cascadas de Lumangwe, Kabwelume y Ntumbachushi.",,https://theawakeman.github.io/africa2027/paises/zambia/#logistica,"https://www.google.com/maps?q=-9.7833,29.0833",Servicio,-9.7833,29.0833
Agua de servicio · The Moorings Campsite (Monze),"Agua de servicio — [TOMA EN PARCELA; VOLUMEN CONDICIONADO] La ficha oficial publica un punto de agua en cada emplazamiento y duchas calientes. Reservar y acordar litros, manguera y precio; no presupone potabilidad.",,https://theawakeman.github.io/africa2027/paises/zambia/#agua-combustible,"https://www.google.com/maps?q=-16.19423,27.5435",Agua de servicio,-16.19423,27.5435
Agua de servicio · Rapid 14 Logistical Base,Agua de servicio — [DUCHA CALIENTE Y AGUA; SIN LLENADO] Camping verificado en 2026 y apto para vehículos grandes. Confirmar apertura; el agua del camping no autoriza el depósito.,,https://theawakeman.github.io/africa2027/paises/zambia/#agua-combustible,"https://www.google.com/maps?q=-17.97654,25.88657",Agua de servicio,-17.97654,25.88657
Mfuwe: último repostaje del valle del Luangwa,"fácil · Repostaje — Mfuwe es el núcleo de servicios junto a la puerta principal de South Luangwa, unos 100 km al oeste-noroeste de Chipata. De aquí salen las dos grandes pistas del valle: la carretera 05 que sube el escarpe de Muchinga hacia Mpika y la pista hacia el norte por Luambe y el pontón de North Luangwa. Tiene el récord de temperatura de Zambia (42,8 °C), así que el calor de octubre pesa en el consumo y en el perro. — Perro: con condiciones",,https://theawakeman.github.io/africa2027/paises/zambia/#ox-1,"https://www.google.com/maps?q=-13.11056,31.79778",4x4 y offroad,-13.11056,31.79778
Nabwalya y la subida del escarpe de Muchinga (carretera 05),"muy difícil · Paso técnico — Nabwalya es la aldea de la jefatura del mismo nombre, en el fondo del valle del Luangwa, a unos 110 km de Mpika por una pista señalizada como «Strictly 4x4». Es el pie del escarpe de Muchinga: una rampa de unos 5 km (12 km de lazadas de piedra según otro relato) que obliga a subir en primera reductora. Es el paso clave de la ruta 05 entre South Luangwa y la Great North Road. — Perro: con condiciones",,https://theawakeman.github.io/africa2027/paises/zambia/#ox-2,"https://www.google.com/maps?q=-12.42145,31.97575",4x4 y offroad,-12.42145,31.97575
Mukungule y Mano Gate: entrada oeste de North Luangwa,"difícil · Pista 4x4 — Mano Gate es la entrada oeste de North Luangwa, a 32 km de la aldea de Mukungule, a la que se llega desde la Great North Road unos 60 km al norte de Mpika. North Luangwa ha sido durante décadas un parque casi cerrado; desde hace pocos años se puede entrar en autoconducción. Desde aquí se baja el escarpe hacia el Amatololo Loop o se cruza el parque hasta el pontón del Luangwa. — Perro: no",,https://theawakeman.github.io/africa2027/paises/zambia/#ox-3,"https://www.google.com/maps?q=-11.36667,32.11667",4x4 y offroad,-11.36667,32.11667
Cataratas de Lufila: campamento del Amatololo Loop,"difícil · Oasis o bivac — Es el primero de los cuatro campamentos comunitarios del Amatololo Loop, en lo alto del escarpe junto a las cataratas del río Lufila, y el más adecuado para grupos pequeños. El bucle sigue el Lufila y el Luangwa y según Zambia Tourism exige un 4x4 bien equipado y experiencia fuera de pista. Se reserva en exclusiva (máximo 15 personas) a 10 USD por persona. — Perro: no",,https://theawakeman.github.io/africa2027/paises/zambia/#ox-4,"https://www.google.com/maps?q=-11.45966,32.27803",4x4 y offroad,-11.45966,32.27803
Mushika: campamento junto al Luangwa (Amatololo Loop),"difícil · Oasis o bivac — Es el mayor de los campamentos comunitarios del bucle, con vistas al río y un insaka (cobertizo) para la sombra. Cerca están Muzungwe (junto a una laguna, bueno para aves) y Nkholo (bajo ébanos). Es la base para recorrer el fondo del valle en uno de los parques menos visitados de África austral. — Perro: no",,https://theawakeman.github.io/africa2027/paises/zambia/#ox-5,"https://www.google.com/maps?q=-11.78213,32.50424",4x4 y offroad,-11.78213,32.50424
Kalabo: transbordador y arena de acceso a Liuwa Plain,"difícil · Paso técnico — Kalabo es el pueblo al otro lado de la llanura del Barotse, unido a Mongu desde 2016 por una calzada de 27 puentes. Tras él, un transbordador de tracción manual cruza al lado del parque. Según Kaingu Lodge, la arena entre el transbordador y la sede de African Parks es la peor de toda la visita: profunda y dura. — Perro: con condiciones",,https://theawakeman.github.io/africa2027/paises/zambia/#ox-6,"https://www.google.com/maps?q=-14.99111,22.67889",4x4 y offroad,-14.99111,22.67889
Llanuras de Liuwa Plain (African Parks),"media · Pista 4x4 — Es un parque de 3.369 km² de pradera abierta con la segunda migración de ñus más grande de África (unos 40.000). Se recorre en autoconducción por pistas de arena que se vuelven más firmes a medida que se aleja de Kalabo. Es un 4x4 puro de horizontes infinitos y navegación por GPS, lejos de cualquier ruta turística. — Perro: no",,https://theawakeman.github.io/africa2027/paises/zambia/#ox-7,"https://www.google.com/maps?q=-14.5,22.483",4x4 y offroad,-14.5,22.483
Llanuras de Busanga (norte de Kafue): algodón negro,"difícil · Paso técnico — Son las praderas inundables del río Lufupa, en el extremo noroeste de Kafue, famosas por los leones, el lechwe y las grullas carunculadas. En autoconducción solo se llega en la estación seca y el suelo de algodón negro es el obstáculo: duro y roto en seco, imposible en mojado. No se pueden visitar en el día: hay que dormir en los campamentos de la zona, que son caros. — Perro: no",,https://theawakeman.github.io/africa2027/paises/zambia/#ox-8,"https://www.google.com/maps?q=-14.32096,25.96578",4x4 y offroad,-14.32096,25.96578
Chongwe Gate: entrada de Lower Zambezi,"media · Pista 4x4 — Es la puerta occidental de Lower Zambezi, junto al río Chongwe, al final de la pista de la zona de caza controlada que sale de Chirundu. Desde aquí se entra a las pistas de la llanura del Zambeze entre elefantes y búfalos. La alternativa desde Lusaka es la Leopards Hill Road, que baja el escarpe con pendientes fuertes y curvas de herradura: solo para conductores muy experimentados, en convoy. — Perro: no",,https://theawakeman.github.io/africa2027/paises/zambia/#ox-9,"https://www.google.com/maps?q=-15.70147,29.33419",4x4 y offroad,-15.70147,29.33419
Kasanka: campamentos del parque de los murciélagos,"fácil · Oasis o bivac — Kasanka es un parque pequeño (390 km²) gestionado por Kasanka Trust, célebre por los unos diez millones de murciélagos frugívoros que llegan de octubre a diciembre. La puerta es accesible sin 4x4, pero las pistas que lo unen con Lavushi Manda y Bangweulu requieren 4x4. Es la base natural antes de entrar en los humedales. — Perro: no",,https://theawakeman.github.io/africa2027/paises/zambia/#ox-10,"https://www.google.com/maps?q=-12.565,30.17788",4x4 y offroad,-12.565,30.17788
Humedales de Bangweulu: pista final de Muwele a los campamentos,"difícil · Paso técnico — Son 9.850 km² de llanuras inundables, pastizales y pantanos permanentes gestionados por African Parks, hogar del picozapato y del lechwe negro. El acceso por carretera termina en unos 35 km de pista desde Muwele, la última aldea (hora y media). Es uno de los destinos más remotos del recorrido por Zambia. — Perro: sin dato",,https://theawakeman.github.io/africa2027/paises/zambia/#ox-11,"https://www.google.com/maps?q=-11.6,30.083",4x4 y offroad,-11.6,30.083
Termas de Kapishya (Shiwa Ng'andu),"fácil · Oasis o bivac — Es una poza de agua caliente natural en el bosque de galería de la finca de Shiwa Ng'andu, la mansión de estilo inglés construida en los años veinte a unos 12 km de la Great North Road entre Mpika y Chinsali. Tiene camping junto al río y es la parada de descanso clásica de los overlanders en el eje Mpika–Tanzania. Es un buen punto para reponerse antes o después de North Luangwa o de la carretera 05. — Perro: sin dato",,https://theawakeman.github.io/africa2027/paises/zambia/#ox-12,"https://www.google.com/maps?q=-11.17063,31.60039",4x4 y offroad,-11.17063,31.60039
Frontera · Entrada — Malaba (con Kenia),Frontera — Principal paso del Corredor Norte desde Kenia; puesto de ventanilla única (OSBP) con tráfico pesado de camiones y esperas variables. La eVisa ugandesa hay que llevarla YA IMPRESA.,,https://theawakeman.github.io/africa2027/paises/uganda/#logistica,"https://www.google.com/maps?q=0.6333,34.2667",Frontera,0.6333,34.2667
Frontera · Entrada alternativa — Busia (con Kenia),"Frontera — Alternativa a Malaba, también OSBP y bastante menos congestionada de camiones; suele ser más rápida para turismo. Enlaza igual de bien con Jinja.",,https://theawakeman.github.io/africa2027/paises/uganda/#logistica,"https://www.google.com/maps?q=0.4667,34.0833",Frontera,0.4667,34.0833
Frontera · Salida — Cyanika (con Ruanda),"Frontera — Paso del extremo suroeste, entre Kisoro y Musanze (Ruanda): la salida lógica si se encadena Bwindi/Mgahinga con el Parque de los Volcanes. Puesto pequeño y rápido. HORARIO LIMITADO (no 24 h): confirmar antes de llegar.",,https://theawakeman.github.io/africa2027/paises/uganda/#logistica,"https://www.google.com/maps?q=-1.2333,29.6333",Frontera,-1.2333,29.6333
Frontera · Salida alternativa — Katuna/Gatuna (con Ruanda),"Frontera — Paso principal entre Kabale y Kigali, en la carretera troncal: más tráfico y trámite más formal que Cyanika, pero mejor asfalto. Estuvo cerrado por la crisis Ruanda-Uganda de 2019-2022 y volvió a abrir: confirmar estado real antes de contar con él.",,https://theawakeman.github.io/africa2027/paises/uganda/#logistica,"https://www.google.com/maps?q=-1.2333,29.9833",Frontera,-1.2333,29.9833
Frontera · Salida alternativa — Mutukula (con Tanzania),"Frontera — Si no se sigue a Ruanda, es la salida al sur hacia Bukoba y el lago Victoria tanzano; cae bien tras el Lago Mburo. Coordenadas aproximadas, por confirmar.",,https://theawakeman.github.io/africa2027/paises/uganda/#logistica,"https://www.google.com/maps?q=-1.0,31.4",Frontera,-1.0,31.4
Embajada de España en Nairobi (competente para Uganda),"Consular — No hay embajada de España en Uganda. CBA Building, 3ª planta, Mara & Ragati Roads, Upper Hill, Nairobi (Kenia). Tel. +254 20 272 02 22/3/4/5; emergencia consular +254 733 63 11 44.",,https://theawakeman.github.io/africa2027/paises/uganda/#logistica,"https://www.google.com/maps?q=-1.2977,36.8129",Consulado,-1.2977,36.8129
International Hospital Kampala / Mulago National Referral Hospital,"Hospital — Mulago es el hospital nacional de referencia; el International Hospital Kampala (IHK, privado) es la opción habitual para extranjeros. Para casos serios, la práctica regional es evacuación a Nairobi.",,https://theawakeman.github.io/africa2027/paises/uganda/#logistica,"https://www.google.com/maps?q=0.3419,32.5764",Hospital,0.3419,32.5764
"Combustible · Kampala, Jinja, Gulu, Mbarara, Kasese, Kabale","Combustible — Estaciones formales (Shell/Vivo, TotalEnergies, Stabex, City Oil) en todas las ciudades del eje. Repostar a fondo en Gulu antes del bucle a Kidepo y en Kabale/Kisoro antes del tramo final a Bwindi.",,https://theawakeman.github.io/africa2027/paises/uganda/#logistica,"https://www.google.com/maps?q=0.3476,32.5825",Combustible,0.3476,32.5825
Agua de servicio · Adrift Overland Camp (Jinja),"Agua de servicio — [AGUA EN BAHÍA Y DUCHA; LLENADO CONDICIONADO] Seis plazas para camión/camper con agua corriente y electricidad. Reservar y acordar litros, conexión, coste y perro; no consta potabilidad.",,https://theawakeman.github.io/africa2027/paises/uganda/#agua-combustible,"https://www.google.com/maps?q=0.59445,33.05245",Agua de servicio,0.59445,33.05245
Agua de servicio · Kluges Guest Farm (Fort Portal),Agua de servicio — [SOLO DUCHA; PERRO NO ADMITIDO EN MAPS] Camping para vehículos grandes con abluciones y zona de lavado. No publica llenado; confirmar antes de desviarse.,,https://theawakeman.github.io/africa2027/paises/uganda/#agua-combustible,"https://www.google.com/maps?q=0.59448,30.25021",Agua de servicio,0.59448,30.25021
Apoka y el valle de Narus (Kidepo),"media · Pista 4x4 — Apoka es el centro del parque del valle de Kidepo, con la oficina de la UWA y la pista de aterrizaje a 3 km. Desde aquí salen las pistas del valle de Narus, la zona más accesible del parque; el valle de Kidepo, al norte, es más remoto. En el extremo norte, junto a la frontera de Sudán del Sur, está la fuente templada de Kanangorok, el agua más permanente del parque. — Perro: no",,https://theawakeman.github.io/africa2027/paises/uganda/#ox-1,"https://www.google.com/maps?q=3.73551,33.72733",4x4 y offroad,3.73551,33.72733
Nataba: entrada a Kidepo desde Karamoja,"media · Pista 4x4 — Las dos rutas largas a Kidepo por Karamoja terminan en la puerta de Nataba, unos 12 km al sureste de Apoka. Pasan por pueblos como Moroto, que se están abriendo al turismo comunitario. Es la entrada lógica si se llega desde Kenia por el este de Uganda. — Perro: no",,https://theawakeman.github.io/africa2027/paises/uganda/#ox-2,"https://www.google.com/maps?q=3.68936,33.82302",4x4 y offroad,3.68936,33.82302
Kaniyo Pabidi y la puerta sur de Murchison (Kichumbanyobo),"fácil · Pista 4x4 — La reserva forestal de Kaniyo Pabidi, parte del bosque de Budongo, está junto a la puerta principal de Murchison, Kichumbanyobo, al norte de Masindi. Es el comienzo de la pista hacia Paraa y lo alto de las cataratas. Murchison es el parque más grande de Uganda y la entrada cuesta 45 USD por no residente y día (tarifa 2024-2026). — Perro: no",,https://theawakeman.github.io/africa2027/paises/uganda/#ox-3,"https://www.google.com/maps?q=1.90483,31.71564",4x4 y offroad,1.90483,31.71564
Lo alto de las cataratas Murchison,fácil · Pista 4x4 — Es el mirador donde el Nilo Victoria se estrecha en una garganta de solo 7 m y cae 43 m. Se llega por un ramal de la pista que va de la puerta sur a Paraa. Es la visita imprescindible del parque y se puede combinar con la barca que remonta el río desde Paraa. — Perro: no,,https://theawakeman.github.io/africa2027/paises/uganda/#ox-4,"https://www.google.com/maps?q=2.27848,31.6855",4x4 y offroad,2.27848,31.6855
Ferry de Paraa sobre el Nilo,"fácil · Paso técnico — En Paraa, centro turístico del parque desde los años 50, un ferry cruza el Nilo Victoria y une el sur del parque con las llanuras del norte (sector de Buligi y Pakuba), las mejores para ver fauna. La terminal sur está junto a la recepción de la UWA. Sin el ferry no hay forma rápida de cruzar el río dentro del parque. — Perro: no",,https://theawakeman.github.io/africa2027/paises/uganda/#ox-5,"https://www.google.com/maps?q=2.28785,31.56905",4x4 y offroad,2.28785,31.56905
Ishasha: sector sur de Queen Elizabeth,"media · Pista 4x4 — Ishasha es el sector sur del Parque Nacional Queen Elizabeth, famoso por los leones que trepan a los árboles (los machos, a menudo de melena negra). Las pistas recorren sabana abierta junto al río Ishasha, que marca la frontera con la RD del Congo. Entrada: 40 USD por no residente y día; un 4x4 con matrícula extranjera paga 150 USD (tarifa 2024-2026). — Perro: no",,https://theawakeman.github.io/africa2027/paises/uganda/#ox-6,"https://www.google.com/maps?q=-0.5858,29.71757",4x4 y offroad,-0.5858,29.71757
Frontera · Entrada — Cyanika (con Uganda),"Frontera — Paso del noroeste entre Kisoro (Uganda) y Musanze: 25 km entre Mgahinga y el Parque de los Volcanes, la entrada natural si se viene de los gorilas ugandeses. Puesto pequeño y rápido, HORARIO LIMITADO (no 24 h): confirmar antes de llegar. AQUÍ SE REQUISAN LAS BOLSAS DE PLÁSTICO.",,https://theawakeman.github.io/africa2027/paises/ruanda/#logistica,"https://www.google.com/maps?q=-1.2333,29.6333",Frontera,-1.2333,29.6333
Frontera · Entrada alternativa — Gatuna/Katuna (con Uganda),"Frontera — Paso principal de la carretera troncal Kabale–Kigali, con mejor asfalto y más tráfico. Estuvo CERRADO entre 2019 y 2022 por la crisis diplomática con Uganda: confirmar estado 72 h antes.",,https://theawakeman.github.io/africa2027/paises/ruanda/#logistica,"https://www.google.com/maps?q=-1.2333,29.9833",Frontera,-1.2333,29.9833
Frontera · Salida — Rusumo (con Tanzania),"Frontera — Puente sobre las cataratas de Rusumo, en el río Kagera: la salida al este hacia Benako y Kahama (Tanzania), justo al sur de Akagera. Puesto de ventanilla única del corredor central. Es la salida lógica si se vuelve al bucle principal por Tanzania.",,https://theawakeman.github.io/africa2027/paises/ruanda/#logistica,"https://www.google.com/maps?q=-2.3833,30.7833",Frontera,-2.3833,30.7833
Frontera · Salida alternativa — Kagitumba (con Uganda),"Frontera — Extremo noreste, junto a Akagera, hacia Mbarara (Uganda). Útil si se quiere cerrar el bucle Uganda-Ruanda por el este en vez de por el oeste. Coordenadas aproximadas, por confirmar.",,https://theawakeman.github.io/africa2027/paises/ruanda/#logistica,"https://www.google.com/maps?q=-1.0333,30.4667",Frontera,-1.0333,30.4667
Embajada de España en Kampala/Nairobi (competencia para Ruanda),"Consular — No hay embajada de España en Ruanda. La competencia recae en la Embajada de España en Nairobi (Kenia): CBA Building, Mara & Ragati Roads, Upper Hill. Tel. +254 20 272 02 22/3/4/5; emergencia consular +254 733 63 11 44. CONFIRMAR la demarcación vigente antes del viaje.",,https://theawakeman.github.io/africa2027/paises/ruanda/#logistica,"https://www.google.com/maps?q=-1.2977,36.8129",Consulado,-1.2977,36.8129
"King Faisal Hospital / CHUK, Kigali","Hospital — King Faisal Hospital (privado, Kacyiru) es la referencia para extranjeros y de los mejores de África oriental; CHUK es el hospital universitario público. Para casos muy graves, evacuación a Nairobi.",,https://theawakeman.github.io/africa2027/paises/ruanda/#logistica,"https://www.google.com/maps?q=-1.9536,30.0606",Hospital,-1.9536,30.0606
"Combustible · Kigali, Musanze, Rubavu, Karongi, Rusizi, Huye","Combustible — Red de estaciones formales (SP, Engen, Rubis, Kobil) buena y bien repartida: Ruanda es un país pequeño con carreteras excelentes y no hay ningún gap de autonomía relevante. Repostar antes de meterse en el Congo Nile Trail y antes de Akagera.",,https://theawakeman.github.io/africa2027/paises/ruanda/#logistica,"https://www.google.com/maps?q=-1.9536,30.0606",Combustible,-1.9536,30.0606
Agua de servicio · Red Rocks Base Camp (Musanze),Agua de servicio — [SOLO DUCHA; ACCESO 4X4 POR CONFIRMAR] Camping actual con duchas calientes. No publica llenado ni confirma espacio para dos vehículos; reservar.,,https://theawakeman.github.io/africa2027/paises/ruanda/#agua-combustible,"https://www.google.com/maps?q=-1.56031,29.63623",Agua de servicio,-1.56031,29.63623
Agua de servicio · Imuhira Camp & CBT (Kagano),Agua de servicio — [SOLO DUCHA; VEHÍCULOS ADMITIDOS] Camping para overlanders con ducha fría y cubo caliente a petición. Sin llenado publicado; consumo contenido.,,https://theawakeman.github.io/africa2027/paises/ruanda/#agua-combustible,"https://www.google.com/maps?q=-2.35338,29.08096",Agua de servicio,-2.35338,29.08096
Akagera: puerta sur y pistas del lago Ihema,"fácil · Pista 4x4 — Akagera es el único parque de Ruanda con los 'cinco grandes' y se visita en coche propio: se puede conducir por libre de 6:00 a 18:00. Desde la puerta sur, las pistas bordean el lago Ihema; los campings de Muyumbu y Shakani están a 15 minutos, y los del norte (Mutumba, Mihindi) a 2-4 horas. Precios 2026-2027: entrada 100 USD por persona y día, vehículo con matrícula extranjera 40 USD, guía opcional 40 USD por día, camping 25 USD por persona y noche (Mihindi 50 USD con desayuno). — Perro: sin dato",,https://theawakeman.github.io/africa2027/paises/ruanda/#ox-1,"https://www.google.com/maps?q=-1.87873,30.70358",4x4 y offroad,-1.87873,30.70358
Congo Nile Trail: tramo de Karongi (lago Kivu),"media · Pista 4x4 — El Congo Nile Trail es una ruta de 227 km entre Rubavu y Rusizi, casi paralela a la orilla este del lago Kivu, pensada sobre todo para bici y senderismo (unos 5 días entera, o por etapas). Karongi es su punto medio, y los operadores ciclistas citan etapas por Gisenyi, Kinunu, Karongi, Mugonero, Kibogora y Kamembe. Para un 4x4 sirve como recorrido de apoyo o de paisaje entre colinas en terrazas. — Perro: sin dato",,https://theawakeman.github.io/africa2027/paises/ruanda/#ox-2,"https://www.google.com/maps?q=-2.0616,29.34834",4x4 y offroad,-2.0616,29.34834
Paso fronterizo de Galafi (Etiopía → Yibuti),"Frontera — Paso terrestre principal desde Etiopía, en la RN-1, a 218 km de la capital y a 161 m de altitud. Es donde los overlanders obtienen el permiso temporal de importación del vehículo (10 días documentados). Tráfico intensísimo de camiones y carretera en mal estado. Pin comprobado en Google Maps («Galafi»).",,https://theawakeman.github.io/africa2027/paises/yibuti/#logistica,"https://www.google.com/maps?q=11.71687,41.83761",Frontera,11.71687,41.83761
Paso fronterizo de Loyada (Yibuti → Somalilandia),"Frontera — Único paso oficial hacia Somalilandia, a 25 km de Yibuti ciudad, sobre una colina que domina la costa del golfo de Adén. Cierres periódicos por motivos políticos; reabierto en 2002. El MAEC desaconseja la zona fronteriza con Somalia (Somalilandia). Pin comprobado en Google Maps («Loyada»).",,https://theawakeman.github.io/africa2027/paises/yibuti/#logistica,"https://www.google.com/maps?q=11.46157,43.25009",Frontera,11.46157,43.25009
Ali Sabieh / paso de Dewele (Etiopía → Yibuti),"Frontera — Segunda ciudad del país (44.782 hab. en 2024), a 98 km de la capital, 756 m de altitud y 10 km de la frontera etíope; el paso de Dewele está a 18 km. Por aquí cruza el ferrocarril Adís Abeba-Yibuti y se hace el control fronterizo ferroviario. Pin comprobado en Google Maps («Dewele (lado etíope del paso de Ali Sabieh)»).",,https://theawakeman.github.io/africa2027/paises/yibuti/#logistica,"https://www.google.com/maps?q=11.03318,42.63162",Frontera,11.03318,42.63162
Aeropuerto Internacional de Yibuti-Ambouli (JIB/HDAM),"Frontera — Único aeropuerto internacional del país, a 6 km del centro y 15 m de altitud, con una sola pista (09/27). Uso civil y militar compartido: Camp Lemonnier estadounidense, base aérea francesa BA 188, base japonesa e italiana; el tráfico militar supone en torno al 75% de las operaciones. Visado a la llegada discrecional. PROHIBIDO FOTOGRAFIAR. Pin comprobado en Google Maps («Aeropuerto Internacional Yibuti-Ambouli»).",,https://theawakeman.github.io/africa2027/paises/yibuti/#logistica,"https://www.google.com/maps?q=11.55205,43.14968",Frontera,11.55205,43.14968
Puerto de Yibuti,"Frontera — Entrada marítima principal y salida al mar de Etiopía, que supone en torno al 70% de la carga; unos 2.500 buques al año. Terminal de contenedores desde febrero de 1985 y ampliación en Doraleh. PROHIBIDO FOTOGRAFIAR. Pin comprobado en Google Maps («Puerto de Yibuti (sin objeto en Google Maps; coordenada de la fuente)»).",,https://theawakeman.github.io/africa2027/paises/yibuti/#logistica,"https://www.google.com/maps?q=11.6053,43.1392",Frontera,11.6053,43.1392
Embarcadero del ferry Yibuti–Tadjoura–Obock (Port de l'Escale),"Frontera — Port de l'Escale, Route de Venise, al final del muelle que sale del palacio presidencial. Travesía del golfo de Tadjoura de unas 2 horas; ADMITE VEHÍCULOS, con hasta 1 hora de espera para asegurar plaza (reseña de viajero, mayo de 2019). Horarios y tarifas actuales por confirmar. Pin comprobado en Google Maps («Port de l'Escale (sin objeto en Google Maps; coordenada de la fuente)»).",,https://theawakeman.github.io/africa2027/paises/yibuti/#logistica,"https://www.google.com/maps?q=11.5951,43.1481",Frontera,11.5951,43.1481
Embajada de España en Adís Abeba (competente para Yibuti),"Consular — España NO tiene embajada residente en Yibuti: la competencia es de la Embajada en Adís Abeba, que en su web declara «También somos tu Embajada en Seychelles y Yibuti». Dirección: Botswana Street, Addis Abeba, P.O. Box 2312. Tel. +251 929 136 159 y +251 111 230 083. emb.addisabeba@maec.es. EMERGENCIA CONSULAR 24 h: +251 911 219 403. Pin comprobado en Google Maps («Embassy of Spain (Adís Abeba, competente para Yibuti)»).",,https://theawakeman.github.io/africa2027/paises/yibuti/#logistica,"https://www.google.com/maps?q=9.0621,38.76032",Consulado,9.0621,38.76032
Viceconsulado Honorario de España en Yibuti,Consular — Vicecónsul honoraria: Josefina Llorente Martín. Teléfonos publicados por el MAEC: +253 77 84 49 50 (recomendaciones de viaje) y +253 21 35 63 53 (ficha país). DIRECCIÓN EXACTA NO PUBLICADA: por confirmar con la embajada en Adís Abeba. Pin comprobado en Google Maps («Yibuti ciudad (el viceconsulado honorario no publica dirección ni figura en Google Maps)»).,,https://theawakeman.github.io/africa2027/paises/yibuti/#logistica,"https://www.google.com/maps?q=11.58859,43.14536",Consulado,11.58859,43.14536
Hôpital Général Peltier (Yibuti ciudad),"Hospital — Principal hospital público del país y referencia de la lista de centros médicos de la embajada británica. BP 2123, Yibuti. Tel. +253 21 35 27 12, fax 21 35 30 14. El MAEC califica los servicios médicos del país de «muy deficientes». Pin comprobado en Google Maps («Hopital Peltier»).",,https://theawakeman.github.io/africa2027/paises/yibuti/#logistica,"https://www.google.com/maps?q=11.6083,43.15319",Hospital,11.6083,43.15319
Hôpital Militaire Bouffard y Clinique Affi (Yibuti ciudad),"Hospital — Hospital militar francés Bouffard (BP 85024, tel. +253 21 35 13 51), referencia habitual para europeos en urgencias graves; el acceso de civiles queda a criterio militar, por confirmar. Alternativa privada: Clinique Affi (BP 6193, tel. +253 21 34 44 97). Datos de la lista de la embajada británica de septiembre de 2015: reconfirmar teléfonos. Pin comprobado en Google Maps («Hopital Bouffard»).",,https://theawakeman.github.io/africa2027/paises/yibuti/#logistica,"https://www.google.com/maps?q=11.58748,43.15279",Hospital,11.58748,43.15279
Repostaje en Yibuti ciudad antes del circuito interior,"Combustible — La red de estaciones se concentra en la capital y en el eje de la RN-1 hacia Galafi. Canadá avisa de que las gasolineras son escasas y están muy separadas. Gasolina en torno a 310 DJF/litro (1,50 €) a 18 de septiembre de 2026. Salir con depósito lleno y bidones para el triángulo Lac Assal – Grand Bara – Lac Abbé. Pago en efectivo, en francos. Pin comprobado en Google Maps («Total Station (Yibuti ciudad)»).",,https://theawakeman.github.io/africa2027/paises/yibuti/#logistica,"https://www.google.com/maps?q=11.55977,43.15226",Combustible,11.55977,43.15226
Dikhil: último repostaje antes de Galafi y del Lac Abbé,"Combustible — Capital de la región de Dikhil (27.378 hab. en 2024, 507 m de altitud), a 122 km al suroeste de la capital por la RN-1 y 12 km de la frontera etíope, al este del Lac Abbé. Última población de entidad antes de Galafi y del desierto: última oportunidad razonable de repostar y comprar agua. Servicios concretos POR CONFIRMAR. Pin comprobado en Google Maps («Dikhil»).",,https://theawakeman.github.io/africa2027/paises/yibuti/#logistica,"https://www.google.com/maps?q=11.10543,42.37047",Combustible,11.10543,42.37047
Carga de agua en Yibuti ciudad,"Agua potable — El agua del grifo NO es potable (riesgo de cólera según el MAEC), pero la red de la capital sirve para llenar depósitos de ducha y lavado. Para beber, embotellada o filtrada: botella de 1,5 l en torno a 100 DJF (0,49 €) a 18 de septiembre de 2026. Es el único punto fiable de carga del país: fuera de la capital la red es escasa y el agua salobre. Pin comprobado en Google Maps («Yibuti (ciudad)»).",,https://theawakeman.github.io/africa2027/paises/yibuti/#agua-combustible,"https://www.google.com/maps?q=11.58859,43.14536",Agua de servicio,11.58859,43.14536
Aeropuerto Internacional de Ivato (TNR),Frontera — Único punto de entrada previsto; visado a la llegada (efectivo o tarjeta); control sanitario; oficinas de Yas/Orange/Airtel para SIM. Pin comprobado en Google Maps («Aeropuerto Internacional Ivato»).,,https://theawakeman.github.io/africa2027/paises/madagascar/#logistica,"https://www.google.com/maps?q=-18.79946,47.4754",Frontera,-18.79946,47.4754
Puerto de Toamasina (Tamatave),Frontera — Principal puerto de carga internacional; sin ferry de pasajeros con vehículo. Pin comprobado en Google Maps («Puerto de Toamasina»).,,https://theawakeman.github.io/africa2027/paises/madagascar/#logistica,"https://www.google.com/maps?q=-18.1567,49.425",Frontera,-18.1567,49.425
Embajada de España en Pretoria (competente para Madagascar),"Consular — Lord Charles Complex, 337 Brooklyn Road, Brooklyn, Pretoria 0181. Tel +27 12 460 0123; emergencia consular +27 76 114 6151 (web embajada) / 6152 (MAEC); emb.pretoria.nac@maec.es. Pin comprobado en Google Maps («Embassy of Spain»).",,https://theawakeman.github.io/africa2027/paises/madagascar/#logistica,"https://www.google.com/maps?q=-25.77025,28.25078",Consulado,-25.77025,28.25078
Consulado Honorario de España en Antananarivo,"Consular — Hasnaine Yavar, BP 1330 Ankadimbahoaka, Antananarivo 101. Tel +261 34 02 06 363 / +261 20 22 222 31; 24 h +261 32 11 060 74; ch.espagne@consulat.mg. Pin comprobado en Google Maps («Consulat D'Espagne»).",,https://theawakeman.github.io/africa2027/paises/madagascar/#logistica,"https://www.google.com/maps?q=-18.94738,47.52411",Consulado,-18.94738,47.52411
Hôpital Joseph Ravoahangy Andrianavalona (HJRA),Hospital — Hospital público de referencia en Antananarivo (Ampefiloha). Tel +261 33 11 890 58 (MAEC). Pin comprobado en Google Maps («Joseph Ravoahangy Andrianavalona Hospital»).,,https://theawakeman.github.io/africa2027/paises/madagascar/#logistica,"https://www.google.com/maps?q=-18.91935,47.519",Hospital,-18.91935,47.519
Policlinique d'Ilafy,Hospital — Clínica privada citada por el MAEC. Tel +261 20 22 425 66. Pin comprobado en Google Maps («Polyclinique d'Ilafy»).,,https://theawakeman.github.io/africa2027/paises/madagascar/#logistica,"https://www.google.com/maps?q=-18.85502,47.54995",Hospital,-18.85502,47.54995
Gasolineras de Antananarivo (ejes RN7/RN4/RN2),Combustible — Diésel ~4.670 MGA/l (ene-2026). Repostar al salir de cada pueblo; huecos críticos en el oeste. Pin comprobado en Google Maps («Jovena Madagascar (Andraharo)»).,,https://theawakeman.github.io/africa2027/paises/madagascar/#logistica,"https://www.google.com/maps?q=-18.87889,47.5091",Combustible,-18.87889,47.5091
Agua embotellada (supermercados de Antananarivo),Agua potable — Grifo no potable; comprar garrafas en supermercado antes de salir de la capital. Pin comprobado en Google Maps («Super U Analakely»).,,https://theawakeman.github.io/africa2027/paises/madagascar/#agua-combustible,"https://www.google.com/maps?q=-18.90541,47.5243",Agua de servicio,-18.90541,47.5243
Puerto de La Goulette (Túnez) — terminal de pasajeros de los ferries de Italia y Francia,"Frontera — Llegada de GNV, Grimaldi, CTN y Corsica Linea. Policía + aduana + inspección del vehículo: 1–2,5 h (relatos 2023–2025). Llevar el QR de Smart Traveller impreso, pasaporte, permiso de circulación y Carta Verde. El pin marca «Port la Goulette passagers».",,https://theawakeman.github.io/africa2027/paises/tunez/#logistica,"https://www.google.com/maps?q=36.80952,10.30161",Frontera,36.80952,10.30161
Puerto de Zarzis — CTN desde Marsella (verano),"Frontera — CTN Marsella–Zarzis 1/semana, 38 h, temporada hasta fin de septiembre 2026.",,https://theawakeman.github.io/africa2027/paises/tunez/#logistica,"https://www.google.com/maps?q=33.48521,11.11633",Frontera,33.48521,11.11633
Ras Jedir (Ras Ajdir) — frontera con Libia (NO usar),Frontera — Abierto en 2026 con cierres recurrentes; extranjeros necesitan permisos especiales; Ben Guerdane desaconsejada por el MAEC. Solo referencia.,,https://theawakeman.github.io/africa2027/paises/tunez/#logistica,"https://www.google.com/maps?q=33.1477,11.55851",Frontera,33.1477,11.55851
Dehiba — frontera con Libia (Wazzin) (NO usar),"Frontera — Zona militarizada al sur de El Borma y Dehiba, desaconsejada por el FCDO. El pin marca el pueblo de Dehiba; el puesto de Wazzin queda unos 4 km al este. Solo referencia.",,https://theawakeman.github.io/africa2027/paises/tunez/#logistica,"https://www.google.com/maps?q=32.01345,10.6957",Frontera,32.01345,10.6957
Embajada de España en Túnez,"Consular — 24, Avenue Dr. Ernest Conseil, Cité Jardins, 1002 Tunis. Tel. +216 71 782 217 · emergencia consular +216 98 346 803 · emb.tunez@maec.es.",,https://theawakeman.github.io/africa2027/paises/tunez/#logistica,"https://www.google.com/maps?q=36.82519,10.18119",Consulado,36.82519,10.18119
Polyclinique Les Berges du Lac (Túnez),"Hospital — Rue du Lac de Constance, Les Berges du Lac, Túnez. Tel. +216 71 960 000. Privado, cirugía, cardiología, TAC.",,https://theawakeman.github.io/africa2027/paises/tunez/#logistica,"https://www.google.com/maps?q=36.83201,10.23065",Hospital,36.83201,10.23065
Clinique Les Oliviers (Susa),"Hospital — Boulevard du 14 Janvier, 4051 Sousse. Tel. +216 73 242 711 / 73 242 709. Privada, desde 1976, atención 24 h. Google Maps la recoge como «Sanatorium Zayatin» (Zayatin = Oliviers).",,https://theawakeman.github.io/africa2027/paises/tunez/#logistica,"https://www.google.com/maps?q=35.85524,10.61536",Hospital,35.85524,10.61536
Combustible · Station Agil de Douz — último llenado antes de Ksar Ghilane,"Combustible — Gasóleo a 2,21 TND/l (~0,66 €) fijado por el Estado (sep. 2026). Red Agil/Total/Ola. Douz es la «puerta del Sáhara»: 80 km sin poblaciones hasta Ksar Ghilane. Pago en efectivo.",,https://theawakeman.github.io/africa2027/paises/tunez/#logistica,"https://www.google.com/maps?q=33.47484,9.02299",Combustible,33.47484,9.02299
Agua de uso general · Camping Club Desert (Douz),Agua potable — Llenado de depósitos con manguera en el camping de referencia de los overlanders (también en Les Jasmins de Nabeul y Les Beaux Rêves de Tozeur). Agua de red SONEDE salina: no para beber. Otros puntos por confirmar sobre el terreno.,,https://theawakeman.github.io/africa2027/paises/tunez/#agua-combustible,"https://www.google.com/maps?q=33.45323,9.02547",Agua de servicio,33.45323,9.02547
Frontera · Melloula (Tabarka) ↔ Oum Teboul — salida a Argelia por el norte,"Frontera — Paso recomendado para salir a Argelia: el más usado y el más sencillo. De 1,5 h a más de 5 h en verano; enero es temporada baja. Abierto 24 h desde el 15-07-2022. COORDENADAS APROXIMADAS: verificar en iOverlander u OSM.",,https://theawakeman.github.io/africa2027/paises/tunez/#logistica,"https://www.google.com/maps?q=36.887,8.593",Frontera,36.887,8.593
Frontera · Hazoua ↔ Taleb Larbi — salida a Argelia por el sur,"Frontera — Paso clásico hacia El Oued y el Sáhara argelino. Unas 1,5 h en el lado argelino (2026); posible escolta de agencia o gendarmería. Dentro de la franja de 10 km del FCDO: solo tránsito, de día. COORDENADAS APROXIMADAS.",,https://theawakeman.github.io/africa2027/paises/tunez/#logistica,"https://www.google.com/maps?q=33.735,7.585",Frontera,33.735,7.585
Douz: último repostaje antes del Gran Erg Oriental,"fácil · Repostaje — Douz es la llamada puerta del Sáhara tunecino y el punto de partida de las pistas hacia el Gran Erg Oriental. Las gasolineras fiables del sur están en Tozeur, Douz, Tataouine, Medenine y Gabès; entre ellas escasean. Aquí también está la oficina de la Garde Nationale/Garde Touristique donde los guías registran la ruta antes de entrar al desierto. — Perro: sí",,https://theawakeman.github.io/africa2027/paises/tunez/#ox-1,"https://www.google.com/maps?q=33.45722,9.025",4x4 y offroad,33.45722,9.025
Arranque de la pista Douz–Jebil (salida sur de Douz),"media · Pista 4x4 — Es la entrada sur hacia el Parque Nacional de Jebil saliendo directamente de Douz. Según un viajero que la comparó en 2021, es más arenosa y exigente que el acceso norte. Es el comienzo del corredor Douz–Jebil–Ksar Ghilane/Tembaine, que según viajeros de 2024 se puede hacer sin guía obligatorio si se tiene experiencia y equipo. — Perro: con condiciones",,https://theawakeman.github.io/africa2027/paises/tunez/#ox-2,"https://www.google.com/maps?q=33.3984,9.0088",4x4 y offroad,33.3984,9.0088
Acceso norte a Jebil (desvío de la carretera Douz–Matmata),"fácil · Pista 4x4 — Es la alternativa más firme para entrar al parque de Jebil: parte de la carretera al este de Douz y la usan camiones pesados, así que el firme está más compactado. Un viajero de 2021 la consideró practicable incluso para un turismo, frente a la entrada sur. Es un buen acceso de ida o de vuelta para cerrar un bucle por el erg. — Perro: con condiciones",,https://theawakeman.github.io/africa2027/paises/tunez/#ox-3,"https://www.google.com/maps?q=33.455,9.279",4x4 y offroad,33.455,9.279
Parque Nacional de Jebil,"difícil · Dunas — Es el segundo parque nacional de Túnez (unas 150.000 ha) y está dentro del Gran Erg Oriental: dunas altas, afloramientos rocosos y restos prehistóricos. Es la primera gran zona de dunas accesible desde Douz y la puerta de Tembaine y de la travesía hacia Ksar Ghilane. Según viajeros de 2024, el corredor Douz–Jebil–Ksar Ghilane/Tembaine no exige guía obligatorio. — Perro: sin dato",,https://theawakeman.github.io/africa2027/paises/tunez/#ox-4,"https://www.google.com/maps?q=32.93411,9.11392",4x4 y offroad,32.93411,9.11392
Tembaine: monte-isla y campamentos del erg,"difícil · Oasis o bivac — Tembaine es un monte rocoso (239 m) que sobresale entre las dunas, al sur de Jebil, con varios campamentos a sus pies y un café. Es el clásico destino de 4x4 desde Douz y la base para ir hacia Houidhat Erreched. Según viajeros de 2024, el trayecto Douz–Jebil–Tembaine se puede hacer sin guía obligatorio con experiencia y equipo. — Perro: sin dato",,https://theawakeman.github.io/africa2027/paises/tunez/#ox-5,"https://www.google.com/maps?q=32.86316,9.10582",4x4 y offroad,32.86316,9.10582
Houidhat Erreched (lago termal del erg) y Aïn Ouadette,"muy difícil · Oasis o bivac — Es un lago de agua caliente en pleno Gran Erg, unos 30 km al sur de Tembaine, con un café muy cerca. Es la meta clásica de los circuitos de varios días que salen de Douz o de Tozeur. Según viajeros de 2024, para Aïn Ouadette o Sif Essouane hacen falta guía y autorización de la oficina oficial (Garde Touristique). — Perro: sin dato",,https://theawakeman.github.io/africa2027/paises/tunez/#ox-6,"https://www.google.com/maps?q=32.59164,9.10671",4x4 y offroad,32.59164,9.10671
Campement Zmela,"media · Oasis o bivac — Es un campamento con jaimas, bungalós y parcelas de acampada entre las dunas, unos 15 km al sur de Ksar Ghilane. Un operador lo sitúa a unos 20 km de pista desde Ksar Ghilane y lo usa como etapa entre Ksar Ghilane y Tembaine. Es una buena base para dormir dentro del erg con los propios vehículos. — Perro: sin dato",,https://theawakeman.github.io/africa2027/paises/tunez/#ox-7,"https://www.google.com/maps?q=32.8588,9.56937",4x4 y offroad,32.8588,9.56937
Ksar Ghilane: oasis y fuente termal,"media · Oasis o bivac — Es un oasis en el borde oriental del Gran Erg, con una fuente termal (unos 32 °C) donde se puede bañar, campamentos y un puesto de la Garde Nationale. Es el cruce natural de las pistas desde Douz (por el oleoducto o por las dunas), desde Tataouine/Chenini y hacia Zmela. Según viajeros de 2024, el corredor Douz–Jebil–Ksar Ghilane puede hacerse sin guía obligatorio. — Perro: con condiciones",,https://theawakeman.github.io/africa2027/paises/tunez/#ox-8,"https://www.google.com/maps?q=32.98863,9.64017",4x4 y offroad,32.98863,9.64017
Fuerte romano de Tisavar y dunas de Ksar Ghilane,"media · Dunas — Es un castellum romano del limes tripolitanus (época de Cómodo) rodeado de dunas, a unos 3 km al noroeste de la fuente. Es el paseo corto en arena clásico de Ksar Ghilane, sirve para practicar la conducción en dunas y es un buen punto de puesta de sol. — Perro: con condiciones",,https://theawakeman.github.io/africa2027/paises/tunez/#ox-9,"https://www.google.com/maps?q=33.00864,9.61621",4x4 y offroad,33.00864,9.61621
Bir Soltane: cruce de la pista del oleoducto,"fácil · Pista 4x4 — Es el pozo y café que marca la antigua pista del oleoducto (hoy asfaltada) entre la carretera Douz–Matmata y Ksar Ghilane, unos 35 km al norte del oasis. Es la vía fácil al erg y el punto donde los locales informan del estado de las pistas hacia Ksar Ghilane y Tataouine. — Perro: sí",,https://theawakeman.github.io/africa2027/paises/tunez/#ox-10,"https://www.google.com/maps?q=33.29368,9.73369",4x4 y offroad,33.29368,9.73369
Chenini: inicio de la pista del Dahar hacia Ksar Ghilane,"media · Pista 4x4 — Chenini es un ksar bereber colgado en un circo montañoso a media hora de Tataouine. Detrás del pueblo arranca la pista que cruza la meseta del Dahar hacia el oeste hasta Ksar Ghilane: primero piedra y chapa ondulada, y después las primeras dunas. Es la conexión offroad entre la zona de los ksour y el erg. — Perro: sí",,https://theawakeman.github.io/africa2027/paises/tunez/#ox-11,"https://www.google.com/maps?q=32.91028,10.26222",4x4 y offroad,32.91028,10.26222
Remada y la pista hacia El Borma (zona militar),difícil · Pista 4x4 — Remada es una ciudad-guarnición con base militar en el extremo sur. Más allá empiezan las pistas del desierto hacia Borj Bourguiba y El Borma (zona petrolera) que usaban los raids antiguos. Se incluye solo para advertir: no forma parte de la ruta recomendada. — Perro: sin dato,,https://theawakeman.github.io/africa2027/paises/tunez/#ox-12,"https://www.google.com/maps?q=32.30611,10.38222",4x4 y offroad,32.30611,10.38222
Chott el Jerid fuera de la carretera (sebja),"muy difícil · Paso técnico — Es un inmenso lago salado (unos 7.000 km²) que se cruza cómodamente por la carretera elevada entre Kebili y Tozeur. Atravesarlo por pista, como hacían los raids antiguos, es muy arriesgado: la costra de sal no siempre es firme y debajo hay barro. En 2003 un grupo en 4x4 tardó seis horas en rescatar sus vehículos atascados. — Perro: sin dato",,https://theawakeman.github.io/africa2027/paises/tunez/#ox-13,"https://www.google.com/maps?q=33.7,8.43",4x4 y offroad,33.7,8.43
Mos Espa (decorado de Star Wars) y dunas de Ong Jmel,"media · Dunas — Es el decorado de la ciudad de Mos Espa (Star Wars), que las dunas van cubriendo: avanzan unos 15 m al año; la campaña #SaveMosEspa lo salvó del enterramiento. Está junto al Chott el Gharsa, con dunas alrededor, y es acceso libre. Es una salida clásica en 4x4 desde Tozeur o Nefta. — Perro: sin dato",,https://theawakeman.github.io/africa2027/paises/tunez/#ox-14,"https://www.google.com/maps?q=33.9943,7.8428",4x4 y offroad,33.9943,7.8428
Ong Jmel (Cuello de Camello) y borde del Chott el Gharsa,"fácil · Pista 4x4 — Es una formación rocosa con forma de cuello de camello sobre el Chott el Gharsa, el punto más bajo de Túnez, y lugar de rodaje de varias películas. Desde Mos Espa se llega en unos 15 minutos (unos 8 km) por una pista de arena compactada. Tiene buenas vistas del chott y de los espejismos. — Perro: sin dato",,https://theawakeman.github.io/africa2027/paises/tunez/#ox-15,"https://www.google.com/maps?q=34.016,7.9124",4x4 y offroad,34.016,7.9124
"Oasis de montaña: Chebika, Tamerza y el cañón de Midès","media · Paso técnico — Son tres oasis de montaña (Chebika, Tamerza y Midès) con cañones, cascadas y pueblos antiguos abandonados, escenarios de El paciente inglés y En busca del arca perdida. Las excursiones en 4x4 desde Tozeur combinan asfalto con tramos de pista: un pequeño chott, arena, uadi, estepa y una subida con vistas al Chott el Gharsa. Coordenada: Chebika. — Perro: sin dato",,https://theawakeman.github.io/africa2027/paises/tunez/#ox-16,"https://www.google.com/maps?q=34.317,7.933",4x4 y offroad,34.317,7.933
Aeropuerto Internacional Modibo Keita – Bamako-Sénou (BKO),"Frontera — 15 km al sur de Bamako. Air France, Corsair, RAM, Turkish, Tunisair, Ethiopian. Atacado por el JNIM el 17-09-2024 y el 25-04-2026. Pin comprobado en Google Maps («Aeropuerto Internacional de Bamako-Sénou»).",,https://theawakeman.github.io/africa2027/paises/mali/#logistica,"https://www.google.com/maps?q=12.54139,-7.94621",Frontera,12.54139,-7.94621
Paso Diboli (ML) – Kidira (SN),"Frontera — Puesto sobre el río Falémé, N1 Kayes–Bamako. Corredor del combustible bloqueado por el JNIM desde 09-2025. NO USAR. Pin comprobado en Google Maps («Diboli»).",,https://theawakeman.github.io/africa2027/paises/mali/#logistica,"https://www.google.com/maps?q=14.45716,-12.19995",Frontera,14.45716,-12.19995
Paso Kourémalé (ML/GN),Frontera — Frontera Guinea–Mali en la carretera Siguiri–Bamako; la única que el MAEC no marca de riesgo muy elevado. Controles móviles del JNIM en Naréna (04-2026). NO USAR. Pin comprobado en Google Maps («Kouremale»).,,https://theawakeman.github.io/africa2027/paises/mali/#logistica,"https://www.google.com/maps?q=11.95274,-8.78254",Frontera,11.95274,-8.78254
Paso Gogui (ML) – Mauritania,"Frontera — Región de Kayes, carretera Nioro du Sahel–Ayoun el Atrous. Zona fronteriza desaconsejada por el MAEC. NO USAR. Pin comprobado en Google Maps («Gogui»).",,https://theawakeman.github.io/africa2027/paises/mali/#logistica,"https://www.google.com/maps?q=15.68609,-9.32997",Frontera,15.68609,-9.32997
Paso Zégoua (ML) – Pogo (CI),"Frontera — Región de Sikasso, corredor Abiyán–Bamako. Emboscadas a cisternas en 2025. NO USAR. Pin comprobado en Google Maps («Zégoua»).",,https://theawakeman.github.io/africa2027/paises/mali/#logistica,"https://www.google.com/maps?q=10.48517,-5.65105",Frontera,10.48517,-5.65105
Paso Hérémakono (ML) – Koloko (BF),Frontera — Carretera Sikasso–Bobo-Dioulasso; frontera de riesgo muy elevado. NO USAR. Pin comprobado en Google Maps («Koloko (Burkina Faso)»).,,https://theawakeman.github.io/africa2027/paises/mali/#logistica,"https://www.google.com/maps?q=11.08103,-5.31236",Frontera,11.08103,-5.31236
Paso Labbezanga (ML) – Níger,"Frontera — Región de Gao, río Níger. Zona de guerra. Cerrado a efectos prácticos. Pin comprobado en Google Maps («Labbezanga»).",,https://theawakeman.github.io/africa2027/paises/mali/#logistica,"https://www.google.com/maps?q=14.96848,0.70222",Frontera,14.96848,0.70222
Embajada de España en Bamako,"Consular — ACI 2000, en face de l'École de Maintien de la Paix, BP E-3230, Bamako. Tel. +223 44 98 24 30 (Ficha País y web; las Recomendaciones citan +223 20 70 73 50). Emergencia consular 24 h +223 73 31 23 24. emb.bamako@maec.es. Pin comprobado en Google Maps («Embajada de España (Bamako)»).",,https://theawakeman.github.io/africa2027/paises/mali/#logistica,"https://www.google.com/maps?q=12.62789,-8.01987",Consulado,12.62789,-8.01987
Clinique Pasteur (privada),"Hospital — ACI 2000 Hamdallaye, Avenue du Mali. Tel. +223 20 29 10 10; secretariat@cliniquepasteurmali.com. Hospital privado pluridisciplinar, más de 20 años. Pin comprobado en Google Maps («Clinique Pasteur»).",,https://theawakeman.github.io/africa2027/paises/mali/#logistica,"https://www.google.com/maps?q=12.63286,-8.02037",Hospital,12.63286,-8.02037
CHU du Point G (público),"Hospital — Hospital universitario público de referencia, colina del Point G. Medios limitados; pago en efectivo. Pin comprobado en Google Maps («Centre Hospitalier Universitaire du Point G»).",,https://theawakeman.github.io/africa2027/paises/mali/#logistica,"https://www.google.com/maps?q=12.6727,-7.99668",Hospital,12.6727,-7.99668
Combustible en Bamako (estaciones con racionamiento),"Combustible — Precio oficial 12-2025: diésel 725 XOF/l, gasolina 775 XOF/l; mercado negro ~2.000 XOF/l (03-2026). Racionamiento nacional desde 22-01-2026; colas largas. Pin comprobado en Google Maps («Station TOTAL, RN6 Bamako»).",,https://theawakeman.github.io/africa2027/paises/mali/#logistica,"https://www.google.com/maps?q=12.59719,-7.93769",Combustible,12.59719,-7.93769
"Agua: The Sleeping Camel (campamento overlander, estado 2026 por confirmar)","Agua potable — Hotel-camping histórico de overlanders en Bamako, con duchas y agua (relatos 2016-17). No verificado en 2026; coordenadas = centro de Bamako. Pin comprobado en Google Maps («The Sleeping Camel»).",,https://theawakeman.github.io/africa2027/paises/mali/#agua-combustible,"https://www.google.com/maps?q=12.6226,-7.98627",Agua de servicio,12.6226,-7.98627
Paso fronterizo Mpack–São Domingos (Djegue),Frontera — Principal paso con Senegal (Casamance). Cierra 12:30–13:30 y desde 18:00 (MAEC). Visado NO fiable aquí. Pin comprobado en Google Maps («São Domingos (el puesto de Djegue no figura como objeto; Mpak en el lado senegalés)»).,,https://theawakeman.github.io/africa2027/paises/guinea-bisau/#logistica,"https://www.google.com/maps?q=12.4101,-16.19632",Frontera,12.4101,-16.19632
"Paso fronterizo de Pirada (Senegal, Kolda)",Frontera — Puesto con visado a la llegada según Wikipedia; estado 2025-26 por confirmar. Pin comprobado en Google Maps («Pirada»).,,https://theawakeman.github.io/africa2027/paises/guinea-bisau/#logistica,"https://www.google.com/maps?q=12.66153,-14.14951",Frontera,12.66153,-14.14951
Paso fronterizo Buruntuma–Kandika (Guinea),Frontera — Pista muy mala a ambos lados; salida fácil sin tasas (2019). Pin comprobado en Google Maps («Buruntuma»).,,https://theawakeman.github.io/africa2027/paises/guinea-bisau/#logistica,"https://www.google.com/maps?q=12.45362,-13.69749",Frontera,12.45362,-13.69749
Aeropuerto Internacional Osvaldo Vieira (OXB),"Frontera — TAP Lisboa, Royal Air Maroc, Air Senegal, Air Côte d'Ivoire, ASKY. Visado a la llegada teórico. Pin comprobado en Google Maps («Aeropuerto Internacional Osvaldo Vieira»).",,https://theawakeman.github.io/africa2027/paises/guinea-bisau/#logistica,"https://www.google.com/maps?q=11.88887,-15.65115",Frontera,11.88887,-15.65115
Puerto Pidjiguiti / Porto Cais – ferry Consulmar a Bijagós,"Frontera — Embarque del ferry a Bubaque/Enxudé; oficina Consulmar en Av. 3 de Agosto 40, tel. +245 969 02 55 55. Pin comprobado en Google Maps («Porto de Bissau»).",,https://theawakeman.github.io/africa2027/paises/guinea-bisau/#logistica,"https://www.google.com/maps?q=11.85982,-15.57674",Frontera,11.85982,-15.57674
Embajada de España en Bissau,"Consular — Praça dos Heróis Nacionais s/n. Tel. +245 966 72 22 46 (embajada), +245 966 87 51 52 (consular), EMERGENCIA +245 966 001 010. bissau-em@maec.es. L–V 9:00–14:00. Pin comprobado en Google Maps («Presidential Palace, Bissau (Praça dos Heróis Nacionais; la embajada no figura como objeto)»).",,https://theawakeman.github.io/africa2027/paises/guinea-bisau/#logistica,"https://www.google.com/maps?q=11.86387,-15.58491",Consulado,11.86387,-15.58491
Hospital Nacional Simão Mendes,"Hospital — Hospital nacional de referencia (>500 camas en 2018); medios muy limitados; para lo grave, evacuación a Dakar. Pin comprobado en Google Maps («Hospital Nacional Simão Mendes»).",,https://theawakeman.github.io/africa2027/paises/guinea-bisau/#logistica,"https://www.google.com/maps?q=11.86407,-15.58005",Hospital,11.86407,-15.58005
Hospital de Cumura,"Hospital — Hospital misionero citado por el MAEC como referencia; coordenadas aproximadas (Cumura, sector de Prábis): verificar. Pin comprobado en Google Maps («Hospital de Cumura»).",,https://theawakeman.github.io/africa2027/paises/guinea-bisau/#logistica,"https://www.google.com/maps?q=11.85136,-15.63714",Hospital,11.85136,-15.63714
Gasolineras de Bissau (eje Av. 14 de Novembro / Bissalanca),"Combustible — Diésel ~700 XOF/l (mar-2026). Llenar en Bissau antes de salir a pista; también en Bafatá y Gabú. Punto orientativo, verificar en Maps. Pin comprobado en Google Maps («Petromar (Avenida Amílcar Cabral)»).",,https://theawakeman.github.io/africa2027/paises/guinea-bisau/#logistica,"https://www.google.com/maps?q=11.85824,-15.58025",Combustible,11.85824,-15.58025
Agua: hoteles y lodges de Bissau,"Agua potable — Agua corriente no potable; llenar depósitos de ducha en hotel y beber embotellada/filtrada. Punto orientativo, sin fuente concreta. Pin comprobado en Google Maps («Hotel CEIBA (Avenida Francisco Mendes)»).",,https://theawakeman.github.io/africa2027/paises/guinea-bisau/#agua-combustible,"https://www.google.com/maps?q=11.85926,-15.59046",Agua de servicio,11.85926,-15.59046
Puerto de Orán (entrada en ferry desde Almería y Alicante),"Frontera — Principal puerto de entrada desde España con vehículo. Almería–Orán con Naviera Armas, unas 10 horas, una salida semanal (miércoles 22:00) según Direct Ferries 2026; Alicante–Orán con Algérie Ferries. Admite coche, furgoneta y autocaravana. Aquí se hace la admisión temporal del vehículo y se compra el seguro argelino obligatorio. Pin comprobado en Google Maps («Orán (la terminal de pasajeros no figura como objeto)»).",,https://theawakeman.github.io/africa2027/paises/argelia/#logistica,"https://www.google.com/maps?q=35.69874,-0.63493",Frontera,35.69874,-0.63493
Puerto de Argel (entrada en ferry desde Barcelona y Alicante),"Frontera — Puerto de la capital, al abrigo de todos los vientos con dos dársenas artificiales según Wikipedia. Baleària opera Barcelona–Argel desde 185 € (2026) con vehículo; Algérie Ferries lo sirve desde Alicante. Es la mejor entrada si el plan es el centro y el este del país o salir después por Túnez. Pin comprobado en Google Maps («Argel (la gare maritime no figura como objeto)»).",,https://theawakeman.github.io/africa2027/paises/argelia/#logistica,"https://www.google.com/maps?q=36.75377,3.05876",Frontera,36.75377,3.05876
Puerto de Ghazaouet (entrada en ferry desde Almería),"Frontera — Puerto de la wilaya de Tlemecén, en el extremo oeste. Baleària publica Almería–Ghazaouet desde 143,60 € (2026) y Wikipedia lo describe como punto de entrada habitual desde Almería. Atención: está muy cerca de la frontera con Marruecos, que lleva CERRADA desde 1994 y no se puede cruzar. Pin comprobado en Google Maps («Ghazaouet»).",,https://theawakeman.github.io/africa2027/paises/argelia/#logistica,"https://www.google.com/maps?q=35.09365,-1.86186",Frontera,35.09365,-1.86186
Embajada de España en Argel,"Consular — 3, Chemin Ziryab, B.P. 185, Argel. Teléfono +213 (0) 23 48 74 40 / 41. Correo emb.argel@maec.es. Emergencia consular 24 horas +213 770 99 98 99. El MAEC pide avisar previamente a la Embajada de los planes de viaje por el país. Pin comprobado en Google Maps («Chemin Ziryab, Argel (la embajada no figura como objeto)»).",,https://theawakeman.github.io/africa2027/paises/argelia/#logistica,"https://www.google.com/maps?q=36.76108,3.04399",Consulado,36.76108,3.04399
Consulado General de España en Argel,"Consular — 10 rue Reda Houhou, Alger Centre. Teléfono +213 (0) 21 63 93 54. Correo cog.argel@maec.es. Emergencia consular +213 (0) 770 99 98 99. Es el punto de referencia para pérdida de pasaporte, problemas con la policía o asistencia en caso de accidente. Pin comprobado en Google Maps («(sin objeto en Google Maps; coordenada de la fuente)»).",,https://theawakeman.github.io/africa2027/paises/argelia/#logistica,"https://www.google.com/maps?q=36.7325,3.08722",Consulado,36.7325,3.08722
Consulado General de España en Orán,"Consular — 7, rue Mohamed Benabdeslem, Orán. Teléfono +213 (0) 42 06 76 96 / 98. Correo cog.oran@maec.es. Es el consulado competente para el oeste del país y el más útil si se entra por el ferry de Orán o de Ghazaouet. Pin comprobado en Google Maps («Consulado de España en Orán»).",,https://theawakeman.github.io/africa2027/paises/argelia/#logistica,"https://www.google.com/maps?q=35.70318,-0.64047",Consulado,35.70318,-0.64047
CHU Mustapha Pacha (hospital de referencia de Argel),"Hospital — El hospital más grande de Argelia, 1.500 camas, fundado el 1 de agosto de 1854 y centro universitario del Ministerio de Sanidad. Dirección: Place du 1er Mai 1945, Sidi M'Hamed, Argel 16000. Teléfono +213 23 55 96 80. Es el destino natural de una urgencia grave en la capital, aunque con seguro de repatriación medicalizada el centro lo fija la aseguradora.dz, no se pudo abrir en esta sesión. Pin comprobado en Google Maps («CHU Mustapha Pacha (Argel)»).",,https://theawakeman.github.io/africa2027/paises/argelia/#logistica,"https://www.google.com/maps?q=36.76267,3.05609",Hospital,36.76267,3.05609
Tamanrasset (base del Hoggar y puerta del sur),"Frontera — Capital de la wilaya homónima, a 1.320 m de altitud, 140.955 habitantes en 2025, con aeropuerto propio y cabecera de la Transahariana. Es el punto desde el que se organiza el Hoggar y Assekrem, SIEMPRE con agencia autorizada. Aquí es donde el FCDO recoge la posibilidad de visado a la llegada con reserva confirmada de agencia argelina. En enero de 2025 se secuestró a un turista español en Assekrem. Pin comprobado en Google Maps («Tamanrasset»).",,https://theawakeman.github.io/africa2027/paises/argelia/#logistica,"https://www.google.com/maps?q=22.79424,5.53614",Frontera,22.79424,5.53614
Combustible: red Naftal en el eje Orán–Argel (autopista Este-Oeste),"Combustible — Naftal es la distribuidora estatal y cubre bien el norte y las nacionales. Gasolina a 47,00 DZD por litro a 9 de febrero de 2026 (GlobalPetrolPrices) y gasóleo en torno a 30 DZD por litro según Sahara Overland, con alto contenido en azufre. Hacia el sur las distancias entre estaciones crecen mucho: planificar por autonomía y llevar bidones. Pin comprobado en Google Maps («Orán (sin gasolinera concreta como objeto)»).",,https://theawakeman.github.io/africa2027/paises/argelia/#logistica,"https://www.google.com/maps?q=35.69874,-0.63493",Combustible,35.69874,-0.63493
Agua de uso general: red urbana de Argel,"Agua potable — Para llenar depósitos de ducha y lavado, el agua de red de las ciudades grandes del norte sirve sin problema. NO es potable sin tratar: TravelHealthPro señala riesgo de fiebre tifoidea por agua contaminada, así que para beber, embotellada o filtro. Salir siempre con los depósitos llenos antes de dejar una ciudad grande, porque hacia el sur el agua escasea. Pin comprobado en Google Maps («Argel»).",,https://theawakeman.github.io/africa2027/paises/argelia/#agua-combustible,"https://www.google.com/maps?q=36.75377,3.05876",Agua de servicio,36.75377,3.05876
Paso terrestre con Túnez: Oum Teboul / Melloula (costa norte),"Frontera — Paso recomendado para entrar desde Túnez (Melloula, Tabarka) en la variante 2027: el más usado por extranjeros. Entre 1,5 h y 8 h (camper, noviembre de 2024); enero es temporada baja. Abierto 24 h desde el 15-07-2022. El FCDO (25-09-2026) solo autoriza viaje esencial en la franja de 30 km de la frontera tunecina: cruzar y seguir hacia Annaba. Pin comprobado en Google Maps («Oum Teboul»).",,https://theawakeman.github.io/africa2027/paises/argelia/#logistica,"https://www.google.com/maps?q=36.88006,8.56249",Frontera,36.88006,8.56249
Frontera con Marruecos: Zouj Bghal (Oujda–Maghnia) CERRADA,"Frontera — CERRADA DESDE 1994 y prohibido cruzarla (FCDO, 24 de julio de 2026). Argelia rompió relaciones con Marruecos el 24 de agosto de 2021 y cerró su espacio aéreo a aeronaves marroquíes el 22 de septiembre de 2021. Se incluye aquí solo para que quede constancia de que NO es una opción: es el motivo por el que Argelia sale de la ruta 2027. COORDENADAS APROXIMADAS, sin fuente verificada. Pin comprobado en Google Maps («Zouj Beghal»).",,https://theawakeman.github.io/africa2027/paises/argelia/#logistica,"https://www.google.com/maps?q=34.78608,-1.84111",Frontera,34.78608,-1.84111
"Frontera · Hassi 75 (PK75) — puesto Chahid Mostefa Ben Boulaïd, salida a Mauritania","Frontera — Paso Argelia–Mauritania a 75 km al sur de Tinduf, abierto a personas desde el 23-02-2024. Escolta obligatoria desde Tinduf; salida en ~1 h con registro minucioso (drones, GPS). Sin combustible, banco ni seguro. Al otro lado, puesto mauritano Ismail Ould El Bardi y pista a Bir Moghrein y Zuérat. Coordenadas: Cantone Libero (24-02-2024).",,https://theawakeman.github.io/africa2027/paises/argelia/#logistica,"https://www.google.com/maps?q=27.176,-8.4331",Frontera,27.176,-8.4331
Tinduf — último lleno de gasóleo y noche obligada en hotel,Combustible — Última gasolinera segura antes de la pista a Mauritania: llenar depósitos y bidones (autonomía de unos 600 km hasta Zuérat por si falla Bir Moghrein). Los viajeros de 2024–2025 durmieron en hotel con vigilancia policial y salieron escoltados. Evitar los campamentos saharauis (aviso del MAEC). Coordenadas aproximadas.,,https://theawakeman.github.io/africa2027/paises/argelia/#logistica,"https://www.google.com/maps?q=27.671,-8.147",Combustible,27.671,-8.147
Frontera · Taleb Larbi (Hazoua) — entrada desde el sur de Túnez,"Frontera — Paso hacia El Oued desde Tozeur/Nefta. Unas 1,5 h en el lado argelino (2026); puede exigirse escolta de agencia y aquí se requisaron unos prismáticos a Chris Scott. Rojo en Francia; FCDO: solo viaje esencial en la franja de 30 km. COORDENADAS APROXIMADAS (la localidad está a 33,7275 N · 7,5172 E, el puesto a unos 5 km al este).",,https://theawakeman.github.io/africa2027/paises/argelia/#logistica,"https://www.google.com/maps?q=33.73,7.56",Frontera,33.73,7.56
Dunas del Gran Erg Oriental en El Oued (Souf),"media · Dunas — El Oued, la «ciudad de las mil cúpulas», está en el borde norte del Gran Erg Oriental, el segundo mar de arena de Argelia. Las dunas rodean la ciudad y las agencias locales montan salidas en 4x4, vivac y sandboard. Es el primer contacto con arena de verdad si se entra desde Túnez por el sur. Al norte y noroeste del erg dominan los cordones longitudinales (seif), más fáciles de seguir que las dunas estrella del sur. — Perro: con condiciones",,https://theawakeman.github.io/africa2027/paises/argelia/#ox-1,"https://www.google.com/maps?q=33.35583,6.86306",4x4 y offroad,33.35583,6.86306
Dunas de Taghit (Gran Erg Occidental),"media · Dunas — Taghit se asienta en la orilla izquierda del oued Zousfana, con las dunas del Gran Erg Occidental alzándose justo al otro lado del cauce. Es uno de los sitios más fotogénicos del Sáhara argelino y las excursiones locales suben en pick-up a las dunas. Al sur, en Zaouia Tahtania, hay grabados rupestres neolíticos (jirafas, antílopes). Buena primera toma de contacto con arena blanda. — Perro: con condiciones",,https://theawakeman.github.io/africa2027/paises/argelia/#ox-2,"https://www.google.com/maps?q=30.92,-2.02972",4x4 y offroad,30.92,-2.02972
Dunas de Béni Abbès (Saoura),"media · Dunas — Béni Abbès, el «oasis blanco» del valle de la Saoura, está pegado a las dunas del Gran Erg Occidental. Desde aquí se exploran las dunas, el palmeral, los grabados de Marhouma y el ksar de Mazzer. Las agencias combinan 4x4, sandboard y paseos en camello. El punto marca el pueblo; la arena empieza en sus afueras. — Perro: con condiciones",,https://theawakeman.github.io/africa2027/paises/argelia/#ox-3,"https://www.google.com/maps?q=30.13306,-2.16611",4x4 y offroad,30.13306,-2.16611
Sebja de Timimoun,"media · Paso técnico — Gran depresión salina al oeste y suroeste de Timimoun, bordeada por un escarpe con ksour de adobe rojo (Tala, Kali, Ouled Saïd, Ighzer) y regada por foggaras. El «circuito de la sebja» es la excursión clásica en 4x4 del Gourara. Es un paisaje único, pero la sebja misma es terreno engañoso. — Perro: con condiciones",,https://theawakeman.github.io/africa2027/paises/argelia/#ox-4,"https://www.google.com/maps?q=29.04806,0.06639",4x4 y offroad,29.04806,0.06639
In Salah – repostaje antes del Tademait y de Arak,"fácil · Repostaje — Última ciudad grande de la Transahariana (N1) antes de la meseta del Tademait y de las gargantas de Arak. Aquí empieza en 2025 una escolta obligatoria de gendarmería de dos coches hasta In Amguel. Es el punto lógico para llenar gasóleo, agua y víveres antes del tramo largo hacia el Hoggar. — Perro: con condiciones",,https://theawakeman.github.io/africa2027/paises/argelia/#ox-5,"https://www.google.com/maps?q=27.19667,2.47889",4x4 y offroad,27.19667,2.47889
Gargantas de Arak (Immidir),"fácil · Paso técnico — Cañón espectacular de la N1 al atravesar los macizos del Immidir, a medio camino entre In Salah y Tamanrasset. Es un paso histórico de la Transahariana y marca la entrada al Sáhara central. Hoy la carretera está asfaltada pero muy deteriorada, con desvíos por tierra. — Perro: con condiciones",,https://theawakeman.github.io/africa2027/paises/argelia/#ox-6,"https://www.google.com/maps?q=25.28944,3.75694",4x4 y offroad,25.28944,3.75694
Tamanrasset – repostaje y base del Hoggar,fácil · Repostaje — Capital del Hoggar y base obligada para el Assekrem y el bucle del Hoggar. En la práctica hay que moverse con una agencia local y guía. Es el último repostaje fiable (con reservas) antes de las pistas del macizo. — Perro: con condiciones,,https://theawakeman.github.io/africa2027/paises/argelia/#ox-7,"https://www.google.com/maps?q=22.785,5.52278",4x4 y offroad,22.785,5.52278
Paso del Assekrem (ermita de Foucauld),"difícil · Paso técnico — Collado a unos 2.700 m en el macizo del Atakor con la ermita de Charles de Foucauld (1910-1911) y vistas a los picos volcánicos del Hoggar. Es la pista de montaña más famosa de Argelia. Hay tres accesos: la pista este «normal» de 85 km por el pico Iharen, una oeste más dura y algo más corta (mejor de bajada) y otra norte desde Hirafok. Refugio con dormitorios sencillos en el collado. — Perro: sin dato",,https://theawakeman.github.io/africa2027/paises/argelia/#ox-8,"https://www.google.com/maps?q=23.26944,5.635",4x4 y offroad,23.26944,5.635
Ideles – oasis y repostaje del Hoggar,"fácil · Repostaje — Oasis del norte del Hoggar en el cruce de la N55 (Djanet–Tamanrasset) con el bucle del Hoggar. Tiene combustible y una rotonda que sirve de referencia. Desde aquí se va al sur por el «Hoggar Ring Road» (Col Azrou–Tahifet, unos 190 km hasta Tamanrasset) o al oeste por In Amguel (unos 140 km). — Perro: con condiciones",,https://theawakeman.github.io/africa2027/paises/argelia/#ox-9,"https://www.google.com/maps?q=23.82361,5.93306",4x4 y offroad,23.82361,5.93306
Serouenout – fin del asfalto de la N55,"media · Pista 4x4 — Control de gendarmería y antiguo puesto en la N55, a unos 270 km de Djanet. Unos 8 km al oeste se acababa el asfalto en 2025 y empezaban tramos de pista (24 km), asfalto (20 km) y otra vez pista (unos 70 km). Es la puerta de la travesía Tassili–Hoggar. — Perro: con condiciones",,https://theawakeman.github.io/africa2027/paises/argelia/#ox-10,"https://www.google.com/maps?q=24.3,7.46889",4x4 y offroad,24.3,7.46889
Erg Admer,"difícil · Dunas — Erg de dunas doradas al sur y suroeste de Djanet, al pie del Tassili n'Ajjer. Las agencias lo usan para puestas de sol y vivacs (duna de Edehi), y es la variante de pista de la N55 hacia el Hoggar. En invierno de 2026 una pareja suiza llegó a Djanet cruzándolo sin escolta formal, pero es la excepción. — Perro: sin dato",,https://theawakeman.github.io/africa2027/paises/argelia/#ox-11,"https://www.google.com/maps?q=24.22222,9.24222",4x4 y offroad,24.22222,9.24222
Djanet – repostaje y base del Tassili,"fácil · Repostaje — Oasis y capital de wilaya al pie del Tassili n'Ajjer: base de todos los circuitos del norte (Essendilène, Iherir) y del sur (Tadrart Rouge). Las salidas se hacen con agencia local, guía tuareg y a menudo con vehículos de la agencia. Está a unos 74 km en línea recta del paso fronterizo libio de Tin Alkoum. — Perro: con condiciones",,https://theawakeman.github.io/africa2027/paises/argelia/#ox-12,"https://www.google.com/maps?q=24.55528,9.485",4x4 y offroad,24.55528,9.485
Cañón y guelta de Essendilène,"media · Oasis o bivac — Wadi encajado a unos 1.100 m, afluente del Tafassasset, con una guelta (poza natural) al fondo del cañón, adelfas y grabados rupestres. Es la excursión estrella del «circuito norte» de Djanet y suele combinarse con el erg Admer, Tikoubaouine, Dider e Iherir. En 4x4 se llega a la entrada, junto a un campamento tuareg. — Perro: sin dato",,https://theawakeman.github.io/africa2027/paises/argelia/#ox-13,"https://www.google.com/maps?q=25.06,8.92",4x4 y offroad,25.06,8.92
Oasis de Iherir (Tassili n'Ajjer),"media · Oasis o bivac — Valle con palmeral y agua permanente en el corazón del Tassili n'Ajjer, con el pueblo de Idharen y abundante arte rupestre. Se suele llegar tras cruzar la meseta de Dider (grabado de la gacela de Tin Taghirt). Es de los pocos oasis remotos del Tassili al que se llega en 4x4. — Perro: sin dato",,https://theawakeman.github.io/africa2027/paises/argelia/#ox-14,"https://www.google.com/maps?q=25.40778,8.40667",4x4 y offroad,25.40778,8.40667
Tadrart Rouge – dunas de Tin Merzouga y Moul Naga,"muy difícil · Dunas — Prolongación argelina de la Tadrart Acacus libia: una franja de 15-30 km de ancho y unos 150 km de largo con dunas rojas y anaranjadas (Tin Merzouga, Moul Naga, Wan Zaouaten), arcos de roca y el cañón de In Djerane con grabados rupestres. Es probablemente el paisaje de dunas más espectacular del Sáhara argelino. Solo se visita con agencia autorizada de Djanet. — Perro: sin dato",,https://theawakeman.github.io/africa2027/paises/argelia/#ox-15,"https://www.google.com/maps?q=23.85444,11.15694",4x4 y offroad,23.85444,11.15694
Hassi 75 – pista de Tinduf a la frontera mauritana,"media · Pista 4x4 — Puesto fronterizo argelino a 75 km de Tinduf, única salida por tierra de Argelia hacia Mauritania abierta a viajeros. El tramo desde Tinduf se hace por pista con escolta militar obligatoria. Al otro lado empiezan los 860 km de pistas trenzadas hasta Zuérat. — Perro: con condiciones",,https://theawakeman.github.io/africa2027/paises/argelia/#ox-16,"https://www.google.com/maps?q=27.176,-8.4331",4x4 y offroad,27.176,-8.4331
Reggane – inicio de la pista del Tanezrouft,"media · Pista 4x4 — Último pueblo antes de la mítica travesía del Tanezrouft, el «desierto de la sed», hacia Bordj Badji Mokhtar y Malí. Hoy está asfaltada hasta la frontera, pero cerrada a turistas por el conflicto del norte de Malí. Se incluye solo como referencia: no es un destino recomendable. — Perro: no",,https://theawakeman.github.io/africa2027/paises/argelia/#ox-17,"https://www.google.com/maps?q=26.72028,0.17278",4x4 y offroad,26.72028,0.17278
Paso fronterizo de Ras Jedir (Túnez–Libia),Frontera — Única entrada terrestre viable a Libia. Reabrió a mediados de 2024; trámites muy lentos y cierres sin aviso. Túnez abrió en abril de 2026 un corredor de tránsito africano por aquí. Control libio variable según la milicia: por confirmar. Pin comprobado en Google Maps («Libya Border Crossing Station Ra's Ajdir»).,,https://theawakeman.github.io/africa2027/paises/libia/#logistica,"https://www.google.com/maps?q=33.14821,11.56246",Frontera,33.14821,11.56246
Paso fronterizo de Dehiba–Wazzin,"Frontera — Dehiba (Túnez, gobernación de Tataouine) está a 4 km de la frontera; Wazzin queda al otro lado. Estado para extranjeros SIN CONFIRMAR: Wikipedia solo documenta su uso como vía de suministro en 2011. Pin comprobado en Google Maps («Dehiba (lado tunecino de Wazzin)»).",,https://theawakeman.github.io/africa2027/paises/libia/#logistica,"https://www.google.com/maps?q=32.01345,10.6957",Frontera,32.01345,10.6957
Paso fronterizo de Sallum–Amsaad (Egipto–Libia),Frontera — Sallum está 8 km al este de la frontera libia. CERRADO A EXTRANJEROS: desde mayo de 2026 el paso queda reservado a nacionales libios y egipcios según el gobierno paralelo del este. Pin comprobado en Google Maps («Musaid (lado libio de Sallum)»).,,https://theawakeman.github.io/africa2027/paises/libia/#logistica,"https://www.google.com/maps?q=31.6051,25.04965",Frontera,31.6051,25.04965
"Aeropuerto Internacional de Mitiga, Trípoli","Frontera — Único aeropuerto internacional de Trípoli, 8 km al este del centro. Vuelos a Túnez, El Cairo, Estambul, Ammán, Casablanca y Yeda; ITA vuela a diario desde Roma. Puerta de entrada real para cualquier visita autorizada. Pin comprobado en Google Maps («Mitiga International Airport»).",,https://theawakeman.github.io/africa2027/paises/libia/#logistica,"https://www.google.com/maps?q=32.90514,13.27382",Frontera,32.90514,13.27382
"Aeropuerto Internacional de Benina, Bengasi","Frontera — 19 km al este de Bengasi, en zona controlada por el bloque del este. Vuelos a Roma, Estambul, Ammán, El Cairo, Alejandría, Túnez, Dubái y Atenas. Bengasi está en la lista de zonas a evitar del MAEC. Pin comprobado en Google Maps («Aeropuerto Internacional de Benina»).",,https://theawakeman.github.io/africa2027/paises/libia/#logistica,"https://www.google.com/maps?q=32.08572,20.26517",Frontera,32.08572,20.26517
Puerto de Trípoli,"Frontera — Carga general, granel y pasajeros según Wikipedia. SIN LÍNEA REGULAR DE PASAJEROS CONFIRMADA para 2026: no sirve como vía de entrada con vehículo desde Europa mientras no lo confirme una naviera. Pin comprobado en Google Maps («Puerto de Trípoli»).",,https://theawakeman.github.io/africa2027/paises/libia/#logistica,"https://www.google.com/maps?q=32.90222,13.18583",Frontera,32.90222,13.18583
Embajada de España en Trípoli,"Consular — Al Hawana - Bin Ashour, frente a la Mezquita «Bagui», P.O.B. 23302, Trípoli. Tel. +218 21 362 00 51 / 52, fax +218 21 362 00 61, TRIPOLI-EM@maec.es. Los asuntos consulares se atienden temporalmente desde Túnez. Emergencia consular 24 h: +218 91 320 39 04 y +216 29 174 445. Pin comprobado en Google Maps («Trípoli (la embajada de España no figura como objeto)»).",,https://theawakeman.github.io/africa2027/paises/libia/#logistica,"https://www.google.com/maps?q=32.88771,13.18719",Consulado,32.88771,13.18719
Embajada de España en Túnez (competente en la práctica),"Consular — 22 y 24, Avenue Ernest Conseil, Cité Jardin, 1002 Túnez. Tel. +216 71 782 217, emb.tunez@maec.es, consular emb.tunez.sc@maec.es. Para Libia el MAEC da los fijos +216 71 750 802 y +216 71 801 729. Pin comprobado en Google Maps («Embajada de España en Túnez»).",,https://theawakeman.github.io/africa2027/paises/libia/#logistica,"https://www.google.com/maps?q=36.82519,10.18119",Consulado,36.82519,10.18119
Tripoli Central Hospital,"Hospital — Hospital general, universitario y principal centro de trauma del centro de Trípoli, entre la calle Zawia y la calle Saidi. Segundo mayor del país. Para un europeo, referencia de estabilización antes de evacuar: el MAEC da por normal la evacuación a Europa. Pin comprobado en Google Maps («Hospital central de Trípoli»).",,https://theawakeman.github.io/africa2027/paises/libia/#logistica,"https://www.google.com/maps?q=32.88136,13.19053",Hospital,32.88136,13.19053
Hospital de referencia en Bengasi,"Hospital — POR CONFIRMAR. No hemos podido abrir en esta sesión una ficha con coordenadas de un hospital de Bengasi. Las coordenadas son las del centro de Bengasi, no las del hospital: sirven solo para situar la ciudad. Pin comprobado en Google Maps («Benghazi Medical Center (1200 Hospital)»).",,https://theawakeman.github.io/africa2027/paises/libia/#logistica,"https://www.google.com/maps?q=32.07777,20.09681",Hospital,32.07777,20.09681
Combustible en Trípoli (gasolineras autorizadas),"Combustible — Gasolina a 0,024 USD/litro (GlobalPetrolPrices, 09-02-2026), la más barata del mundo, pero con colas y racionamiento de hecho: en septiembre de 2026 Interior cerró 490 gasolineras por contrabando y autorizó 365. Pin comprobado en Google Maps («Trípoli (sin gasolinera concreta como objeto)»).",,https://theawakeman.github.io/africa2027/paises/libia/#logistica,"https://www.google.com/maps?q=32.88771,13.18719",Combustible,32.88771,13.18719
Agua potable en Libia,Agua potable — SIN PUNTO VERIFICADO. El MAEC advierte de que el suministro no es fiable y recomienda agua embotellada; los apagones desde junio de 2026 dejan sin bombeo depósitos y estaciones. Filtrar y clorar siempre. Pin comprobado en Google Maps («Trípoli»).,,https://theawakeman.github.io/africa2027/paises/libia/#agua-combustible,"https://www.google.com/maps?q=32.88771,13.18719",Agua de servicio,32.88771,13.18719
Aeropuerto Internacional Thomas Sankara de Uagadugú (OUA / DFFD),"Frontera — Único acceso aéreo internacional real del país: concentra el 98 % del tráfico comercial y está a 1,5 km al sureste del centro de Uagadugú. Exige eVisa impreso, fiche de voyage y certificado de fiebre amarilla. Está prevista su sustitución por el nuevo aeropuerto de Donsin, 35 km al noreste. Pin comprobado en Google Maps («Aeropuerto de Uagadugú (Thomas Sankara)»).",,https://theawakeman.github.io/africa2027/paises/burkina-faso/#logistica,"https://www.google.com/maps?q=12.35499,-1.51399",Frontera,12.35499,-1.51399
Paso fronterizo de Niangoloko (Costa de Marfil – Burkina Faso),"Frontera — Paso con Costa de Marfil, lado marfileño Laleraba. Mercancías de 6.30 a 18.00, pasajeros 24/7, todos los días. A 131 km de Bobo-Dioulasso, unas 2 h 30. Gestiona la Direction Générale des Douanes, contacto Sr. HAMADO, 70 26 47 45. Zona de riesgo extremo para el MAEC. Pin comprobado en Google Maps («Niangoloko»).",,https://theawakeman.github.io/africa2027/paises/burkina-faso/#logistica,"https://www.google.com/maps?q=10.2819,-4.91676",Frontera,10.2819,-4.91676
Paso fronterizo de Koloko – Hèrèmakono (Mali – Burkina Faso),"Frontera — Paso con Mali en el eje Bobo-Dioulasso – Sikasso. Mercancías de 6.00 a 18.00, pasajeros 24/7. A 132 km de Bobo-Dioulasso, 2 h 45 en turismo. La nacional N8 está asfaltada pero con muchos baches que obligan a reducir la velocidad. Pin comprobado en Google Maps («Koloko»).",,https://theawakeman.github.io/africa2027/paises/burkina-faso/#logistica,"https://www.google.com/maps?q=11.08103,-5.31236",Frontera,11.08103,-5.31236
Paso fronterizo de Cinkansé (Togo – Burkina Faso),"Frontera — Poste de Contrôle Juxtaposé en el corredor hacia el puerto de Lomé. Mercancías de 6.30 a 18.00, pasajeros 24/7. A 105 km de Tenkodogo por la N16. N4 y N16 asfaltadas y en buen estado, con cinco puestos de control hasta Uagadugú. Pin comprobado en Google Maps («Cinkansé»).",,https://theawakeman.github.io/africa2027/paises/burkina-faso/#logistica,"https://www.google.com/maps?q=11.11798,0.00945",Frontera,11.11798,0.00945
Paso fronterizo de Kantchari (Níger – Burkina Faso),"Frontera — Paso con Níger, lado nigerino Torodi, a 152 km de Fada N'Gourma y 148 km del aeropuerto de Niamey. Abierto sobre el papel, pero el Logistics Cluster no evaluó la carretera por presencia de grupos terroristas y advierte de que el eje «es objeto cada vez más frecuente de ataques». Desaconsejado sin matices. Pin comprobado en Google Maps («Kantchari»).",,https://theawakeman.github.io/africa2027/paises/burkina-faso/#logistica,"https://www.google.com/maps?q=12.4802,1.51522",Frontera,12.4802,1.51522
Paso fronterizo de Nadiagou – Porga (Benín – Burkina Faso),"Frontera — Paso con Benín en el eje hacia Natitingou. Mercancías de 6.30 a 18.00, pasajeros 24/7. A 20 km de Pama y 344 km de Uagadugú (7 h). Carretera no evaluada por inseguridad desde noviembre de 2021 y descrita como muy dañada. Jefe de puesto: Sr. SALOU, 70 32 40 14. Pin comprobado en Google Maps («Nadiagou»).",,https://theawakeman.github.io/africa2027/paises/burkina-faso/#logistica,"https://www.google.com/maps?q=11.15844,0.8378",Frontera,11.15844,0.8378
Viceconsulado Honorario de España en Uagadugú,"Consular — Sr. Ziad Azar. Avenue J.F. Kennedy, Kuluba, Uagadugú. Tel. (+226) 50 33 16 32. Correo CH.OUAGADOUGOU@maec.es. Es la única representación española sobre el terreno. ATENCIÓN: las coordenadas son las del centro de Uagadugú, no las del edificio; hay que verificarlas. Pin comprobado en Google Maps («Koulouba, Uagadugú (el viceconsulado no figura como objeto)»).",,https://theawakeman.github.io/africa2027/paises/burkina-faso/#logistica,"https://www.google.com/maps?q=12.36795,-1.51844",Consulado,12.36795,-1.51844
Embajada de España en Mali y Burkina Faso (Bamako),"Consular — ACI 2000, en face de l'École de Maintien de la Paix, BP E-3230, Bamako (Mali). Tel. (+223) 44 98 24 30. Emergencia consular 24 h (+223) 73 31 23 24. Correos emb.bamako@maec.es y emb.bamako.sc@maec.es. Es la embajada competente para Burkina Faso. Pin comprobado en Google Maps («Embajada de España en Bamako»).",,https://theawakeman.github.io/africa2027/paises/burkina-faso/#logistica,"https://www.google.com/maps?q=12.62778,-8.02596",Consulado,12.62778,-8.02596
"CHU Yalgado Ouédraogo, Uagadugú","Hospital — Principal hospital universitario de referencia del país y mejor dotado de Burkina Faso. Para casos complejos se deriva a Abiyán, Accra o París. Pin comprobado en Google Maps («CHU Yalgado Ouédraogo»).",,https://theawakeman.github.io/africa2027/paises/burkina-faso/#logistica,"https://www.google.com/maps?q=12.38359,-1.50646",Hospital,12.38359,-1.50646
"CHU Sourou Sanou, Bobo-Dioulasso","Hospital — Hospital universitario de referencia del oeste: 593 camas y 1.115 empleados, con urgencias, cirugía, traumatología ortopédica, maternidad, hemodiálisis y resonancia magnética. Sede principal en el sector 8, barrio Sikasso-Cira. Pin comprobado en Google Maps («CHU Sourô Sanou (Bobo-Diulasso)»).",,https://theawakeman.github.io/africa2027/paises/burkina-faso/#logistica,"https://www.google.com/maps?q=11.17004,-4.30119",Hospital,11.17004,-4.30119
"Estaciones de servicio del eje central, Uagadugú","Combustible — Gasóleo a 675 XOF/litro (dato de 09-02-2026) y gasolina a 850 XOF/litro (dato de 12-01-2026), precios fijados por el Gobierno. Red fiable solo en Uagadugú, Bobo-Dioulasso y capitales regionales del eje central; fuera de ahí, bidones y riesgo de adulteración. Pin comprobado en Google Maps («Uagadugú (sin gasolinera concreta como objeto)»).",,https://theawakeman.github.io/africa2027/paises/burkina-faso/#logistica,"https://www.google.com/maps?q=12.37143,-1.51966",Combustible,12.37143,-1.51966
"Llenado de agua no potable, Uagadugú","Agua potable — Estaciones de servicio y hoteles del centro de Uagadugú como punto realista de llenado para ducha y lavado. Agua de red NO potable y brotes de cólera registrados: filtro más tratamiento obligatorio incluso para uso no alimentario. Punto concreto por confirmar, sin registros verificados de iOverlander. Pin comprobado en Google Maps («Uagadugú»).",,https://theawakeman.github.io/africa2027/paises/burkina-faso/#agua-combustible,"https://www.google.com/maps?q=12.37143,-1.51966",Agua de servicio,12.37143,-1.51966
Aeropuerto Internacional Diori Hamani (NIM/DRRN),"Frontera — Única puerta de entrada realista al país, a 9 km al sureste de Niamey. Operativo, con controles reforzados a extranjeros. Atacado el 29/01/2026 (Estado Islámico) y el 18/06/2026 (JNIM), y objetivo del intento de golpe del 29/08/2026. Pin comprobado en Google Maps («Aeropuerto Internacional Diori Hamani»).",,https://theawakeman.github.io/africa2027/paises/niger/#logistica,"https://www.google.com/maps?q=13.47656,2.17697",Frontera,13.47656,2.17697
Puesto fronterizo de Assamakka (Argelia),"Frontera — Único paso oficial Níger-Argelia, 10 km al sur de In Guezzam, en la Transahariana. 400 km a Tamanrasset y 200 km a Arlit por pista. Punto de deportación de migrantes; sin cruces de viajeros registrados en más de una década (Sahara Overland, 07/2026). Pin comprobado en Google Maps («Assamakka»).",,https://theawakeman.github.io/africa2027/paises/niger/#logistica,"https://www.google.com/maps?q=19.33398,5.77278",Frontera,19.33398,5.77278
Paso de Gaya - Malanville (Benín),"Frontera — Puente sobre el río Níger entre Gaya (Níger) y Malanville (Benín), a 733 km de Cotonú. CERRADO desde 2023; comunicado conjunto de reapertura el 18/06/2026 y comité de expertos, sin apertura efectiva. Pin comprobado en Google Maps («Gaya»).",,https://theawakeman.github.io/africa2027/paises/niger/#logistica,"https://www.google.com/maps?q=11.88644,3.45351",Frontera,11.88644,3.45351
Embajada de España en Niamey,"Consular — Rue AM-5, enfrente de la Embajada de Turquía, Koira Kano (barrio de las Embajadas), Niamey. Tel. +227 20 75 59 61/62/64. EMERGENCIA CONSULAR +227 96 83 83 94. emb.niamey@maec.es · consular emb.niamey.vis@maec.es · citas emb.niamey.cita@maec.es. Abierta desde 2007 y operativa en 2026. Pin comprobado en Google Maps («Embajada de España en Niamey»).",,https://theawakeman.github.io/africa2027/paises/niger/#logistica,"https://www.google.com/maps?q=13.52603,2.07009",Consulado,13.52603,2.07009
Embajada de Níger en Bruselas (visados para España),"Consular — Avenue Fr. Roosevelt 78, B-1050 Bruselas. Tel. +32 2 648 61 40 / +32 2 648 59 60. Es donde el MAEC dice que los españoles deben solicitar el visado. Pin comprobado en Google Maps («Embajada de Níger en Bruselas»).",,https://theawakeman.github.io/africa2027/paises/niger/#logistica,"https://www.google.com/maps?q=50.80989,4.38358",Consulado,50.80989,4.38358
Hôpital National de Niamey,Hospital — Mayor hospital de referencia del país según Wikipedia («the country's largest referral hospital»). POR CONFIRMAR capacidad actual y si la Embajada de España lo recomienda. Pin comprobado en Google Maps («National Hospital of Niamey»).,,https://theawakeman.github.io/africa2027/paises/niger/#logistica,"https://www.google.com/maps?q=13.51288,2.10116",Hospital,13.51288,2.10116
Hôpital Central et maternité de Niamey,Hospital — Hospital central y maternidad construidos en los años cuarenta (Wikipedia). POR CONFIRMAR ubicación exacta y servicios. El MAEC advierte de que las condiciones sanitarias son muy precarias fuera de Niamey y todo caso grave exige evacuación internacional. Pin comprobado en Google Maps («Hôpital Général de Référence de Niamey»).,,https://theawakeman.github.io/africa2027/paises/niger/#logistica,"https://www.google.com/maps?q=13.58613,2.09189",Hospital,13.58613,2.09189
Eje de repostaje Niamey - Dosso - Birni N'Konni,"Combustible — Dosso, nudo comercial entre Niamey y el este del país y hacia Benín, a 130-140 km al sureste de la capital (Wikipedia). Gasolina 499 FCFA/l (GlobalPetrolPrices, 08/12/2025); precios de calle de 600 FCFA el gasóleo y 636 la gasolina (Sahara Overland, 07/2026). Pin comprobado en Google Maps («Dosso»).",,https://theawakeman.github.io/africa2027/paises/niger/#logistica,"https://www.google.com/maps?q=13.05048,3.2081",Combustible,13.05048,3.2081
"Agadez, última base logística hacia el norte","Agua potable — Última base logística antes del Aïr y el Ténéré y sede de los operadores que gestionan permisos y escolta. Quinta ciudad del país (110.497 hab., censo de 2012). El norte de Agadez está señalado por EEUU como zona de máximo riesgo. Acceso vetado sin escolta militar. Pin comprobado en Google Maps («Agadez»).",,https://theawakeman.github.io/africa2027/paises/niger/#agua-combustible,"https://www.google.com/maps?q=16.97417,7.98653",Agua de servicio,16.97417,7.98653
"Niamey, punto de carga de agua",Agua potable — Única red urbana con garantías relativas. Toda el agua de boca debe filtrarse y potabilizarse: el MAEC prohíbe beber agua no embotellada. No vadear ni bañarse en el río Níger por esquistosomiasis (TravelHealthPro). Pin comprobado en Google Maps («Niamey»).,,https://theawakeman.github.io/africa2027/paises/niger/#agua-combustible,"https://www.google.com/maps?q=13.5116,2.12539",Agua de servicio,13.5116,2.12539
Aeropuerto Internacional de Yamena-Hassan Djamous (NDJ),"Frontera — Único aeropuerto internacional de Chad. Pista 05/23 de 2.800 m, uso mixto civil y militar, 295 m de elevación. Conexiones con París, Estambul, Adís Abeba, El Cairo, Duala, Abuya y Niamey. PROHIBIDO FOTOGRAFIAR (MAEC). Registro policial en 72 horas tras la llegada. Pin comprobado en Google Maps («Aeropuerto Internacional de Yamena»).",,https://theawakeman.github.io/africa2027/paises/chad/#logistica,"https://www.google.com/maps?q=12.12866,15.03278",Frontera,12.12866,15.03278
"Paso fronterizo Kousséri (Camerún) – Yamena, puente sobre el Chari",Frontera — Es el paso terrestre más usado hacia Chad: Kousséri y Yamena forman una aglomeración transfronteriza separada por el Logone y el Chari. MAEC: Boko Haram activo en la frontera con Camerún y recomendación de evitar los 30 km fronterizos. Apertura a extranjeros con vehículo propio en 2026 POR CONFIRMAR. Pin comprobado en Google Maps («Kousseri (lado camerunés del puente)»).,,https://theawakeman.github.io/africa2027/paises/chad/#logistica,"https://www.google.com/maps?q=12.08708,15.01483",Frontera,12.08708,15.01483
Paso fronterizo de Adré (Sudán) — CERRADO,"Frontera — Localidad de la provincia de Uadai, a 400 m de la frontera sudanesa. Corredor humanitario del Darfur, no paso turístico. Chad cerró la frontera con Sudán el 23 de febrero de 2026 y de nuevo el 19 de marzo de 2026. MAEC: riesgo alto, evitar. NO UTILIZABLE. Pin comprobado en Google Maps («Adré»).",,https://theawakeman.github.io/africa2027/paises/chad/#logistica,"https://www.google.com/maps?q=13.4674,22.19667",Frontera,13.4674,22.19667
Embajada de España en Yaundé (competente para Chad),"Consular — COORDENADAS DE CIUDAD, APROXIMADAS. Dirección exacta: Boulevard de l'U.R.S.S. s/n, Quartier Bastos, B.P. 877, Yaundé (Camerún). Tel. +237 222 20 35 43 y +237 222 20 41 89. EMERGENCIA CONSULAR +237 698 44 79 00. emb.yaunde@maec.es. España NO tiene embajada residente en Yamena: la de Yaundé está acreditada ante Chad. Pin comprobado en Google Maps («Embajada de España en Yaundé»).",,https://theawakeman.github.io/africa2027/paises/chad/#logistica,"https://www.google.com/maps?q=3.89567,11.51418",Consulado,3.89567,11.51418
Oficina del Encargado de Negocios de España en Yamena,"Consular — COORDENADAS DE CIUDAD, APROXIMADAS. España abrió antena diplomática en Yamena en enero de 2020 (Ficha País del MAEC, julio de 2026). Dirección: 150 Avenue Général Kerim Nassour, B.P. 552, Yamena. Encargada de Negocios a.i.: Amaia Múgica Achalandabaso. Tel. +235 62 53 33 89 (web de la embajada) o +235 64 94 01 41 (recomendaciones de viaje) — DOS NÚMEROS DISTINTOS, probar ambos. amaia.mugica@maec.es. Cónsul Honorario: Vincent Dingao, B.P. 456, tel. +235 66 29 39 51. Pin comprobado en Google Maps («Yamena (la antena diplomática no figura como objeto)»).",,https://theawakeman.github.io/africa2027/paises/chad/#logistica,"https://www.google.com/maps?q=12.11914,15.05029",Consulado,12.11914,15.05029
"Hôpital de la Renaissance, Yamena","Hospital — COORDENADAS DE CIUDAD, APROXIMADAS. B.P. 2029, Quartier N'Djari, Yamena. Tel. +235 22 53 20 90. Abierto 24 horas. Es el centro de referencia que cita el MAEC para urgencias. Verificar ubicación exacta en Google Maps. Pin comprobado en Google Maps («Hôpital de la Renaissance»).",,https://theawakeman.github.io/africa2027/paises/chad/#logistica,"https://www.google.com/maps?q=12.11951,15.09987",Hospital,12.11951,15.09987
"CMS – Centre médico-social, Yamena","Hospital — COORDENADAS APROXIMADAS (Quartier Aéroport). B.P. 898, Quartier Aéroport, Yamena. Tel. +235 22 52 28 37, cms.tchad@gmail.com. Horario L-V 8:00-12:30 y 15:00-17:00, S 8:30-11:30. Centro privado citado por el MAEC. Alternativa 24 h: SOS International, Avenue Sahoulba Gontchome, +235 22 52 25 01, solo abonados. Pin comprobado en Google Maps («Yamena»).",,https://theawakeman.github.io/africa2027/paises/chad/#logistica,"https://www.google.com/maps?q=12.11914,15.05029",Hospital,12.11914,15.05029
Repostaje en Yamena (estaciones del centro),"Combustible — COORDENADAS DE CIUDAD, APROXIMADAS. Precio oficial a 5 de agosto de 2026: super 700 FCFA/l y gasoil 800 FCFA/l; precios de calle citados por Sahara Overland en julio de 2026: gasóleo 550 y gasolina 650. Última red fiable antes del norte. Mantener el depósito por encima de la mitad fuera de la capital. Pin comprobado en Google Maps («Total Marketing Tchad (Yamena)»).",,https://theawakeman.github.io/africa2027/paises/chad/#logistica,"https://www.google.com/maps?q=12.12918,14.99612",Combustible,12.12918,14.99612
Faya-Largeau (Borkou) — última base logística del norte,"Agua potable — Mayor localidad del norte de Chad, 48.090 habitantes (2012), 245 m de altitud. Se sostiene sobre reservas subterráneas importantes, lo que la convierte en el punto de agua de referencia del BET. Aeropuerto con pista asfaltada de uso casi exclusivamente militar. Canadá (9/9/2026) la excluye de la prohibición total que aplica al resto de Borkou, Tibesti y Enedi. PUNTO DE AGUA CONCRETO POR CONFIRMAR sobre el terreno. Pin comprobado en Google Maps («Faya-Largeau»).",,https://theawakeman.github.io/africa2027/paises/chad/#agua-combustible,"https://www.google.com/maps?q=17.93071,19.10445",Agua de servicio,17.93071,19.10445
"Macizo del Enedi (Patrimonio Mundial UNESCO, 2016)","Frontera — Paisaje natural y cultural de 2.441.200 ha en el noreste, con acantilados, arcos naturales, gueltas permanentes y miles de pinturas y grabados rupestres. Provincias de Enedi Oeste y Enedi Este: el MAEC las sitúa en riesgo alto y el FCDO desaconseja todo viaje. Acceso SOLO con agencia autorizada, guía local obligatorio y permisos gubernamentales. Riesgo de minas en las pistas. Pin comprobado en Google Maps («Ennedi»).",,https://theawakeman.github.io/africa2027/paises/chad/#logistica,"https://www.google.com/maps?q=17.54146,21.85686",Frontera,17.54146,21.85686
"Lagos de Ounianga (Patrimonio Mundial UNESCO, 2012)","Agua potable — 18 lagos permanentes en pleno Sáhara sobre 62.808 ha, en una zona que recibe MENOS DE 2 mm de lluvia al año; dos grupos, Ounianga Kebir (4 lagos) y Ounianga Serir (14), separados 40 km. No son fuente de abastecimiento: son agua salina y dulce protegida. Zona desaconsejada por MAEC y FCDO; riesgo de minas. Pin comprobado en Google Maps («Lagos de Unianga»).",,https://theawakeman.github.io/africa2027/paises/chad/#agua-combustible,"https://www.google.com/maps?q=19.0599,20.49324",Agua de servicio,19.0599,20.49324
Aeropuerto Internacional de Bangui M'Poko (BGF),"Frontera — Única entrada realista al país. Códigos BGF/FEFF. Operan Ethiopian Airlines, ASKY, Royal Air Maroc, RwandAir y AfriJet. Visado previo y certificado de fiebre amarilla exigidos en el control. Prohibido fotografiar el recinto (MAEC). Pin comprobado en Google Maps («Bangui M'Poko International Airport»).",,https://theawakeman.github.io/africa2027/paises/rca/#logistica,"https://www.google.com/maps?q=4.39848,18.51879",Frontera,4.39848,18.51879
"Paso fronterizo de Béloko (frontera con Camerún, Garoua-Boulaï)","Frontera — Aduana principal del país, en la prefectura de Nana-Mambéré: por ella pasa el 80 % de las importaciones centroafricanas. Extremo del corredor de suministro de Duala. Corredor bajo control de las FACA y sus aliados desde febrero de 2021 tras la disputa con los grupos CPC y 3R. Pin comprobado en Google Maps («Beloko»).",,https://theawakeman.github.io/africa2027/paises/rca/#logistica,"https://www.google.com/maps?q=5.93488,14.60451",Frontera,5.93488,14.60451
Embajada de España en Yaundé (competente para la República Centroafricana),"Consular — Boulevard de l'U.R.S.S. s/n, Quartier Bastos, B.P. 877, Yaundé (Camerún). Tel. +237 222 20 35 43 y +237 222 20 41 89. Emergencia consular +237 698 44 79 00. Email emb.yaunde@maec.es. España NO tiene embajada residente en Bangui. Pin comprobado en Google Maps («Embajada de España en Yaundé»).",,https://theawakeman.github.io/africa2027/paises/rca/#logistica,"https://www.google.com/maps?q=3.89567,11.51418",Consulado,3.89567,11.51418
Consulado Honorario de España en Bangui,"Consular — Cónsul honoraria: Dña. Berta Mendiguren de la Vega. Pharmacie La Paloma, Avenue Barthélemy Boganda, Bangui. Tel. +236 70 93 25 50 y +236 75 82 16 16. Único apoyo español sobre el terreno; no emite visados ni pasaportes. Pin comprobado en Google Maps («Bangui (el consulado honorario no figura como objeto)»).",,https://theawakeman.github.io/africa2027/paises/rca/#logistica,"https://www.google.com/maps?q=4.36216,18.58278",Consulado,4.36216,18.58278
Hôpital Communautaire de Bangui,Hospital — Principal hospital de referencia de la capital y el más citado para extranjeros. No equivale a un hospital europeo: cualquier urgencia grave requiere evacuación aérea. Pin comprobado en Google Maps («Hôpital Communautaire de Bangui»).,,https://theawakeman.github.io/africa2027/paises/rca/#logistica,"https://www.google.com/maps?q=4.38768,18.55633",Hospital,4.38768,18.55633
"Hôpital de l'Amitié sino-centrafricaine, Bangui","Hospital — Segundo hospital de referencia de Bangui. En obras de rehabilitación y ampliación según el Ministerio de Sanidad centroafricano y prensa local de marzo de 2026, lo que puede afectar a su capacidad. Pin comprobado en Google Maps («Hôpital de l'Amitié»).",,https://theawakeman.github.io/africa2027/paises/rca/#logistica,"https://www.google.com/maps?q=4.40963,18.55304",Hospital,4.40963,18.55304
Hub logístico de Garoua-Boulaï (lado camerunés del corredor),"Combustible — Inaugurado el 5 de septiembre de 2025 por el Consejo Nacional de Cargadores de Camerún. Más de dos hectáreas con aparcamiento para 200 camiones, alojamiento, restaurante, bloque administrativo, pozo de agua y generador. Último punto con servicios antes de entrar en la RCA. Pin comprobado en Google Maps («Garoua-Boulaï»).",,https://theawakeman.github.io/africa2027/paises/rca/#logistica,"https://www.google.com/maps?q=5.89014,14.54805",Combustible,5.89014,14.54805
Bayanga / Áreas Protegidas de Dzanga-Sangha,"Agua potable — Única zona del país con turismo documentado de forma continua: unos 800 visitantes en 2025. Base logística con Doli Lodge y pista de laterita de 1,4 km. Se llega en chárter de 50 minutos desde Bangui, por carretera en 12-15 horas o en barco por el río Sangha desde Ouesso (Congo) y Libongo (Camerún). Agua: tratar siempre; riesgo de esquistosomiasis en el río. Pin comprobado en Google Maps («Bayanga»).",,https://theawakeman.github.io/africa2027/paises/rca/#agua-combustible,"https://www.google.com/maps?q=2.90174,16.26987",Agua de servicio,2.90174,16.26987
Aeropuerto Internacional de Yuba (JUB/HJJJ),"Frontera — Única vía de entrada realista al país y ÚNICO punto de entrada admitido para mascotas. Terminal nueva inaugurada el 29 de octubre de 2018. Vuelos a Nairobi, Adís Abeba, El Cairo, Dubái y Port Sudan. Certificado de fiebre amarilla exigido en el control. Pin comprobado en Google Maps («Aeropuerto Internacional de Yuba»).",,https://theawakeman.github.io/africa2027/paises/sudan-del-sur/#logistica,"https://www.google.com/maps?q=4.86619,31.60174",Frontera,4.86619,31.60174
Paso fronterizo de Nimule (lado sursudanés),"Frontera — Paso terrestre principal del país, con Uganda. Puesto fronterizo de parada única abierto en el lado de Nimule en febrero de 2020. Arranque de la carretera asfaltada de 197 km a Yuba. Sufre bloqueos de transportistas de varios días. Pin comprobado en Google Maps («Nimule»).",,https://theawakeman.github.io/africa2027/paises/sudan-del-sur/#logistica,"https://www.google.com/maps?q=3.59158,32.06386",Frontera,3.59158,32.06386
Paso fronterizo de Elegu (lado ugandés),"Frontera — Contraparte ugandesa de Nimule, en el distrito de Amuru, a 105 km por carretera al norte de Gulu. Convertido en puesto de parada única entre 2015 y 2018 con 6,6 millones de dólares de TradeMark East Africa; inaugurado en noviembre de 2018. Pin comprobado en Google Maps («Elegu (lado ugandés)»).",,https://theawakeman.github.io/africa2027/paises/sudan-del-sur/#logistica,"https://www.google.com/maps?q=3.56413,32.07138",Frontera,3.56413,32.07138
Embajada de España en Jartum (competente para Sudán del Sur),"Consular — La Embajada de España en Jartum cubre la demarcación consular de la República de Sudán del Sur. Dirección publicada: International Fair Road, Building 1, Block 7/A, Burri El Daraisa, P.O. Box 274, Jartum. Tel. +249 183 763 639 / +249 183 269 891; emergencia consular +249 912 363 377; emb.jartum@maec.es. ATENCIÓN: el MAEC indica residencia temporal en El Cairo (41 Ismail Mohamed, Zamalek). COORDENADAS APROXIMADAS DE CIUDAD, no de la cancillería: verificar. Pin comprobado en Google Maps («Embassy of Spain (Jartum)»).",,https://theawakeman.github.io/africa2027/paises/sudan-del-sur/#logistica,"https://www.google.com/maps?q=15.60636,32.57041",Consulado,15.60636,32.57041
Embajada de España en Jartum · sede temporal en El Cairo,"Consular — Sede temporal indicada por el MAEC en sus recomendaciones de viaje a Sudán del Sur: 41 Ismail Mohamed, Zamalek, El Cairo. Email emb.jartum@maec.es. Es el punto de contacto consular práctico mientras dure el conflicto sudanés. COORDENADAS APROXIMADAS del barrio de Zamalek: verificar. Pin comprobado en Google Maps («Embajada de España en El Cairo (sede temporal)»).",,https://theawakeman.github.io/africa2027/paises/sudan-del-sur/#logistica,"https://www.google.com/maps?q=30.06238,31.22256",Consulado,30.06238,31.22256
MRDC International (Yuba),Hospital — Centro médico recomendado por el MAEC y único servicio de ambulancia operativo citado. Tel. +211 954 044 333 y +211 954 044 222; urgencias jubaemergency@mrdc-int.com. Pago en efectivo por adelantado. COORDENADAS APROXIMADAS del centro de Yuba: verificar. Pin comprobado en Google Maps («Juba Teaching Hospital»).,,https://theawakeman.github.io/africa2027/paises/sudan-del-sur/#logistica,"https://www.google.com/maps?q=4.8504,31.6087",Hospital,4.8504,31.6087
Juba Medical Complex (Yuba),"Hospital — Segundo centro recomendado por el MAEC. Tel. +211 955 523 371. Condiciones sanitarias del país calificadas de «muy deficientes» por el MAEC, con servicios básicos solo en Yuba y pago en efectivo previo. COORDENADAS APROXIMADAS del centro de Yuba: verificar. Pin comprobado en Google Maps («Yuba»).",,https://theawakeman.github.io/africa2027/paises/sudan-del-sur/#logistica,"https://www.google.com/maps?q=4.85386,31.58253",Hospital,4.85386,31.58253
Repostaje en Yuba (eje de entrada desde Nimule),"Combustible — Yuba concentra casi toda la red de gasolineras fiable del país, con colas y racionamiento por la escasez derivada del corte del oleoducto. Radio Tamazuj situaba el litro en torno a 20.000 SSP en julio de 2026, con subidas del 45-105 % en tres meses según FEWS NET. Pago en efectivo. NO hay punto concreto documentado: coordenadas de la ciudad, POR CONFIRMAR sobre el terreno. Pin comprobado en Google Maps («Yuba (sin gasolinera concreta como objeto)»).",,https://theawakeman.github.io/africa2027/paises/sudan-del-sur/#logistica,"https://www.google.com/maps?q=4.85386,31.58253",Combustible,4.85386,31.58253
Último repostaje seguro antes de la frontera: Elegu / Gulu (Uganda),"Combustible — Recomendación operativa de la ficha: entrar con los depósitos llenos y jerricanes cargados desde Uganda, donde el suministro es regular, porque en Sudán del Sur el abastecimiento no está garantizado. Gulu queda 105 km al sur de Elegu por carretera. Pin comprobado en Google Maps («Elegu (Uganda)»).",,https://theawakeman.github.io/africa2027/paises/sudan-del-sur/#logistica,"https://www.google.com/maps?q=3.56413,32.07138",Combustible,3.56413,32.07138
Agua de uso general en Yuba (camiones cisterna del Nilo),"Agua potable — El abastecimiento urbano depende de camiones cisterna que captan agua del Nilo, y se corta cuando falta gasóleo. NO ES POTABLE: filtrar y tratar toda el agua de consumo. Brotes de cólera activos en 2026. No hay punto de llenado documentado para overlanders: coordenadas de la ciudad, POR CONFIRMAR. Pin comprobado en Google Maps («Yuba»).",,https://theawakeman.github.io/africa2027/paises/sudan-del-sur/#agua-combustible,"https://www.google.com/maps?q=4.85386,31.58253",Agua de servicio,4.85386,31.58253
Parque Nacional de Badingilo (Patrimonio Mundial de la UNESCO),"Frontera — Unos 10.000 km² creados en 1992 y gestionados por African Parks desde agosto de 2022. Junto con Boma forma el paisaje migratorio inscrito como primer Patrimonio Mundial de la UNESCO del país el 24 de julio de 2026, con unos 12 millones de hectáreas. Jirafa nubia, guepardo norteafricano, león, licaón y unas 400 especies de aves. Acceso solo con «alien travel permit» y escolta armada de guardas. Es el destino que justificaría volver. Pin comprobado en Google Maps («Bandingilo National Park»).",,https://theawakeman.github.io/africa2027/paises/sudan-del-sur/#logistica,"https://www.google.com/maps?q=5.57503,32.1746",Frontera,5.57503,32.1746
Aeropuerto Internacional de Asmara (ASM),"Frontera — ÚNICA ENTRADA VIABLE al país. Vuelos con El Cairo, Estambul, Dubái, Yeda y Port Sudan. Terminal pequeña, pista de unos 3.000 m a 2.325 m de altitud. Hay que declarar todos los aparatos electrónicos al entrar; prohibido fotografiar el recinto. Pin comprobado en Google Maps («Asmara International Airport»).",,https://theawakeman.github.io/africa2027/paises/eritrea/#logistica,"https://www.google.com/maps?q=15.29366,38.90599",Frontera,15.29366,38.90599
Puerto de Massawa,"Frontera — Puerto principal de Eritrea, a 115 km de Asmara. Salen ferris locales a las islas Dahlak y a Sheikh Said, siempre con permiso interior. Sin línea internacional de pasajeros documentada. Prohibido fotografiar el recinto portuario. Pin comprobado en Google Maps («Puerto de Massawa»).",,https://theawakeman.github.io/africa2027/paises/eritrea/#logistica,"https://www.google.com/maps?q=15.61264,39.47965",Frontera,15.61264,39.47965
Paso fronterizo Serha – Zalambessa (Etiopía),Frontera — CERRADO. Reabierto el 11 de septiembre de 2018 y cerrado unilateralmente por Eritrea en diciembre de 2018. Zona minada y desaconsejada por el MAEC. Pin comprobado en Google Maps («Zalambessa (lado etíope)»).,,https://theawakeman.github.io/africa2027/paises/eritrea/#logistica,"https://www.google.com/maps?q=14.52957,39.38545",Frontera,14.52957,39.38545
"Teseney (paso hacia Kassala, Sudán)","Frontera — CERRADO a extranjeros. Ciudad a 45 km de la frontera sudanesa, en la región de Gash-Barka. El MAEC señala Tesseney y toda Gash Barka como zona a evitar desde el conflicto sudanés de abril de 2023. Pin comprobado en Google Maps («Teseney»).",,https://theawakeman.github.io/africa2027/paises/eritrea/#logistica,"https://www.google.com/maps?q=15.10483,36.6592",Frontera,15.10483,36.6592
"Embajada de España en Jartum, desplazada temporalmente a El Cairo","Consular — COMPETENCIA CONSULAR para los españoles en Eritrea desde septiembre de 2023. Dirección: 41, Ismail Mohamed st., Zamalek, El Cairo. Teléfonos: +20 2 2735 6437 y +20 2 2735 5813. EMERGENCIA CONSULAR: +20 122 318 3783. Correos: emb.jartum@maec.es y emb.elcairo@maec.es. Pin comprobado en Google Maps («Embajada de España en El Cairo»).",,https://theawakeman.github.io/africa2027/paises/eritrea/#logistica,"https://www.google.com/maps?q=30.06238,31.22256",Consulado,30.06238,31.22256
"Ministerio de Turismo / Tourism Service Center, Asmara","Consular — DONDE SE PIDE EL PERMISO DE VIAJE INTERIOR. Tourism Service Center en Harnet Avenue, junto al Sweet Asmara Cafe, tel. +291 1 124 871; Ministerio de Turismo, tel. +291 1 154 100 y 154 111. Cerrado los domingos. Pin comprobado en Google Maps («Harnet Avenue (Ministerio de Turismo; no figura como objeto)»).",,https://theawakeman.github.io/africa2027/paises/eritrea/#logistica,"https://www.google.com/maps?q=15.33643,38.93867",Consulado,15.33643,38.93867
"Orotta National Referral Hospital, Asmara","Hospital — Hospital nacional de referencia de Eritrea, gestionado por el Ministerio de Sanidad, con servicio de urgencias. Medios muy por debajo del estándar europeo. COORDENADA APROXIMADA (centro de Asmara): verificar la ubicación exacta. Pin comprobado en Google Maps («Orotta Hospital»).",,https://theawakeman.github.io/africa2027/paises/eritrea/#logistica,"https://www.google.com/maps?q=15.33487,38.92407",Hospital,15.33487,38.92407
"Hanssenian National Referral Hospital, Asmara","Hospital — Segundo hospital nacional de referencia de la región central, gestionado por una ONG. En total el país tenía 22 hospitales en 2019. Cualquier caso grave exige evacuación a El Cairo, Dubái o Nairobi. COORDENADA APROXIMADA: verificar. Pin comprobado en Google Maps («Halibet Hospital»).",,https://theawakeman.github.io/africa2027/paises/eritrea/#logistica,"https://www.google.com/maps?q=15.31197,38.93976",Hospital,15.31197,38.93976
Repostaje en Asmara (eje Asmara-Keren-Massawa),"Combustible — Las estaciones fiables están en Asmara y en el eje hacia Keren y Massawa. Pago solo en efectivo y en nakfa, cambiados en Himbol. Suministro irregular. Precio 2026 POR CONFIRMAR; último dato fiable, 1,33 USD/litro de gasóleo en 2016. Pin comprobado en Google Maps («Asmara (sin gasolinera concreta como objeto)»).",,https://theawakeman.github.io/africa2027/paises/eritrea/#logistica,"https://www.google.com/maps?q=15.33173,38.93004",Combustible,15.33173,38.93004
Carga de agua en Asmara,"Agua potable — Agua de red de Asmara, a 2.325 m: sirve para llenar depósitos de ducha y lavado con prefiltro, NO para beber sin tratar. Cortes frecuentes. Los hoteles del centro son el punto de carga más fiable del país. Pin comprobado en Google Maps («Asmara»).",,https://theawakeman.github.io/africa2027/paises/eritrea/#agua-combustible,"https://www.google.com/maps?q=15.33173,38.93004",Agua de servicio,15.33173,38.93004
Carga de agua en Massawa,"Agua potable — Último punto de carga antes de la costa sur. Agua salobre y escasa en toda la franja del mar Rojo, con 40-41 °C en junio y julio. Tratar siempre antes de beber y salir con depósitos llenos desde Asmara. Pin comprobado en Google Maps («Massawa»).",,https://theawakeman.github.io/africa2027/paises/eritrea/#agua-combustible,"https://www.google.com/maps?q=15.60804,39.45311",Agua de servicio,15.60804,39.45311
Aeropuerto Internacional Aden Adde (Mogadiscio),Frontera — Única vía practicable a Somalia federal. eTAS previa obligatoria (etas.gov.so). Recinto fortificado MIA/Halane; salir a la ciudad exige convoy con escolta armada. Morteros disparados hacia el aeropuerto en febrero de 2025. Pin comprobado en Google Maps («Aeropuerto Internacional Aden Adde»).,,https://theawakeman.github.io/africa2027/paises/somalia/#logistica,"https://www.google.com/maps?q=2.01764,45.3038",Frontera,2.01764,45.3038
"Aeropuerto Internacional Egal (Hargeisa, Somalilandia)",Frontera — Entrada aérea a Somalilandia. Visado somalilandés a la llegada; los visados emitidos por Somalia no son válidos desde el 10 de noviembre de 2025. Pin comprobado en Google Maps («Aeropuerto Internacional de Hargeisa»).,,https://theawakeman.github.io/africa2027/paises/somalia/#logistica,"https://www.google.com/maps?q=9.51801,44.08368",Frontera,9.51801,44.08368
Paso fronterizo de Tog Wajaale (Etiopía–Somalilandia),Frontera — Entrada real a Somalilandia por tierra y principal puerta de mercancías del país. Abierto de 06:00 a 18:00. Visado somalilandés previo obligatorio; no hay visado a la llegada. Trámites de 30 a 90 minutos. Pin comprobado en Google Maps («Wajale»).,,https://theawakeman.github.io/africa2027/paises/somalia/#logistica,"https://www.google.com/maps?q=9.60301,43.34154",Frontera,9.60301,43.34154
Paso fronterizo de Loyada (Yibuti–Somalilandia),"Frontera — Único paso oficial entre Yibuti y Somalilandia, a 25 km de la capital yibutiana. Usado por circuitos comerciales en 2026. Cierres políticos repetidos desde 1999; estado actual por confirmar. Pin comprobado en Google Maps («Loyada (lado yibutiano)»).",,https://theawakeman.github.io/africa2027/paises/somalia/#logistica,"https://www.google.com/maps?q=11.46157,43.25009",Frontera,11.46157,43.25009
Puerto de Berbera (Somalilandia),"Frontera — Puerto ampliado por DP World (442 M USD; DP World 51 %, Somalilandia 30 %, Etiopía 19 %), muelle de 1.000 m y hasta 2 M TEU. Tráfico de carga, no de pasajeros: no es vía de entrada para un vehículo particular. Pin comprobado en Google Maps («Berbera Port»).",,https://theawakeman.github.io/africa2027/paises/somalia/#logistica,"https://www.google.com/maps?q=10.43888,44.99957",Frontera,10.43888,44.99957
Embajada de España en Nairobi (competente para Somalia),"Consular — NCBA Building, 3.er piso, Nairobi (Kenia). Embajador Jaime Moreno Bau. Tel. (+254) 20 272 02 22/3/4/5. Emergencia consular (+254) 733 631 144. emb.nairobi@maec.es. España NO tiene embajada residente en Somalia. Pin comprobado en Google Maps («Embajada de España en Kenia»).",,https://theawakeman.github.io/africa2027/paises/somalia/#logistica,"https://www.google.com/maps?q=-1.29765,36.81319",Consulado,-1.29765,36.81319
Hargeisa Group Hospital (Somalilandia),"Hospital — Mayor hospital público de Somalilandia, 400 camas, fundado en 1953. Maternidad, urgencias, cirugía, pediatría y nefrología. Pin comprobado en Google Maps («Hargeisa Group Hospital»).",,https://theawakeman.github.io/africa2027/paises/somalia/#logistica,"https://www.google.com/maps?q=9.56166,44.05582",Hospital,9.56166,44.05582
"Hospital Erdoğan (Digfer), Mogadiscio","Hospital — 200 camas, 4 quirófanos, 12 camas de UCI, rehabilitado por la agencia turca TIKA. Referencia habitual para extranjeros en Mogadiscio. El MAEC describe la sanidad del país como muy escasa y deplorable. Pin comprobado en Google Maps («Hospital Recep Tayyip Erdoğan (Mogadiscio)»).",,https://theawakeman.github.io/africa2027/paises/somalia/#logistica,"https://www.google.com/maps?q=2.04284,45.30445",Hospital,2.04284,45.30445
Combustible en Hargeisa,"Combustible — Estaciones operativas en la capital. Referencia nacional a 5 de marzo de 2026: gasolina y gasóleo a 750 SoSh/litro (1,31 USD). Pago en chelines, dólares o dinero móvil (Zaad). Fuera de la ciudad, suministro con bidones. Pin comprobado en Google Maps («Somaliland fuel station (Hargeisa)»).",,https://theawakeman.github.io/africa2027/paises/somalia/#logistica,"https://www.google.com/maps?q=9.56753,44.12995",Combustible,9.56753,44.12995
Agua en Hargeisa,"Agua potable — Agua de red no potable. Solo agua embotellada o suministro de hoteles y compounds, con cobro. País en emergencia de sequía 2025-2026: hasta 1 USD por bidón de 20 litros. No hay puntos de agua documentados para overlanders. Pin comprobado en Google Maps («Water Agency (Hargeisa)»).",,https://theawakeman.github.io/africa2027/paises/somalia/#agua-combustible,"https://www.google.com/maps?q=9.56025,44.05152",Agua de servicio,9.56025,44.05152
Aeropuerto Internacional de Malabo (SSG),"Frontera — Punta Europa, isla de Bioko, a unos 9 km al este de Malabo. Principal puerta de entrada del país y ÚNICO punto habilitado documentado para la entrada de animales de compañía. Vuelos con Duala, Libreville, Adís Abeba, París, Fráncfort y Casablanca. Pin comprobado en Google Maps («Aeropuerto Internacional de Malabo»).",,https://theawakeman.github.io/africa2027/paises/guinea-ecuatorial/#logistica,"https://www.google.com/maps?q=3.75175,8.71231",Frontera,3.75175,8.71231
Aeropuerto de Bata (BSG),"Frontera — A 4 km al norte de Bata, en la región continental. Vuelos a Malabo con Ceiba Intercontinental y Cronos Airlines (30-40 minutos, varios diarios) y a Libreville con Afrijet. Es la entrada aérea al Río Muni mientras las fronteras terrestres sigan cerradas. Pin comprobado en Google Maps («Aeropuerto Internacional de Bata»).",,https://theawakeman.github.io/africa2027/paises/guinea-ecuatorial/#logistica,"https://www.google.com/maps?q=1.90512,9.80455",Frontera,1.90512,9.80455
Puerto de Bata (ferry a Malabo y línea a Duala),"Frontera — Muelle de gran calado, 6,5 millones de toneladas y 300.000 TEU al año, con conexiones de ferry a Malabo y a Duala. Salida del «San Valentín 3» (SEMAPORT S.L.), travesía de 8 a 12 horas. Admisión de vehículos sin confirmar. Pin comprobado en Google Maps («Bata (puerto)»).",,https://theawakeman.github.io/africa2027/paises/guinea-ecuatorial/#logistica,"https://www.google.com/maps?q=1.85332,9.77902",Frontera,1.85332,9.77902
Puerto de Malabo,"Frontera — Puerto de la capital histórica, en la bahía de Malabo, con capacidad teórica de unas 200.000 toneladas al año y conexiones con Bata y con Duala. Vía teórica para introducir un vehículo por mar; sin tarifas ni procedimiento aduanero publicados. Pin comprobado en Google Maps («Puerto de Malabo»).",,https://theawakeman.github.io/africa2027/paises/guinea-ecuatorial/#logistica,"https://www.google.com/maps?q=3.75764,8.78083",Frontera,3.75764,8.78083
Paso fronterizo Ebebiyín – Kye-Ossi (Camerún),"Frontera — Paso del noreste, junto al trifinio con Camerún y Gabón, con carretera asfaltada a ambos lados. Sometido a cierres y reaperturas sin preaviso desde el 15 de diciembre de 2025 según el MAEC, que desaconseja el acceso terrestre a los no CEMAC. Pin comprobado en Google Maps («Ebibeyin (paso a Kye-Ossi)»).",,https://theawakeman.github.io/africa2027/paises/guinea-ecuatorial/#logistica,"https://www.google.com/maps?q=2.14801,11.33133",Frontera,2.14801,11.33133
Embajada de España en Malabo,"Consular — Carretera del Aeropuerto s/n, Malabo. Teléfonos +240 333 09 20 20 y +240 333 09 28 68. EMERGENCIA CONSULAR 24 h: +240 222 00 85 89. Embajador: Javier Conde y Martínez de Irujo. Pin comprobado en Google Maps («Embajada de España en Malabo»).",,https://theawakeman.github.io/africa2027/paises/guinea-ecuatorial/#logistica,"https://www.google.com/maps?q=3.75252,8.77296",Consulado,3.75252,8.77296
Consulado General de España en Bata,"Consular — Paseo Lumu Matindi s/n, Bata. Teléfono +240 333 08 26 35. EMERGENCIA CONSULAR: +240 222 28 56 77. Guinea Ecuatorial es uno de los poquísimos países africanos con doble representación española (embajada y consulado general). Pin comprobado en Google Maps («Consulado de España en Bata»).",,https://theawakeman.github.io/africa2027/paises/guinea-ecuatorial/#logistica,"https://www.google.com/maps?q=1.8688,9.76674",Consulado,1.8688,9.76674
Hospital La Paz (Malabo),Hospital — Centro privado de referencia que el MAEC da para los españoles en Malabo. Teléfono +240 555 666 160. Pago por adelantado y sin convenio de Seguridad Social; recordar que NO existe servicio de ambulancias en el país. Pin comprobado en Google Maps («Centro Médico La Paz (Malabo)»).,,https://theawakeman.github.io/africa2027/paises/guinea-ecuatorial/#logistica,"https://www.google.com/maps?q=3.76286,8.87787",Hospital,3.76286,8.87787
Clínica Guadalupe (Malabo),Hospital — Segunda referencia sanitaria privada que da el MAEC para Malabo. Teléfono +240 222 573 173. Pago por adelantado y en efectivo. Pin comprobado en Google Maps («Clínica Virgen de Guadalupe (Malabo)»).,,https://theawakeman.github.io/africa2027/paises/guinea-ecuatorial/#logistica,"https://www.google.com/maps?q=3.75244,8.7818",Hospital,3.75244,8.7818
Estaciones de servicio del eje Malabo – aeropuerto,"Combustible — Corredor con la mayor densidad de gasolineras del país, en un Estado productor de crudo. Numbeo daba 625 FCFA por litro de gasolina (~0,95 €) en septiembre de 2026, con horquilla 500-750 FCFA; el precio del gasóleo no se ha podido datar. Pin comprobado en Google Maps («Malabo (sin gasolinera concreta como objeto)»).",,https://theawakeman.github.io/africa2027/paises/guinea-ecuatorial/#logistica,"https://www.google.com/maps?q=3.7523,8.7742",Combustible,3.7523,8.7742
Bata: abastecimiento de agua y carburante,"Agua potable — Único núcleo continental donde se puede contar con agua embotellada, hoteles con suministro y estaciones de servicio para llenar depósitos, y punto de partida de los ejes Bata–Mongomo y Bata–Ebebiyín. El agua de red NO es potable: filtrar y clorar siempre. Pin comprobado en Google Maps («Bata»).",,https://theawakeman.github.io/africa2027/paises/guinea-ecuatorial/#agua-combustible,"https://www.google.com/maps?q=1.85332,9.77902",Agua de servicio,1.85332,9.77902
Aeropuerto Internacional Amílcar Cabral (SID) — Sal,"Frontera — Principal aeropuerto internacional del país y hub de Cabo Verde Airlines, 2 km al oeste-suroeste de Espargos. Pista de 3.272 m. Control de la DEF: aquí se verifica el pre-registro EASE y el pago de la TSA. Pin comprobado en Google Maps («Aeropuerto Amílcar Cabral»).",,https://theawakeman.github.io/africa2027/paises/cabo-verde/#logistica,"https://www.google.com/maps?q=16.73458,-22.94398",Frontera,16.73458,-22.94398
Aeropuerto Internacional Nelson Mandela (RAI) — Praia,"Frontera — Aeropuerto de la capital, 3 km al noreste de Praia, abierto en 2005 y gestionado por Vinci Airports desde julio de 2023. Vuelos a Lisboa, París, Zúrich, Ámsterdam, Casablanca, Dakar y Luanda. Pin comprobado en Google Maps («Aeropuerto Internacional Nelson Mandela»).",,https://theawakeman.github.io/africa2027/paises/cabo-verde/#logistica,"https://www.google.com/maps?q=14.94492,-23.48619",Frontera,14.94492,-23.48619
Puerto de Porto Novo — Santo Antão,"Frontera — Terminal del ferry de CV Interilhas con Mindelo: cuatro conexiones diarias, unos 60 minutos, buque Chiquinho, admite vehículos. Única vía de acceso a Santo Antão, que no tiene aeropuerto operativo. Pin comprobado en Google Maps («Porto Novo (Santo Antão)»).",,https://theawakeman.github.io/africa2027/paises/cabo-verde/#logistica,"https://www.google.com/maps?q=17.02152,-25.06736",Frontera,17.02152,-25.06736
Embajada de España en Praia,"Consular — Rua de Espanha, 1, Achada de Santo António, Praia. Tel. +238 260 1800 / 1801 / 1802 / 1803, fax +238 262 1322. EMERGENCIA CONSULAR 24 H: +238 991 0124. emb.praia@maec.es (visados: emb.praia.vis@maec.es). Viceconsulados honorarios en Mindelo (+238 231 74 81), Santa Maria/Sal (+238 242 20 61) y Sal Rei/Boa Vista (+238 251 19 15). Pin comprobado en Google Maps («Embajada de España en Cabo Verde»).",,https://theawakeman.github.io/africa2027/paises/cabo-verde/#logistica,"https://www.google.com/maps?q=14.90805,-23.5176",Consulado,14.90805,-23.5176
Hospital Agostinho Neto — Praia,"Hospital — Hospital público de referencia de Santiago y del país. Tel. +238 333 76 50; urgencias +238 260 21 69. Red sanitaria muy precaria frente a la europea: para casos graves, evacuación aérea medicalizada a Europa. Pin comprobado en Google Maps («Hospital Agostinho Neto»).",,https://theawakeman.github.io/africa2027/paises/cabo-verde/#logistica,"https://www.google.com/maps?q=14.92033,-23.50548",Hospital,14.92033,-23.50548
Hospital Dr. Baptista de Sousa — Mindelo,"Hospital — Hospital de referencia de São Vicente y de las islas de Barlavento, incluida Santo Antão. Urgencias +238 232 73 55. Pin comprobado en Google Maps («Hospital Dr. Baptista de Sousa»).",,https://theawakeman.github.io/africa2027/paises/cabo-verde/#logistica,"https://www.google.com/maps?q=16.88431,-24.98482",Hospital,16.88431,-24.98482
Hospital do Sal — Espargos,"Hospital — Hospital de referencia de la isla de Sal, la más turística. Urgencias +238 241 11 30. Hay además clínicas privadas en Santa Maria. NO hay cámara hiperbárica en todo el país. Pin comprobado en Google Maps («Hospital do Sal»).",,https://theawakeman.github.io/africa2027/paises/cabo-verde/#logistica,"https://www.google.com/maps?q=16.74893,-22.93539",Hospital,16.74893,-22.93539
Estaciones de servicio de Espargos y Santa Maria — Sal,"Combustible — Eje con la mejor densidad de gasolineras del país, sobre la autovía Espargos–Santa Maria. Precios máximos oficiales de septiembre de 2026: gasolina 175,40 CVE/l, gasóleo 169,40 CVE/l (ARME). Pin comprobado en Google Maps («Espargos (sin gasolinera concreta como objeto)»).",,https://theawakeman.github.io/africa2027/paises/cabo-verde/#logistica,"https://www.google.com/maps?q=16.75605,-22.93865",Combustible,16.75605,-22.93865
Palmeira — puerto de combustible de Sal,Combustible — Puerto de suministro de combustible del archipiélago y puesto de control marítimo de la DEF. Desde aquí se redistribuye el carburante al resto de islas. Pin comprobado en Google Maps («Porto de Palmeira»).,,https://theawakeman.github.io/africa2027/paises/cabo-verde/#logistica,"https://www.google.com/maps?q=16.75559,-22.98245",Combustible,16.75559,-22.98245
Red de agua de ELECTRA — Praia,"Agua potable — ELECTRA es el operador nacional de agua y electricidad; más del 70 % del agua potable del país se produce por desalinización. El agua de red sirve para ducha y lavado, NO para beber: agua embotellada siempre (MAEC). Pin comprobado en Google Maps («ELECTRA (Praia)»).",,https://theawakeman.github.io/africa2027/paises/cabo-verde/#agua-combustible,"https://www.google.com/maps?q=14.91595,-23.51027",Agua de servicio,14.91595,-23.51027
Red de agua de ELECTRA — Mindelo,"Agua potable — Punto de referencia para llenar depósitos en São Vicente antes de cruzar a Santo Antão, donde el abastecimiento rural es más irregular. Agua desalinizada, dura y no potable sin tratar. Pin comprobado en Google Maps («Mindelo»).",,https://theawakeman.github.io/africa2027/paises/cabo-verde/#agua-combustible,"https://www.google.com/maps?q=16.88399,-24.98743",Agua de servicio,16.88399,-24.98743
Aeropuerto Internacional de São Tomé (TMS),"Frontera — Único punto de entrada internacional realista. Pista 11/29 de 2.220 m, a 5 km de la capital. TAP, STP Airways, TAAG, ASKY y Afrijet. Tasa de turismo de 25 € por persona a la llegada; sin visado hasta 15 días para españoles. SIM de CST o Unitel a la venta en el aeropuerto. Pin comprobado en Google Maps («Aeropuerto Internacional de São Tomé»).",,https://theawakeman.github.io/africa2027/paises/santo-tome/#logistica,"https://www.google.com/maps?q=0.37753,6.71261",Frontera,0.37753,6.71261
Aeropuerto de Príncipe (PCP),"Frontera — Aeropuerto de la isla de Príncipe, cerca de Santo António. Pista 18/36 de 1.750 m ampliada entre 2012 y 2015. Solo enlaces con São Tomé (STP Airways, 20 plazas; Afrijet, 70), media hora de vuelo, con cancelaciones frecuentes. Tasa de turismo de 10 € si se entra por aquí. Pin comprobado en Google Maps («Aeropuerto de Príncipe»).",,https://theawakeman.github.io/africa2027/paises/santo-tome/#logistica,"https://www.google.com/maps?q=1.66514,7.41262",Frontera,1.66514,7.41262
"Puerto de São Tomé, bahía de Ana Chaves","Frontera — Puerto principal del país para mercancía sólida, construido a finales de los años cincuenta sobre terreno ganado al mar: muelle de 200 m y 3 m de calado. Salida del barco interinsular Olivia C. Sin línea regular que admita vehículos rodados. Pin comprobado en Google Maps («Baía de Ana Chaves»).",,https://theawakeman.github.io/africa2027/paises/santo-tome/#logistica,"https://www.google.com/maps?q=0.34111,6.72737",Frontera,0.34111,6.72737
Embajada de España en Libreville (competente para Santo Tomé y Príncipe),"Consular — Immeuble Diamant, 2ème étage, Bd. de la Nation, Arrondissement 3, B.P. 1157, Libreville (Gabón). Emergencia consular +241 66 44 47 47. España NO tiene embajada residente en Santo Tomé. Pin comprobado en Google Maps («Embajada de España en Libreville»).",,https://theawakeman.github.io/africa2027/paises/santo-tome/#logistica,"https://www.google.com/maps?q=0.38941,9.44301",Consulado,0.38941,9.44301
Consulado Honorario de España en Santo Tomé,"Consular — Cónsul honorario: Miguel Martín Alomar. Teléfonos +239 997 80 22 y +34 601 41 12 84 (MAEC, 1 jun. 2026). DIRECCIÓN EXACTA POR CONFIRMAR: el MAEC no la publica. Es el contacto más útil para cerrar trámites locales (perro, aduana, tasas). Pin comprobado en Google Maps («Ciudad de São Tomé (el consulado honorario no figura como objeto)»).",,https://theawakeman.github.io/africa2027/paises/santo-tome/#logistica,"https://www.google.com/maps?q=0.3364,6.7273",Consulado,0.3364,6.7273
Hospital Ayres de Menezes (São Tomé),"Hospital — Hospital principal del país, en la capital. Hemodiálisis desde 2009 y TAC desde junio de 2017. Teléfono +239 222 12 22 (MAEC). Medios muy básicos: para cualquier cosa seria, evacuación a Libreville o Lisboa. Pin comprobado en Google Maps («Hospital Ayres de Menezes»).",,https://theawakeman.github.io/africa2027/paises/santo-tome/#logistica,"https://www.google.com/maps?q=0.35678,6.72229",Hospital,0.35678,6.72229
Último repostaje y último cajero bajando al sur: São João dos Angolares,"Combustible — Pueblo del sureste, sede de la roça São João (hoy hotel y restaurante, y uno de los seis componentes del bien UNESCO 2026). Alma de Viajante avisa de que aquí están los últimos cajeros antes de bajar a Porto Alegre y Praia Jalé, donde la carretera empeora mucho. Pin comprobado en Google Maps («São João dos Angolares»).",,https://theawakeman.github.io/africa2027/paises/santo-tome/#logistica,"https://www.google.com/maps?q=0.13339,6.64911",Combustible,0.13339,6.64911
EMAE — Empresa de Água e Electricidade (São Tomé),"Agua potable — Empresa pública del agua y la electricidad: 15 sistemas de abastecimiento en São Tomé y 1 en Príncipe, 7 estaciones de tratamiento y 10 puestos de cloración. Contacto: geral@emae.st, +239 22 44 700. Más de la mitad de la población no tiene acceso a agua potable y se pierde el 40 % del agua tratada: no beber del grifo. Pin comprobado en Google Maps («EMAE — Direção das Águas»).",,https://theawakeman.github.io/africa2027/paises/santo-tome/#agua-combustible,"https://www.google.com/maps?q=0.33413,6.73184",Agua de servicio,0.33413,6.73184
Aeropuerto Internacional Príncipe Said Ibrahim (HAH),"Frontera — Único punto de entrada internacional realista. Hahaya, 15 km al norte de Moroni. Pista de asfalto de 2.900 m. Visado a la llegada: 30 € o 15.000 KMF en efectivo, 45 días, una entrada. Ethiopian, Kenya Airways, Air Tanzania, Precision Air, Air Austral, Ewa Air y Turkish (estacional). Pin comprobado en Google Maps («Aeropuerto Internacional Príncipe Said Ibrahim»).",,https://theawakeman.github.io/africa2027/paises/comoras/#logistica,"https://www.google.com/maps?q=-11.53525,43.27164",Frontera,-11.53525,43.27164
Puerto de Moroni,"Frontera — Puerto de la capital, muelle de unos 80 m. Cabecera del RoPax YAMEELA hacia Mutsamudu desde septiembre de 2025 (45 vehículos), pero SOLO interinsular. No recibe buques del continente con vehículos. Pin comprobado en Google Maps («Puerto de Moroni (sin objeto en Google Maps; coordenada de la fuente)»).",,https://theawakeman.github.io/africa2027/paises/comoras/#logistica,"https://www.google.com/maps?q=-11.6989,43.2561",Frontera,-11.6989,43.2561
Puerto de Mutsamudu (Anjouan),"Frontera — Único puerto de aguas profundas del país, construido en 1982. Tres cuartas partes de su tráfico es transbordo de contenedores hacia las otras islas. Única vía teórica para introducir un vehículo en contenedor. Terminal del RoPax YAMEELA. Pin comprobado en Google Maps («Mutsamudu Port»).",,https://theawakeman.github.io/africa2027/paises/comoras/#logistica,"https://www.google.com/maps?q=-12.16695,44.39309",Frontera,-12.16695,44.39309
Embajada de España en Pretoria (competente para Comoras),"Consular — España NO tiene embajada residente en Moroni. La Embajada en Pretoria tiene acreditadas Comoras, Lesoto, Madagascar y Mauricio. Lord Charles Complex, 337 Brooklyn Road, Brooklyn, Pretoria 0181. Tel. +27 12 460 01 23. Emergencia consular: +27 761 146 152. Pin comprobado en Google Maps («Embajada de España en Pretoria»).",,https://theawakeman.github.io/africa2027/paises/comoras/#logistica,"https://www.google.com/maps?q=-25.77025,28.25078",Consulado,-25.77025,28.25078
Viceconsulado de España en Moroni,"Consular — El MAEC publica un teléfono de viceconsulado en Moroni: +269 3688964. Dirección, horario y actividad real POR CONFIRMAR. Pin comprobado en Google Maps («Moroni»).",,https://theawakeman.github.io/africa2027/paises/comoras/#logistica,"https://www.google.com/maps?q=-11.70612,43.2517",Consulado,-11.70612,43.2517
"Centre Hospitalier National El-Maarouf, Moroni","Hospital — Hospital nacional de referencia, abierto en 1954 y en obras de modernización desde 2017 (proyecto de unos 55 millones de euros). Sin estándares occidentales; huelga indefinida de contratados desde el 9-3-2026 con servicios mínimos. Cualquier urgencia seria exige evacuación a Reunión, Nairobi o Sudáfrica. Pin comprobado en Google Maps («Hôpital El-Maarouf»).",,https://theawakeman.github.io/africa2027/paises/comoras/#logistica,"https://www.google.com/maps?q=-11.69514,43.25427",Hospital,-11.69514,43.25427
Estaciones de servicio del eje Moroni-Hahaya,"Combustible — Red concentrada en Moroni y el eje hacia Hahaya y Chindini. Tarifas de la subida de mayo de 2026, hoy suspendida: gasolina 1.000 KMF/l y gasóleo 950 KMF/l, desde 750 y 650 KMF/l. Racionamiento de 3.000 l diarios por estación en junio de 2026. Pin comprobado en Google Maps («Estaciones de servicio del eje Moroni-Hahaya (sin objeto en Google Maps; coordenada de la fuente)»).",,https://theawakeman.github.io/africa2027/paises/comoras/#logistica,"https://www.google.com/maps?q=-11.6986,43.2567",Combustible,-11.6986,43.2567
Suministro de agua en Moroni,"Agua potable — El agua de red NO es potable y el bombeo depende de la electricidad, cortada por la escasez de gasóleo en 2026: hacen falta doce horas seguidas de corriente para llenar los depósitos. Comprar embotellada. Cólera activo desde febrero de 2024. Pin comprobado en Google Maps («Moroni»).",,https://theawakeman.github.io/africa2027/paises/comoras/#agua-combustible,"https://www.google.com/maps?q=-11.70612,43.2517",Agua de servicio,-11.70612,43.2517
Aeropuerto Internacional de Seychelles (SEZ),"Frontera — Único punto de entrada aéreo internacional, en Mahé, a 11 km al sureste de Victoria. Código IATA SEZ, ICAO FSIA, pista única de 2.997 m. Operan Emirates, Qatar, Etihad, Turkish, Ethiopian, Kenya Airways, Air France y Condor. Aquí se presenta la Seychelles Travel Authorisation y se expide el Visitor's Permit gratuito de 3 meses. Pin comprobado en Google Maps («Aeropuerto Internacional de Seychelles»).",,https://theawakeman.github.io/africa2027/paises/seychelles/#logistica,"https://www.google.com/maps?q=-4.67095,55.51148",Frontera,-4.67095,55.51148
Port Victoria (puerto de entrada marítimo e Inter Island Quay),"Frontera — Único puerto de entrada y salida del país para embarcaciones. Contacto con Port Control por VHF canal 12 dos horas antes de llegar, pabellón Q y despacho a bordo en el fondeadero de cuarentena. Aduana y puerto de 08:00 a 12:00 y de 13:00 a 15:00 de lunes a viernes. Desde el Inter Island Quay salen los catamaranes Cat Cocos a Praslin y La Digue, solo pasajeros. Pin comprobado en Google Maps («Victoria (Port Victoria)»).",,https://theawakeman.github.io/africa2027/paises/seychelles/#logistica,"https://www.google.com/maps?q=-4.62316,55.45502",Frontera,-4.62316,55.45502
Embajada de España en Adís Abeba (competente para Seychelles),"Consular — España no tiene embajada residente en Victoria: la competencia es de la Embajada en Adís Abeba, que cubre Etiopía, Seychelles y Yibuti. Dirección: Haile Melekot Street, Gullele Subcity, Woreda 01, House n.º 036, P.O. Box 2312, Adís Abeba. Centralita +251 929 136 159, consular +251 929 136 161, correo emb.addisabeba@maec.es y emb.addisabeba.consu@maec.es. EMERGENCIA CONSULAR 24 h: +251 911 219 403. Pin comprobado en Google Maps («Embajada de España en Adís Abeba (competente para Seychelles) (sin objeto en Google Maps; coordenada de la fuente)»).",,https://theawakeman.github.io/africa2027/paises/seychelles/#logistica,"https://www.google.com/maps?q=9.03,38.74",Consulado,9.03,38.74
Consulado Honorario de España en Victoria,"Consular — Consulado honorario en Victoria (Mahé), a cargo de Selwyn Edmond según la Ficha País del MAEC. Teléfono +248 4 303300. Es el primer contacto sobre el terreno, pero la asistencia consular plena depende de la Embajada en Adís Abeba. POR CONFIRMAR la dirección postal exacta. Pin comprobado en Google Maps («Consulado Honorario de España en Victoria (sin objeto en Google Maps; coordenada de la fuente)»).",,https://theawakeman.github.io/africa2027/paises/seychelles/#logistica,"https://www.google.com/maps?q=-4.6191,55.4513",Consulado,-4.6191,55.4513
"Seychelles Hospital (Mont Fleuri, Victoria)","Hospital — Hospital público de referencia nacional, en el distrito de Mont Fleuri de Victoria, con 211 camas. Es el centro al que se deriva cualquier urgencia grave del país. Teléfono +248 438 8000 según el MAEC. Recordatorio: sin seguro de viaje acreditado la asistencia puede ser denegada. Pin comprobado en Google Maps («Seychelles Hospital Mont Fleuri»).",,https://theawakeman.github.io/africa2027/paises/seychelles/#logistica,"https://www.google.com/maps?q=-4.63126,55.45576",Hospital,-4.63126,55.45576
Baie Ste Anne Hospital (Praslin),"Hospital — Hospital de referencia de Praslin, la segunda isla del país, incluido en el listado oficial del Ministerio de Salud. Atiende también a La Digue. Centralita del sistema sanitario: +248 4388000. Los casos graves se evacúan al Seychelles Hospital de Victoria. Pin comprobado en Google Maps («Baie Ste Anne Hospital (Praslin) (sin objeto en Google Maps; coordenada de la fuente)»).",,https://theawakeman.github.io/africa2027/paises/seychelles/#logistica,"https://www.google.com/maps?q=-4.3167,55.7417",Hospital,-4.3167,55.7417
Estaciones de servicio de Victoria (Mahé),"Combustible — La red de estaciones se concentra en Victoria y en los ejes principales de Mahé, con oferta menor en Praslin y prácticamente inexistente en La Digue. Gasolina 95 a 20,50 SCR por litro (1,26 €) según GlobalPetrolPrices, 9 de febrero de 2026. Todo el combustible es importado y se descarga en Port Victoria. Pin comprobado en Google Maps («Estaciones de servicio de Victoria (Mahé) (sin objeto en Google Maps; coordenada de la fuente)»).",,https://theawakeman.github.io/africa2027/paises/seychelles/#logistica,"https://www.google.com/maps?q=-4.6167,55.45",Combustible,-4.6167,55.45
Red de agua potable de Mahé (Public Utilities Corporation),"Agua potable — El suministro de Mahé y Praslin lo gestiona la Public Utilities Corporation y el agua de red es apta para uso general; para beber, lo habitual es agua embotellada fuera de Mahé. Hay estrés hídrico estacional durante el monzón del sureste, de mayo a septiembre. POR CONFIRMAR si existe racionamiento vigente en 2026. Pin comprobado en Google Maps («Public Utilities Corporation»).",,https://theawakeman.github.io/africa2027/paises/seychelles/#agua-combustible,"https://www.google.com/maps?q=-4.62166,55.45075",Agua de servicio,-4.62166,55.45075
Animal Biosecurity Section (permisos de importación de animales),"Consular — Border Control and Support Division del Ministry of Fisheries, Agriculture and Blue Economy: Maison Collet, 2.ª planta, Palm Street, Victoria (Mahé), P.O. Box 408. Teléfono +248 4672300, correo info@mofbe.gov.sc. Es donde se tramita el permiso previo de importación de un perro y donde se resuelven las condiciones veterinarias. Pin comprobado en Google Maps («Ministry of Fisheries and Agriculture (Victoria)»).",,https://theawakeman.github.io/africa2027/paises/seychelles/#logistica,"https://www.google.com/maps?q=-4.62082,55.45443",Consulado,-4.62082,55.45443
Anse Royale Hospital (sur de Mahé),"Hospital — Segundo hospital de Mahé, en la costa sureste, incluido en el listado oficial del Ministerio de Salud de Seychelles. Útil como referencia si la urgencia se produce lejos de Victoria, a unos 25 km por carretera de montaña. Centralita sanitaria +248 4388000. Pin comprobado en Google Maps («Anse Royale Hospital»).",,https://theawakeman.github.io/africa2027/paises/seychelles/#logistica,"https://www.google.com/maps?q=-4.74007,55.51693",Hospital,-4.74007,55.51693
Aeropuerto Internacional Sir Seewoosagur Ramgoolam (MRU),"Frontera — Plaine Magnien, a 48 km al sureste de Port Louis. Única puerta de entrada realista. Exención de visado de 90 días para españoles y «All in One travel form» previo obligatorio. Es también el punto de llegada del perro, que debe venir como carga manifestada. Pin comprobado en Google Maps («Aeropuerto Internacional Sir Seewoosagur Ramgoolam»).",,https://theawakeman.github.io/africa2027/paises/mauricio/#logistica,"https://www.google.com/maps?q=-20.43346,57.67873",Frontera,-20.43346,57.67873
Puerto de Port Louis (único puerto de entrada del país),"Frontera — Único Port of Entry oficial de Mauricio (Noonsite). Punto de despacho si algún día se enviaran los vehículos en contenedor o ro-ro, y terminal del ferry a Rodrigues. Pin comprobado en Google Maps («Puerto de Port Louis (único puerto de entrada del país) (sin objeto en Google Maps; coordenada de la fuente)»).",,https://theawakeman.github.io/africa2027/paises/mauricio/#logistica,"https://www.google.com/maps?q=-20.16444,57.50417",Frontera,-20.16444,57.50417
Consulado Honorario de España en Port Louis,"Consular — Cónsul honorario D. Patrice Robert. Ground Floor, IBL House, Le Caudan Waterfront, Port Louis. Lunes a viernes de 9:00 a 12:00. Teléfonos +230 208 7289 y +230 208 2879; EMERGENCIAS fuera de horario +230 5729 3313; ch.portlouis@maec.es, con copia a consulates@iblgroup.com. Depende del Consulado General de España en Ciudad del Cabo. Pin comprobado en Google Maps («IBL House (Caudan)»).",,https://theawakeman.github.io/africa2027/paises/mauricio/#logistica,"https://www.google.com/maps?q=-20.16105,57.49893",Consulado,-20.16105,57.49893
"C-Care Wellkin Hospital, Moka","Hospital — Royal Road, Moka. Hospital privado de referencia, abierto 24/7. Centralita +230 605 1000, urgencias 132. Es el centro privado más completo de la isla y está en la meseta central, a media hora de casi cualquier punto. Pin comprobado en Google Maps («C-Care Wellkin»).",,https://theawakeman.github.io/africa2027/paises/mauricio/#logistica,"https://www.google.com/maps?q=-20.23304,57.504",Hospital,-20.23304,57.504
"C-Care Darné, Floréal","Hospital — Georges Guibert Street, Floréal (barrio de Curepipe). Clínica privada histórica del grupo C-Care. Centralita +230 601 2300, urgencias 118. Verificar la ubicación exacta en Floréal. Pin comprobado en Google Maps («C-Care Darné»).",,https://theawakeman.github.io/africa2027/paises/mauricio/#logistica,"https://www.google.com/maps?q=-20.31287,57.51691",Hospital,-20.31287,57.51691
"Quarantine Facility, Réduit (estación oficial de cuarentena animal)","Hospital — Instalación de la Livestock and Veterinary Division donde el perro cumple la cuarentena obligatoria de un mínimo de 5 días a Rs 15 por día. Visitas de lunes a sábado 9:00-11:00 y 13:00-14:30; domingos y festivos 9:00-12:00. COORDENADAS POR CONFIRMAR: Réduit está junto a Moka, y aquí se usan las de Moka como referencia provisional. Pin comprobado en Google Maps («Réduit»).",,https://theawakeman.github.io/africa2027/paises/mauricio/#logistica,"https://www.google.com/maps?q=-20.23137,57.4896",Hospital,-20.23137,57.4896
"Estaciones de servicio de la autopista M1, Port Louis","Combustible — Red densa y moderna con pago con tarjeta y calidad europea. Precios oficiales desde el 15 de agosto de 2026: gasolina Rs 70,65/l y diésel Rs 71,25/l (State Trading Corporation). No hay racionamiento. Pin comprobado en Google Maps («Estaciones de servicio de la autopista M1, Port Louis (sin objeto en Google Maps; coordenada de la fuente)»).",,https://theawakeman.github.io/africa2027/paises/mauricio/#logistica,"https://www.google.com/maps?q=-20.16444,57.50417",Combustible,-20.16444,57.50417
"Red de agua de la Central Water Authority, Port Louis","Agua potable — Agua de red tratada y analizada en unos 160 puntos de muestreo con laboratorio ISO/IEC 17025. Vale para llenar depósitos de ducha y lavado en toda la isla; para beber, botella o filtro. Atención al cliente +230 601 5000 y línea directa 170. Pin comprobado en Google Maps («Central Water Authority»).",,https://theawakeman.github.io/africa2027/paises/mauricio/#agua-combustible,"https://www.google.com/maps?q=-20.28917,57.51078",Agua de servicio,-20.28917,57.51078
Aeropuerto Internacional de Buyumbura - Melchior Ndadaye (BJM),Frontera — Único aeropuerto internacional y única pista asfaltada del país; 787 m de altitud. En obras de ampliación desde agosto de 2024. Visado a la llegada según el MAEC y punto de entrada documentado para mascotas. Pin comprobado en Google Maps («Aeropuerto Internacional Melchior Ndadaye»).,,https://theawakeman.github.io/africa2027/paises/burundi/#logistica,"https://www.google.com/maps?q=-3.31851,29.321",Frontera,-3.31851,29.321
Paso fronterizo Kobero - Kabanga (Tanzania),Frontera — Principal paso operativo del país y eje de carga hacia Dar es Salaam por la RN6. Abierto con normalidad según el FCDO (21-5-2026). Pin comprobado en Google Maps («Kobero Border Crossing»).,,https://theawakeman.github.io/africa2027/paises/burundi/#logistica,"https://www.google.com/maps?q=-2.66449,30.41035",Frontera,-2.66449,30.41035
Paso fronterizo Gatumba - Kavimvira (RD Congo),"Frontera — Salida hacia Uvira, a unos 15 km al oeste de Buyumbura. Reabierto el 23 de febrero de 2026 tras dos meses cerrado por la ofensiva del M23. Zona desaconsejada por el MAEC y sujeta a cierres sin aviso. Pin comprobado en Google Maps («Gatumba»).",,https://theawakeman.github.io/africa2027/paises/burundi/#logistica,"https://www.google.com/maps?q=-3.33404,29.24786",Frontera,-3.33404,29.24786
Puerto de Buyumbura (lago Tanganica),"Frontera — Mayor puerto del lago Tanganica, por donde pasa el 80% del comercio exterior. Enlaces con Kigoma (Tanzania), Kalemie (RD Congo) y Mpulungu (Zambia). Modernización al 98% en mayo de 2024. Transbordo de vehículos particulares, por confirmar. Pin comprobado en Google Maps («Puerto de Buyumbura (lago Tanganica) (sin objeto en Google Maps; coordenada de la fuente)»).",,https://theawakeman.github.io/africa2027/paises/burundi/#logistica,"https://www.google.com/maps?q=-3.37706,29.3458",Frontera,-3.37706,29.3458
Embajada de España en Dar es Salaam (acreditada en Burundi),"Consular — 99 B Kinondoni Road, P.O. Box 842, Dar es Salaam (Tanzania). Tel. +255 22 266 6018 / 6019 / 266 6936. Emergencia consular +255 754 042 123. emb.daressalaam@maec.es. Acreditada ante Burundi y Ruanda. COORDENADAS APROXIMADAS del barrio de Kinondoni: verificar. Pin comprobado en Google Maps («Embajada de España en Dar es Salaam»).",,https://theawakeman.github.io/africa2027/paises/burundi/#logistica,"https://www.google.com/maps?q=-6.79053,39.27834",Consulado,-6.79053,39.27834
Consulado Honorario de España en Buyumbura,"Consular — Cónsul honoraria: Almudena Moreno del Pozo. Tel. +257 76 71 58 25 y +257 79 51 80 50 (MAEC, 6-5-2026). Dirección exacta no publicada en la ficha del MAEC: por confirmar. Pin comprobado en Google Maps («Buyumbura»).",,https://theawakeman.github.io/africa2027/paises/burundi/#logistica,"https://www.google.com/maps?q=-3.36138,29.35988",Consulado,-3.36138,29.35988
"Kira Hospital (Kinindo, Buyumbura)","Hospital — Hospital privado abierto en 2015, 130 camas y 14 servicios (cardiología, imagen, oncología, neurocirugía, traumatología). Es la mejor referencia del país, aunque su gestión se deterioro tras la intervención estatal de 2022. Al oeste del Boulevard de la Liberté, al sur del río Muha. Pin comprobado en Google Maps («Kira Hospital»).",,https://theawakeman.github.io/africa2027/paises/burundi/#logistica,"https://www.google.com/maps?q=-3.39964,29.35922",Hospital,-3.39964,29.35922
Clinique Prince Louis Rwagasore (centro de Buyumbura),"Hospital — Hospital público en pleno centro, al sur del antiguo mercado central, entre la Avenue Croix Rouge, el Boulevard Patrice Lumumba y la Avenue Pierre Ngendandumwe. Infrafinanciado: en 2022 se le reprochaba equipamiento envejecido y suministro de agua irregular. Urgencias de proximidad, no de referencia. Pin comprobado en Google Maps («Clinique Prince Louis Rwagasore (centro de Buyumbura) (sin objeto en Google Maps; coordenada de la fuente)»).",,https://theawakeman.github.io/africa2027/paises/burundi/#logistica,"https://www.google.com/maps?q=-3.38778,29.36778",Hospital,-3.38778,29.36778
Último repostaje fiable antes de entrar: Ngara (Tanzania),"Combustible — Los últimos overlanders documentados (marzo de 2025) repostaron en Ngara Oil, lado tanzano, a 3.069 TZS por litro, justo antes de Kabanga, porque en Burundi había escasez de diesel. Entrar con jerricanes llenos. Pin comprobado en Google Maps («Ngara (Tanzania)»).",,https://theawakeman.github.io/africa2027/paises/burundi/#logistica,"https://www.google.com/maps?q=-2.49563,30.64587",Combustible,-2.49563,30.64587
Buyumbura: única zona con red de gasolineras y cajeros,"Combustible — Buyumbura y Gitega son las únicas ciudades con cajeros automáticos (Canadá, 9-9-2026) y con red de estaciones de servicio. En abril de 2026 esa red estaba seca: surtidores sin producto y mercado negro entre 18.000 y 40.000 BIF/litro frente a 4.000 oficiales. Pin comprobado en Google Maps («Buyumbura: única zona con red de gasolineras y cajeros (sin objeto en Google Maps; coordenada de la fuente)»).",,https://theawakeman.github.io/africa2027/paises/burundi/#logistica,"https://www.google.com/maps?q=-3.3822,29.3644",Combustible,-3.3822,29.3644
"Agua: red urbana de Buyumbura (uso general, no potable)","Agua potable — La red urbana de Buyumbura sirve para llenar depósitos de ducha y lavado, nunca para beber sin filtrar y potabilizar. El suministro es intermitente incluso en el centro. Fuera de Buyumbura y Gitega no contar con red fiable. Puntos concretos verificados, por confirmar. Pin comprobado en Google Maps («REGIDESO Headquarters»).",,https://theawakeman.github.io/africa2027/paises/burundi/#agua-combustible,"https://www.google.com/maps?q=-3.38699,29.36153",Agua de servicio,-3.38699,29.36153
