Nombre,Descripcion,Foto,Ficha,Google Maps,Categoria,Latitude,Longitude
Túnez · medina (UNESCO) y mezquita Zitouna,"Alta · Patrimonio UNESCO — Casco histórico fundado en 698 en torno a la mezquita Zitouna, con unos 700 MONUMENTOS (palacios, madrasas, mausoleos, fuentes) en 270 hectáreas; Patrimonio de la Humanidad desde 1979. Bajo almohades y hafsíes (siglos XII–XVI) Túnez fue una de las ciudades más ricas del mundo islámico, y la medina conserva esa trama intacta entre Bab el Bhar y la Kasbah. La entrada con dos 4x4 es inviable: hay que aparcar fuera (zona de la avenida Bourguiba o parkings de la Kasbah) y entrar a pie. — Perro: no recomendado",https://commons.wikimedia.org/wiki/Special:FilePath/Minaret_of_Mosque_Zitouna.jpg?width=1200,https://theawakeman.github.io/africa2027/paises/tunez/#poi-1,"https://www.google.com/maps?q=36.79702,10.17137",PDI · Ámbar,36.79702,10.17137
Museo Nacional del Bardo · mosaicos romanos,"Alta · Cultura — Instalado en un palacio hafsí del siglo XV en las afueras de Túnez y abierto el 7 de mayo de 1888, reúne UNA DE LAS MAYORES COLECCIONES DE MOSAICOS ROMANOS DEL MUNDO, procedentes de Cartago, Dougga, El Jem o Sousse, más piezas púnicas y el tesoro del pecio de Mahdia. El 18 de marzo de 2015 sufrió un atentado con 24 muertos; hoy la seguridad en la entrada es estricta. Cierra los lunes; horario aproximado 9:00–17:00 (invierno 9:30–16:30). — Perro: prohibido","https://commons.wikimedia.org/wiki/Special:FilePath/BAR_-_Main_interior_gallery_of_the_Bardo_National_Museum,_Tunis,_2018.jpg?width=1200",https://theawakeman.github.io/africa2027/paises/tunez/#poi-2,"https://www.google.com/maps?q=36.80935,10.13421",PDI · Morado,36.80935,10.13421
Cartago · Byrsa y termas de Antonino (UNESCO),"Alta · Patrimonio UNESCO — Yacimiento disperso por el barrio residencial de Cartago, Patrimonio de la Humanidad desde 1979: restos fenicio-púnicos, romanos, paleocristianos y árabes. Las termas de Antonino (145–162 d. C.) fueron las MAYORES TERMAS ROMANAS DE ÁFRICA, más de 200 × 100 m y 35 000 m², y la colina de Byrsa (unos 50 m sobre el mar) fue la ciudadela púnica que cayó ante Roma en 146 a. C. Los puertos púnicos, el tofet y el teatro completan el circuito; se hace en coche entre recintos. — Perro: no recomendado",https://commons.wikimedia.org/wiki/Special:FilePath/01996_Ruins_of_Antonine_Baths_at_Carthage.jpg?width=1200,https://theawakeman.github.io/africa2027/paises/tunez/#poi-3,"https://www.google.com/maps?q=36.85423,10.33497",PDI · Ámbar,36.85423,10.33497
Sidi Bou Said · pueblo azul y blanco (UNESCO 2026),"Alta · Patrimonio UNESCO — Pueblo encaramado a un promontorio sobre el golfo de Túnez, nacido en torno a la tumba del sufí Abu Said al-Baji (muerto en 1231). El azul y blanco lo impuso el barón Rodolphe d'Erlanger en los años 1920 y el conjunto fue INSCRITO EN LA LISTA DEL PATRIMONIO MUNDIAL EN 2026. Café des Nattes, palacio Ennejma Ezzahra y mirador sobre el puerto deportivo. Aparcar arriba en el parking de pago y subir a pie: la calle principal es peatonal y muy concurrida los fines de semana. — Perro: permitido con condiciones","https://commons.wikimedia.org/wiki/Special:FilePath/Sidi_Bou_Said,_Tunisia,_19_March_2018_DSC_8004.jpg?width=1200",https://theawakeman.github.io/africa2027/paises/tunez/#poi-4,"https://www.google.com/maps?q=36.87385,10.33912",PDI · Ámbar,36.87385,10.33912
Bizerta y cabo Angela · punto más septentrional de África,"Alta · Costa — Bizerta, 65 km al norte de Túnez, conserva un puerto viejo de casas blancas y barcas de colores, una kasbah del siglo XVII y el fuerte español de 1573; los franceses no la abandonaron hasta el 15 de octubre de 1963. A 15 km al oeste, el cabo Angela (Ras Ben Sakka) es desde 2014 el PUNTO MÁS SEPTENTRIONAL DEL CONTINENTE AFRICANO, señalado por un monumento con el mapa de África. Los últimos centenares de metros son pista arenosa: 4x4 o 20 minutos a pie. — Perro: permitido con condiciones",https://commons.wikimedia.org/wiki/Special:FilePath/Cap_Angela_Bizerte.jpg?width=1200,https://theawakeman.github.io/africa2027/paises/tunez/#poi-5,"https://www.google.com/maps?q=37.34694,9.74226",PDI · Turquesa,37.34694,9.74226
Parque nacional de Ichkeul · lago y aves (UNESCO),"Media · Naturaleza — Último gran lago de agua dulce de una cadena que recorría el norte de África, Patrimonio de la Humanidad natural desde 1980 (12 600 ha) y reserva de la biosfera desde 1977. En invierno acoge MÁS DE 300 000 PATOS, GANSOS Y FOCHAS, y en los años 1996–2006 estuvo en la lista del patrimonio en peligro por las presas. El monte Ichkeul (510 m) se sube en hora y media desde el ecomuseo de la entrada. Los lodazales del borde no admiten vehículos. — Perro: por confirmar",https://commons.wikimedia.org/wiki/Special:FilePath/Ichkeul_Lake_03.jpg?width=1200,https://theawakeman.github.io/africa2027/paises/tunez/#poi-6,"https://www.google.com/maps?q=37.13831,9.69261",PDI · Verde,37.13831,9.69261
Bulla Regia · villas subterráneas romanas,"Alta · Cultura — Ciudad númida y romana al pie del Jebel Rebia, cerca de Jendouba: sede real de Masinisa en 156 a. C. y ciudad libre por Julio César en 46 a. C. Es única por sus VILLAS CON PLANTA SUBTERRÁNEA, excavadas para huir del calor en torno a un atrio de dos alturas, con mosaicos in situ (Casa de Anfitrite, de la Caza, del Pescador) de los mejor conservados del norte de África. Llevar linterna y evitar el mediodía de verano: abajo está fresco, arriba no. — Perro: no recomendado",https://commons.wikimedia.org/wiki/Special:FilePath/Bulla_regia_archaeological_site.jpg?width=1200,https://theawakeman.github.io/africa2027/paises/tunez/#poi-7,"https://www.google.com/maps?q=36.55697,8.75412",PDI · Morado,36.55697,8.75412
Dougga · ciudad romana (UNESCO),"Alta · Patrimonio UNESCO — Capital de un reino libio-púnico antes de Roma y hoy LA CIUDAD ROMANA PEQUEÑA MEJOR CONSERVADA DEL NORTE DE ÁFRICA, Patrimonio de la Humanidad desde 1997: 75 hectáreas en lo alto de un cerro con el Capitolio (166–167 d. C.), un teatro para 3 500 espectadores, el mausoleo libio-púnico del siglo II a. C., termas, letrinas y calles enteras. Se pasea sin barreras entre trigales, así que hay que reservar tres horas y calzado con suela. Cafetería y aseos en la entrada. — Perro: no recomendado",https://commons.wikimedia.org/wiki/Special:FilePath/Dougga_Capitol.jpg?width=1200,https://theawakeman.github.io/africa2027/paises/tunez/#poi-8,"https://www.google.com/maps?q=36.42457,9.22114",PDI · Ámbar,36.42457,9.22114
Kerkuane · ciudad púnica (UNESCO) y cabo Bon,"Media · Patrimonio UNESCO — Ciudad fenicio-púnica en la punta del cabo Bon, abandonada hacia 250 a. C. durante la primera guerra púnica y nunca reconstruida por Roma: es EL ÚNICO EJEMPLO CONSERVADO DE URBANISMO PÚNICO, con calles, casas de planta normalizada, bañeras y mosaicos de mortero rosado; Patrimonio de la Humanidad desde 1985 (necrópolis en 1986). A 12 km, Kelibia tiene un fuerte bizantino sobre el puerto; más al norte, las canteras púnicas de El Haouaria. Buen final de viaje por la costa antes de volver a Túnez. — Perro: no recomendado","https://commons.wikimedia.org/wiki/Special:FilePath/Kerkouane,_Tunesien_Januar_2015_03.JPG?width=1200",https://theawakeman.github.io/africa2027/paises/tunez/#poi-9,"https://www.google.com/maps?q=36.94623,11.09946",PDI · Ámbar,36.94623,11.09946
Kairuán · Gran Mezquita y aljibes aglabíes (UNESCO),"Alta · Patrimonio UNESCO — Ciudad fundada por Uqba ibn Nafi en 670 y considerada la CUARTA CIUDAD SANTA DEL ISLAM; Patrimonio de la Humanidad desde 1988. La Gran Mezquita, reconstruida en 836 por los aglabíes, ocupa más de 9 000 m² con más de 500 columnas reutilizadas y un alminar de 31,5 m; los no musulmanes ven el patio y las galerías, no la sala de oración. Fuera de las murallas, los aljibes aglabíes (860–862): el mayor tiene 128 m de diámetro y 57 000 m³. Horario matinal: la mezquita cierra a las 14:00 y los viernes a las 12:00. — Perro: prohibido","https://commons.wikimedia.org/wiki/Special:FilePath/The_Minaret_of_the_Great_Mosque_Okba_of_Kairouan,_Tunisia.jpg?width=1200",https://theawakeman.github.io/africa2027/paises/tunez/#poi-10,"https://www.google.com/maps?q=35.68108,10.10423",PDI · Ámbar,35.68108,10.10423
El Jem · anfiteatro romano (UNESCO),"Alta · Patrimonio UNESCO — Levantado hacia 238 d. C. en la antigua Thysdrus, es EL MAYOR ANFITEATRO DEL NORTE DE ÁFRICA: 148 × 122 m, 36 m de alto y unos 35 000 espectadores, construido en sillería sin cimientos y con los sótanos y el podio intactos; Patrimonio de la Humanidad desde 1979. Se citan como mayores solo el Coliseo y Capua. Surge de golpe entre las casas bajas del pueblo, en plena llanura de olivos. El museo, a 1 km, guarda mosaicos y tres villas; en verano acoge el festival de música sinfónica. — Perro: no recomendado",https://commons.wikimedia.org/wiki/Special:FilePath/Amphith%C3%A9%C3%A2tre_d%E2%80%99El_Jem_vue_aerienne_(2023)_1.jpg?width=1200,https://theawakeman.github.io/africa2027/paises/tunez/#poi-11,"https://www.google.com/maps?q=35.29642,10.70697",PDI · Ámbar,35.29642,10.70697
Susa · medina y ribat (UNESCO) y Monastir,"Media · Patrimonio UNESCO — Puerto militar y comercial de los aglabíes (800–909), Patrimonio de la Humanidad desde 1988 por su medina amurallada con kasbah, Gran Mezquita y ribat. El ribat, del siglo VIII y reformado en 821, es EL MÁS ANTIGUO Y MEJOR CONSERVADO DE TÚNEZ: un cuadrado de 38 m con torre-faro de 35 m y la sala de oración más antigua del norte de África; guarda además la inscripción islámica monumental más antigua del país. A 20 km, Monastir repite el modelo con su ribat (escenario de La vida de Brian) y el mausoleo de Bourguiba. Susa es ciudad de playa masificada: interesa solo por la medina. — Perro: no recomendado",https://commons.wikimedia.org/wiki/Special:FilePath/Medina_of_Sousse-130323.jpg?width=1200,https://theawakeman.github.io/africa2027/paises/tunez/#poi-12,"https://www.google.com/maps?q=35.82767,10.63879",PDI · Ámbar,35.82767,10.63879
Sbeitla · Sufetula y sus tres templos,"Media · Cultura — Sufetula conserva LOS TEMPLOS DE FORO MEJOR CONSERVADOS DE TÚNEZ: tres santuarios gemelos a Júpiter, Juno y Minerva tras el arco de Antonino Pío, más seis iglesias bizantinas con baptisterios, termas, teatro y anfiteatro. En 647 los campos ante la ciudad vieron la derrota del patricio Gregorio ante los árabes, inicio de la conquista musulmana del norte de África. Aviso: está en la gobernación de Kasserine, para la que el Foreign Office británico desaconseja todo viaje no esencial; comprobar avisos antes de desviarse. — Perro: no recomendado",https://commons.wikimedia.org/wiki/Special:FilePath/Sbeitla_Temples_of_the_Gods.jpg?width=1200,https://theawakeman.github.io/africa2027/paises/tunez/#poi-13,"https://www.google.com/maps?q=35.24159,9.1181",PDI · Morado,35.24159,9.1181
"Djerba · Ghriba, Houmt Souk y Guellala (UNESCO 2023)","Alta · Patrimonio UNESCO — Isla de 514 km² unida al continente por una calzada de origen romano (El Kantara) y por el ferry de Ajim; Patrimonio de la Humanidad desde 2023 por su POBLAMIENTO DISPERSO EN MENZELS Y MEZQUITAS-REFUGIO del siglo IX (7 componentes). La sinagoga de la Ghriba, en Erriadh, pasa por la más antigua de África (edificio del siglo XIX sobre una tradición del 586 a. C.) y reúne la peregrinación de Lag BaOmer; sufrió atentados en 2002 y 2023, de ahí los controles. Houmt Souk tiene fondouks y el fuerte Borj Ghazi Mustapha (1432); Guellala, alfarería y museo. — Perro: permitido con condiciones","https://commons.wikimedia.org/wiki/Special:FilePath/El_Ghriba_Synagogue,_Djerba.jpg?width=1200",https://theawakeman.github.io/africa2027/paises/tunez/#poi-14,"https://www.google.com/maps?q=33.81401,10.85928",PDI · Ámbar,33.81401,10.85928
Ksour de Tataouine · Ksar Ouled Soltane y Chenini,"Alta · Cultura — Tataouine, que dio nombre al planeta Tatooine, es la base de los graneros fortificados bereberes del Dahar. Ksar Ouled Soltane, 20 km al sur, apila sus ghorfas en cuatro pisos en torno a dos patios y sirvió de BARRIO DE ESCLAVOS DE MOS ESPA en La amenaza fantasma. Chenini, a media hora al oeste, es un pueblo troglodita del siglo XII colgado de una cresta, con la mezquita blanca de los Siete Durmientes y unos 500 habitantes. Todo asfaltado; Douiret y Guermessa completan el circuito. — Perro: permitido con condiciones",https://commons.wikimedia.org/wiki/Special:FilePath/Ksar_Ouled_Soltane_Vue_3.jpg?width=1200,https://theawakeman.github.io/africa2027/paises/tunez/#poi-15,"https://www.google.com/maps?q=32.78841,10.51476",PDI · Morado,32.78841,10.51476
Matmata · casas trogloditas,"Media · Cultura — Pueblo bereber a 600 m de altitud, 40 km al suroeste de Gabès, donde las casas se excavan en torno a un gran pozo con las habitaciones abiertas en las paredes. El hotel Sidi Driss fue en 1976 LA CASA DE LA FAMILIA LARS en Star Wars: Una nueva esperanza y sigue sirviendo comidas en el patio del decorado. Es parada obligada de excursiones y de vendedores insistentes; la carretera Matmata–Tamezret–Douz y la pista por Toujane son mejores que el pueblo en sí. — Perro: permitido con condiciones","https://commons.wikimedia.org/wiki/Special:FilePath/H%C3%B4tel,_Sidi_Driss,_Star_Wars,_mars_2022,_DSC_2269.jpg?width=1200",https://theawakeman.github.io/africa2027/paises/tunez/#poi-16,"https://www.google.com/maps?q=33.54275,9.96734",PDI · Morado,33.54275,9.96734
Douz y el Gran Erg Oriental · puerta del Sáhara,"Alta · Naturaleza — Oasis de más de 500 000 palmeras conocido como la PUERTA DEL SÁHARA: al sur del arco de entrada empiezan las dunas del Gran Erg Oriental. Base de las pistas hacia Ksar Ghilane, Tembaïne y el parque nacional de Jebil (150 000 ha, el mayor del país, a 80 km), y sede del Festival Internacional del Sáhara en noviembre-diciembre. El Desert Club es el camping de referencia de los overlanders, con lavadora y punto de encuentro para formar convoyes. De febrero a abril el viento borra las huellas en horas. — Perro: permitido con condiciones",https://commons.wikimedia.org/wiki/Special:FilePath/Grand_Erg_Oriental(js)9.jpg?width=1200,https://theawakeman.github.io/africa2027/paises/tunez/#poi-17,"https://www.google.com/maps?q=33.45323,9.02547",PDI · Verde,33.45323,9.02547
"Ksar Ghilane · oasis, fuente termal y fortín de Tisavar","Alta · Naturaleza — Oasis en el límite oriental del Gran Erg Oriental, 80 km al sur de Douz, alimentado por una FUENTE TERMAL A 35 °C en la que se baña todo el mundo al pie de las dunas. A 4 km, sobre un cerro, quedan los muros del fortín romano de Tisavar (época de Cómodo, 180–192), puesto del limes tripolitanus, y una estela recuerda el paso de la columna Leclerc en 1943. Hoy llega asfalto desde Douz y Matmata; la gracia para dos 4x4 es entrar o salir por la pista del erg. — Perro: permitido con condiciones",https://commons.wikimedia.org/wiki/Special:FilePath/Ksar-Ghilane_Sun_-_Jan_2023.jpg?width=1200,https://theawakeman.github.io/africa2027/paises/tunez/#poi-18,"https://www.google.com/maps?q=32.9811,9.6397",PDI · Verde,32.9811,9.6397
Chott el Jerid y Tozeur · medina de Ouled el-Hadef,"Alta · Naturaleza — EL MAYOR SALAR DEL SÁHARA, más de 7 000 km² (5 000 según otras fuentes), cruzado por una calzada recta de una hora entre Kebili y Tozeur con miradores, espejismos en verano y, tras lluvias de invierno, una lámina de agua que convierte el chott en espejo. Bajo la costra hay salmuera: cada año se hunde algún coche, así que no salir del asfalto. En la orilla de Nefta queda la casa de los Lars y al norte de Tozeur el decorado de Mos Espa. Tozeur tiene un palmeral con cientos de miles de palmeras y la medina de ladrillo de Ouled el-Hadef. — Perro: permitido con condiciones",https://commons.wikimedia.org/wiki/Special:FilePath/Chott_el_jerid.jpg?width=1200,https://theawakeman.github.io/africa2027/paises/tunez/#poi-19,"https://www.google.com/maps?q=33.9101,8.52435",PDI · Verde,33.9101,8.52435
"Oasis de montaña · Chebika, Tamerza y Midès","Alta · Naturaleza — Tres oasis colgados del Jebel el Negueb, a 60–70 km de Tozeur y pegados a Argelia, abandonados tras las INUNDACIONES DE 1969 (22 días de lluvia, más de 400 muertos en el país): los pueblos viejos de adobe siguen en pie junto a los nuevos. Chebika (el puesto romano Ad Speculum) tiene cascada y palmeral; Tamerza, cascadas y un cañón; Midès, un cañón de 30–40 m de paredes donde se rodaron El paciente inglés y En busca del arca perdida. Aviso: Canadá y el Reino Unido los sitúan en la franja fronteriza argelina que aconsejan evitar o recorrer con gran prudencia. — Perro: permitido con condiciones","https://commons.wikimedia.org/wiki/Special:FilePath/Oasis,_Chebika,_Tunisia,_oct_2010_-_panoramio.jpg?width=1200",https://theawakeman.github.io/africa2027/paises/tunez/#poi-20,"https://www.google.com/maps?q=34.32314,7.94093",PDI · Verde,34.32314,7.94093
Niamey · Museo Nacional Boubou Hama y la orilla del Níger,"Alta · Cultura — El museo nacional de Níger, abierto el 18 de diciembre de 1959, es el mejor resumen del país en un solo recinto: pabellones etnográficos con cinco casas tradicionales (fulani, hausa, songhai, tuareg y zarma), arqueología, artesanía y un zoo. Aquí se guarda, EN SU PROPIO MAUSOLEO DESDE 1979, el Árbol del Ténéré original, derribado por un camión en 1973. El río queda a un paso, con los puentes Kennedy y de la Amistad Chino-Nigerina. Advertencia: el MAEC desaconseja absolutamente viajar, y Niamey elevó su nivel de riesgo tras un secuestro en el centro en octubre de 2025. — Perro: prohibido",https://commons.wikimedia.org/wiki/Special:FilePath/Niamey_from_grand_mosque_theatre_2006.jpg?width=1200,https://theawakeman.github.io/africa2027/paises/niger/#poi-1,"https://www.google.com/maps?q=13.51096,2.10713",PDI · Morado,13.51096,2.10713
Parque nacional de la W · leones y elefantes del río (UNESCO),"Alta · Patrimonio UNESCO — Creado por decreto el 4 de agosto de 1954 y declarado Patrimonio de la Humanidad en 1996, el W nigerino es la pieza original de un conjunto de 10.000 km² repartido entre Níger, Burkina Faso y Benín; en 2017 la UNESCO lo amplió como Complejo W-Arly-Pendjari. Guarda leones de África Occidental, elefantes de sabana, hipopótamos, leopardos y MÁS DE 350 ESPECIES DE AVES. Advertencia: el parque está en plena zona de las tres fronteras y ha sufrido ataques recientes, con un episodio en 2025 que dejó 54 víctimas. — Perro: prohibido",https://commons.wikimedia.org/wiki/Special:FilePath/Bends_in_the_River_Niger_which_give_W_National_Park_its_distinctive_name.jpg?width=1200,https://theawakeman.github.io/africa2027/paises/niger/#poi-2,"https://www.google.com/maps?q=12.35004,2.35499",PDI · Ámbar,12.35004,2.35499
Reserva de jirafas de Kouré · las últimas jirafas de África Occidental,"Alta · Naturaleza — A 60 km al este de Niamey, en la carretera de Dallol Bosso, sobrevive la ÚLTIMA POBLACIÓN SILVESTRE de jirafa de África Occidental (Giraffa camelopardalis peralta). De 49 animales a mediados de los noventa se ha pasado a unos 600, uno de los grandes éxitos de conservación del Sahel. No hay vallas: las jirafas comparten la brousse tigrée con los campos y se buscan a pie con guía local. Advertencia: el 9 de agosto de 2020 un atentado en la reserva mató a varios turistas franceses y a sus acompañantes nigerinos. — Perro: prohibido",https://commons.wikimedia.org/wiki/Special:FilePath/Giraffe_koure_niger_2006.jpg?width=1200,https://theawakeman.github.io/africa2027/paises/niger/#poi-3,"https://www.google.com/maps?q=13.32536,2.59164",PDI · Verde,13.32536,2.59164
Ayorou · el mercado del domingo y los hipopótamos del Níger,"Media · Cultura — Ayorou, a unos 200 km al noroeste de Niamey y cerca de la frontera con Malí, tiene el casco viejo en una isla del río Níger. Su MERCADO DEL DOMINGO ocupa media ciudad, de la orilla a la calle principal, y atrae a comerciantes de Malí, Burkina Faso y Nigeria; el mercado de ganado, con camellos y cebúes, es el más fotografiado del país. En las islas de aguas abajo hay hipopótamos y una avifauna notable. Advertencia: en 2023 los enfrentamientos intercomunitarios desplazaron a unas 13.400 personas hacia la localidad. — Perro: no recomendado",https://commons.wikimedia.org/wiki/Special:FilePath/Fleuve_Niger_%C3%A0_Ayorou_en_2023.jpg?width=1200,https://theawakeman.github.io/africa2027/paises/niger/#poi-4,"https://www.google.com/maps?q=14.73281,0.91043",PDI · Morado,14.73281,0.91043
Agadez · la gran mezquita de adobe y el centro histórico (UNESCO),"Alta · Patrimonio UNESCO — Capital del sultanato desde 1449 y bisagra del comercio transahariano, Agadez conserva un centro histórico de barro inscrito por la UNESCO en 2013 (criterios ii y iii, 77,6 ha más 98,1 ha de zona tampón). Su gran mezquita, levantada en 1515 y reconstruida en 1844 respetando la forma original, remata en un MINARETE DE ADOBE DE 27 METROS, el más alto del mundo en este material. Advertencia: Agadez es hoy la puerta de las rutas migratorias hacia Libia y Argelia, con fuerte presencia de seguridad y control de movimientos de extranjeros. — Perro: no recomendado",https://commons.wikimedia.org/wiki/Special:FilePath/1997_277-9A_Agadez_mosque_cropped.jpg?width=1200,https://theawakeman.github.io/africa2027/paises/niger/#poi-5,"https://www.google.com/maps?q=16.97417,7.98653",PDI · Ámbar,16.97417,7.98653
"Macizo del Aïr · Timia, los guelta y los oasis tuareg (UNESCO en peligro)","Alta · Patrimonio UNESCO — El Aïr es un macizo volcánico sahelino incrustado en pleno Sáhara y forma, con el Ténéré, las Reservas Naturales del Aïr y del Ténéré: 7.736.000 hectáreas, LA MAYOR ÁREA PROTEGIDA DE ÁFRICA, inscritas por la UNESCO en 1991 (criterios vii, ix y x) y en la Lista del Patrimonio en Peligro DESDE 1992. Timia es su oasis emblemático, con una guelta de roca que retiene agua todo el año a unos 3 km del pueblo y huertos de frutales insólitos en el Sáhara. Advertencia: acceso sujeto a autorización militar y, hoy, sin vía legal verificada. — Perro: no recomendado",https://commons.wikimedia.org/wiki/Special:FilePath/Montagnes_Bleus1.jpg?width=1200,https://theawakeman.github.io/africa2027/paises/niger/#poi-6,"https://www.google.com/maps?q=18.05576,8.65612",PDI · Ámbar,18.05576,8.65612
Desierto del Ténéré · el mar de arena y el lugar del Arbre du Ténéré (UNESCO en peligro),"Alta · Patrimonio UNESCO — El Ténéré es la mitad llana de las Reservas Naturales del Aïr y del Ténéré, Patrimonio de la Humanidad desde 1991 y EN PELIGRO DESDE 1992. En este punto crecía el Arbre du Ténéré, la acacia solitaria considerada el árbol más aislado de la Tierra, con raíces a 33-36 m de profundidad. OJO: EL ÁRBOL YA NO ESTÁ AQUÍ. Un camionero lo derribó en 1973 y el 8 de noviembre de ese año el ejemplar muerto se llevó al Museo Nacional de Niamey; en el sitio original solo queda una sencilla escultura metálica que reproduce su silueta. — Perro: no recomendado",https://commons.wikimedia.org/wiki/Special:FilePath/Tenere_NASA.jpg?width=1200,https://theawakeman.github.io/africa2027/paises/niger/#poi-7,"https://www.google.com/maps?q=17.75,10.06667",PDI · Ámbar,17.75,10.06667
Bilma y el Kaouar · las salinas y las caravanas de sal,"Media · Cultura — Bilma, 4.016 habitantes en el censo de 2012, se apoya en los acantilados del Kaouar y es el destino de la azalai, la caravana de sal que sale de Agadez A UNOS 560 KM AL OESTE. Sus balsas de evaporación producen sal y natrón en moldes cónicos que todavía viajan a lomos de camello. Es uno de los lugares más calurosos habitados del planeta: 44,1 °C de máxima media en junio y un récord de 48,2 °C el 23 de junio de 2010, con apenas 12,7 mm de lluvia al año. Advertencia: zona militarizada y sin acceso legal confirmado. — Perro: no recomendado",https://commons.wikimedia.org/wiki/Special:FilePath/Bilma-Saline-85.jpg?width=1200,https://theawakeman.github.io/africa2027/paises/niger/#poi-8,"https://www.google.com/maps?q=18.68667,12.91917",PDI · Morado,18.68667,12.91917
Gadoufaoua · el cementerio de dinosaurios del Ténéré,"Media · Naturaleza — En el borde occidental del Ténéré, la Formación Elrhaz aflora en Gadoufaoua como uno de los yacimientos de vertebrados del Cretácico Inferior más ricos del mundo, de hace 125 a 112 millones de años (Aptiense-Albiense). De aquí salieron Ouranosaurus, Nigersaurus y SARCOSUCHUS IMPERATOR, el cocodrilo gigante cuyo cráneo de 1,8 m desenterró Paul Sereno en 1997; Philippe Taquet lo había estudiado ya en 1970. Advertencia: los fósiles están protegidos, no se recoge nada, y la zona carece de vía de acceso legal confirmada. — Perro: no recomendado","https://commons.wikimedia.org/wiki/Special:FilePath/Suchomimus_tenerensis_theropod_dinosaur_(Elrhaz_Formation,_Lower_Cretaceous%3B_Gadoufaoua,_Tenere_Desert,_central_Niger,_northwest-central_Africa)_2_(15414433522).jpg?width=1200",https://theawakeman.github.io/africa2027/paises/niger/#poi-9,"https://www.google.com/maps?q=16.83333,9.41667",PDI · Verde,16.83333,9.41667
Ingall · la Cure Salée y el encuentro de nómadas,"Media · Cultura — In-Gall es un oasis de menos de 500 habitantes fijos que CADA SEPTIEMBRE se convierte en la capital nómada del Sáhel: la Cure Salée reúne a pastores tuareg y wodaabe al final de la estación de lluvias, cuando el ganado sube a los pastos salinos. La comuna entera censó 51.903 personas en 2012, pero es el festival el que llena el lugar de miles de nómadas, autoridades y curiosos. Advertencia: las fechas se fijan cada año y han llegado a suspenderse; conviene confirmarlas antes de moverse. — Perro: no recomendado","https://commons.wikimedia.org/wiki/Special:FilePath/Niger,_In-Gall_(7).jpg?width=1200",https://theawakeman.github.io/africa2027/paises/niger/#poi-10,"https://www.google.com/maps?q=16.78673,6.93433",PDI · Morado,16.78673,6.93433
Zinder · el palacio del sultán y el barrio Birni,"Alta · Cultura — A 861 km al este de Niamey, Zinder fue la capital colonial del territorio hasta 1926 y sigue siendo la ciudad hausa por excelencia. El barrio de BIRNI, fundado en 1736 por aristócratas kanuri como recinto fortificado, concentra el palacio del sultán del Damagaram, la mezquita y el Fort Cazemajou francés de 1899. La ciudad ha cuadruplicado su población desde 1977, con 235.605 habitantes en el censo de 2012. Advertencia: la carretera Niamey-Zinder es larga y los controles militares son constantes. — Perro: no recomendado",https://commons.wikimedia.org/wiki/Special:FilePath/Zinder_Old_Town_Niger_2007.jpg?width=1200,https://theawakeman.github.io/africa2027/paises/niger/#poi-11,"https://www.google.com/maps?q=13.79418,9.00127",PDI · Morado,13.79418,9.00127
Maradi · la capital económica y el país hausa,"Media · Ciudad · servicios — Segunda ciudad de Níger con 267.249 habitantes en 2012, Maradi es el nudo comercial y agrícola del sur hausa y la puerta natural hacia Kano, en Nigeria. Nació como parte del estado hausa de Katsina y se independizó de él en el siglo XIX; los franceses la arrasaron en 1899 y tras la INUNDACIÓN DE 1945 la ciudad se rehízo en cuadrícula, abandonando el trazado tradicional. Como PDI turístico es flojo: vale sobre todo como parada de servicios, cambio y combustible camino de Zinder. — Perro: permitido con condiciones",https://commons.wikimedia.org/wiki/Special:FilePath/Maradi.JPG?width=1200,https://theawakeman.github.io/africa2027/paises/niger/#poi-12,"https://www.google.com/maps?q=13.50098,7.10364",PDI · Azul,13.50098,7.10364
Tahoua y el Ader · la meseta y los mercados,"Media · Ciudad · servicios — Cuarta ciudad del país con 117.826 habitantes en 2012, Tahoua es la bisagra entre el Níger agrícola del sur y el Sáhara del norte: aquí se cruzan comerciantes hausa, fulani y tuareg desde el siglo XVII. Nació de dos aldeas, Bilbis y Fakoua, y es conocida por su TCHOUKOU, el queso seco en discos que se vende en todo el Sáhel. Advertencia: el MAEC nombra expresamente la región de Tahoua como zona de amenaza terrorista permanente en su actualización de 9 de febrero de 2026. — Perro: permitido con condiciones",https://commons.wikimedia.org/wiki/Special:FilePath/Universit%C3%A9_Djibo_Hamani_de_Tahoua_04.jpg?width=1200,https://theawakeman.github.io/africa2027/paises/niger/#poi-13,"https://www.google.com/maps?q=14.89046,5.258",PDI · Azul,14.89046,5.258
Dogondoutchi y los Dallols · las mesetas rojas y los animismos,"Media · Cultura — A unos 300 km al este de Niamey y a 40 km de la frontera nigeriana, Dogondoutchi se apoya en un cerro que le da nombre, «colina alta», entre depósitos de arena y arcilla del Terciario y el Cuaternario que dibujan mesetas y cornisas rojizas. Su interés no es solo el paisaje: LOS MAOURI DE ESTA ZONA SON LOS ÚLTIMOS ANIMISTAS HAUSA, y la ciudad es un centro del ritual de posesión bori, muy estudiado por antropólogos. Advertencia: fotografiar ceremonias exige permiso explícito. — Perro: no recomendado","https://commons.wikimedia.org/wiki/Special:FilePath/Niger,_Dogondoutchi_(1).jpg?width=1200",https://theawakeman.github.io/africa2027/paises/niger/#poi-14,"https://www.google.com/maps?q=13.64418,4.03378",PDI · Morado,13.64418,4.03378
Reserva de Termit y Tin Toumma · el último addax salvaje,"Media · Naturaleza — El macizo de Termit es una cresta de arenisca negra muy erosionada, con picos volcánicos al norte, que se extiende 180 km de largo por 40 de ancho, unos 3.500 km². Desde 2012 forma parte de la Reserva Natural de Termit y Tin Toumma, UNA DE LAS MAYORES RESERVAS TERRESTRES DEL PLANETA, y en ella sobrevive el último núcleo silvestre de addax, junto a gacela dama, gacela dorcas, guepardo y arrui. Llueve menos de 100 mm al año. Advertencia: la reserva toca la región de Diffa, señalada por el MAEC como zona de amenaza terrorista permanente. — Perro: prohibido",https://commons.wikimedia.org/wiki/Special:FilePath/Termit1.jpg?width=1200,https://theawakeman.github.io/africa2027/paises/niger/#poi-15,"https://www.google.com/maps?q=16.04194,11.345",PDI · Verde,16.04194,11.345
"Tillabéri · el río, las dunas y la zona de las tres fronteras","Media · Naturaleza — Capital de departamento y región, Tillabéri se asoma al Níger unos 115 km al noroeste de Niamey, en el tramo donde el río se ensancha entre dunas y arrozales. Con 47.678 habitantes en 2012, es una ciudad-mercado tranquila cuyo atractivo son las orillas al atardecer. Pero su nombre se ha vuelto sinónimo de otra cosa: TILLABÉRI ES LA ZONA DE LAS TRES FRONTERAS, entre Níger, Malí y Burkina Faso, y el MAEC la cita expresamente como región de amenaza terrorista permanente. — Perro: no recomendado","https://commons.wikimedia.org/wiki/Special:FilePath/Niger,_Tillab%C3%A9ri,_2008_43.jpg?width=1200",https://theawakeman.github.io/africa2027/paises/niger/#poi-16,"https://www.google.com/maps?q=14.20611,1.45797",PDI · Verde,14.20611,1.45797
Dosso · el sultanato zarma y la ruta a Benín,"Media · Cultura — A 130-140 km al sureste de Niamey, Dosso es el cruce donde se separan la carretera de Zinder y la de Benín. Es la sede del reino zarma que acabó dominando toda la región antes de la colonización, y su soberano, el ZARMAKOY, sigue siendo la autoridad tradicional: su palacio y museo fueron propuestos a la Lista Indicativa de la UNESCO en 2006. Curiosidad: la línea férrea Niamey-Dosso, construida entre 2014 y 2016, nunca llegó a explotarse por un litigio comercial y sigue huérfana. — Perro: no recomendado","https://commons.wikimedia.org/wiki/Special:FilePath/Niger,_Dosso_(5),_busy_street.jpg?width=1200",https://theawakeman.github.io/africa2027/paises/niger/#poi-17,"https://www.google.com/maps?q=13.05048,3.2081",PDI · Morado,13.05048,3.2081
Koutoukalé y los rápidos del Níger · el río antes de Niamey,"Media · Naturaleza — Aguas arriba de Niamey, en la comuna de Karma, el Níger baja entre bancos de arena y umbrales rocosos que forman rápidos en aguas bajas, con pueblos de pescadores sorko y arrozales en la orilla. Hay varios caseríos llamados Koutoukalé: Koutoukalé Kourtey, Koutoukalé Zéno y Koutoukalé Kado. Advertencia importante: KARMA ALBERGA LA ÚNICA PRISIÓN DE MÁXIMA SEGURIDAD DE NÍGER, la de Koutoukalé, escenario de una fuga en julio de 2024; es zona militarizada donde no se fotografía ni se merodea. — Perro: no recomendado",https://commons.wikimedia.org/wiki/Special:FilePath/Niger_river_in_Niamey.jpg?width=1200,https://theawakeman.github.io/africa2027/paises/niger/#poi-18,"https://www.google.com/maps?q=13.67138,1.81575",PDI · Verde,13.67138,1.81575
"Uagadugú · Museo Nacional, catedral y mercado Rood Woko","Alta · Ciudad · servicios — Capital mossi de algo más de 2,4 millones de habitantes (censo 2019) a 305 m de altitud, y una de las POCAS CAPITALES DEL MUNDO QUE NO ESTA NI EN LA COSTA NI JUNTO A UN RIO: se abastece de la presa de Ziga, 45 km al este. La parada útil son el Museo Nacional, la catedral de la Inmaculada Concepcion y Rood Wooko, el mayor mercado del país. Es además el único sitio del país con embajadas, talleres serios y combustible garantizado. Aviso: el MAEC desaconseja el viaje a todo Burkina Faso, capital incluida, y recomienda no hacer por carretera el trayecto Uagadugú-Bobo. — Perro: no recomendado",https://commons.wikimedia.org/wiki/Special:FilePath/Ouagadougou_street_in_2004.jpg?width=1200,https://theawakeman.github.io/africa2027/paises/burkina-faso/#poi-1,"https://www.google.com/maps?q=12.37648,-1.47294",PDI · Azul,12.37648,-1.47294
Bobo-Diulasso · gran mezquita de adobe y barrio de Dioulassoba,"Alta · Cultura — Segunda ciudad del país, con 1.129.000 habitantes según el censo de 2023. Su gran mezquita de banco, levantada en 1880 o 1893 fruto del pacto entre el rey de Sia y el almami Sidiki Sanou, es POSIBLEMENTE EL MAYOR EJEMPLO DE ARQUITECTURA SUDANO-SAHELIANA DE BURKINA FASO. A su lado, Dioulassoba conserva el nucleo del viejo pueblo de Sia, aunque fue muy alterado en 1932 al abrirse una gran arteria. Advertencia: el MAEC cita Bobo como una de las dos ciudades donde se puede permanecer, pero desaconseja llegar por carretera desde Uagadugú. — Perro: prohibido",https://commons.wikimedia.org/wiki/Special:FilePath/Bobo-Dioulasso_Mosque.jpg?width=1200,https://theawakeman.github.io/africa2027/paises/burkina-faso/#poi-2,"https://www.google.com/maps?q=11.16492,-4.30515",PDI · Morado,11.16492,-4.30515
Banfora · cascadas de Karfiguéla y domos de Fabédougou,"Alta · Naturaleza — A unos 12 km al noroeste de Banfora, el Comoé se despeña en una escalera de saltos entre plantaciones de caña: son LAS CASCADAS MÁS VISITADAS DEL PAÍS según la propia Wikipedia francesa. A 5 km, los domos de Fabédougou forman un laberinto de bloques calizo-areniscos erosionados en colmena, buenos para caminar al amanecer. Banfora (117.452 habitantes en 2019) es la sexta ciudad del país y la base lógica. Advertencia: la pista final hasta las cascadas es de tierra y se embarra en agosto y septiembre. — Perro: permitido con condiciones",https://commons.wikimedia.org/wiki/Special:FilePath/Cascades_de_karfiguela_%C3%A0_Banfora.jpg?width=1200,https://theawakeman.github.io/africa2027/paises/burkina-faso/#poi-3,"https://www.google.com/maps?q=10.69793,-4.81792",PDI · Verde,10.69793,-4.81792
Lago Tengréla · hipopótamos y piraguas,"Media · Naturaleza — Laguna somera de 7 km por 1 km y 580 hectáreas al oeste de Banfora, PROTEGIDA POR EL CONVENIO RAMSAR. Su emisario se junta con el Comoé unos 3 km al sureste. Los piragueros del pueblo llevan al visitante a buscar la familia de hipopótamos entre los nenúfares, y desde los años dos mil el campamento de Kegnigohi ofrece alojamiento y alquiler de vehículos. Advertencia: los hipopótamos son el animal que más gente mata en África; hay que obedecer al piraguero y no forzar la distancia para una foto. — Perro: no recomendado",https://commons.wikimedia.org/wiki/Special:FilePath/Lac_de_Tengrela_vu_sud.jpg?width=1200,https://theawakeman.github.io/africa2027/paises/burkina-faso/#poi-4,"https://www.google.com/maps?q=10.63969,-4.80858",PDI · Verde,10.63969,-4.80858
Picos de Sindou · agujas de arenisca del país senufo,"Alta · Naturaleza — Cadena de agujas de arenisca erosionada unos cientos de metros al este de Sindou, a 40 km al oeste de Banfora. Alcanzan los 415 m y son, según la Wikipedia francesa, EL SEGUNDO PUNTO MÁS ALTO DEL PAÍS. Para los senufo son un lugar místico y una protección frente al peligro, y la diversidad de habitats ha llevado a protegerlos como reserva natural. Hay senderos balizados, miradores y aparcamiento accesible por la ruta regional 21. Advertencia: la roca quema al mediodía y no hay sombra ni agua en el recorrido. — Perro: permitido con condiciones",https://commons.wikimedia.org/wiki/Special:FilePath/PicsdeSindou.jpg?width=1200,https://theawakeman.github.io/africa2027/paises/burkina-faso/#poi-5,"https://www.google.com/maps?q=10.65694,-5.1525",PDI · Verde,10.65694,-5.1525
Ruinas de Loropéni · fortaleza de piedra del oro (UNESCO),"Alta · Patrimonio UNESCO — Primer bien burkines inscrito en la Lista del Patrimonio Mundial, en 2009. Son murallas de piedra seca DE HASTA SEIS METROS DE ALTURA que cercan un asentamiento abandonado: la mejor conservada de las diez fortalezas del país lobi y parte de una red de un centenar de recintos ligados al comercio transahariano del oro. Datan al menos del siglo XI y tuvieron su apogeo entre los siglos XIV y XVII. Advertencia: el bien protegido apenas supera 1,1 hectáreas; se ve en una hora y no hay centro de visitantes en condiciones. — Perro: no recomendado","https://commons.wikimedia.org/wiki/Special:FilePath/2016.05-441-131ap_wall_Lorop%C3%A9ni_Ruins_nr.Lorop%C3%A9ni(Poni_Prv.),BF_sun15may2016-1106h.jpg?width=1200",https://theawakeman.github.io/africa2027/paises/burkina-faso/#poi-6,"https://www.google.com/maps?q=10.29274,-3.53194",PDI · Ámbar,10.29274,-3.53194
Tiébélé · cour royale kassena de casas pintadas (UNESCO),"Alta · Patrimonio UNESCO — Conjunto de arquitectura de tierra del siglo XVI, a 172 km al sur de Uagadugú y a unos 15 km de la frontera con Ghana, INSCRITO EN LA LISTA DEL PATRIMONIO MUNDIAL EN 2024 por el criterio (iii). Los hombres de la corte levantan las casas y las mujeres las decoran con motivos simbólicos: casas en ocho para las madres y los mayores, cuadrangulares para los recien casados y circulares para los solteros. El bien protegido mide 1,84 hectáreas. Advertencia: es una residencia real en uso, no un museo; se entra solo con permiso y guía de la corte. — Perro: prohibido",https://commons.wikimedia.org/wiki/Special:FilePath/Tiebele_village_in_Burkina_Faso_02.jpg?width=1200,https://theawakeman.github.io/africa2027/paises/burkina-faso/#poi-7,"https://www.google.com/maps?q=11.09668,-0.96497",PDI · Ámbar,11.09668,-0.96497
"Sitios de metalurgia antigua del hierro · Tiwêga, Yamané, Kindibo y Békuy (UNESCO)","Media · Patrimonio UNESCO — Bien en serie inscrito en 2019 con cinco componentes: Douroula, Tiwêga, Yamané, Kindibo y Békuy. Reune alrededor de quince hornos en pie repartidos por varias provincias y documenta MÁS DE 2.700 AÑOS DE PRODUCCIÓN DE HIERRO: Douroula, del siglo VIII antes de Cristo, es la prueba más antigua de metalurgia del hierro del país. En Yamané y Kindibo los hornos conviven con comunidades de herreros todavía activas. Advertencia: los cinco componentes estan muy dispersos y varios caen en provincias que el MAEC califica de riesgo extremo. — Perro: no recomendado",https://commons.wikimedia.org/wiki/Special:FilePath/A_Makera_(Blacksmith)_cultural_performance._By_Sani_Maikatanga.jpg?width=1200,https://theawakeman.github.io/africa2027/paises/burkina-faso/#poi-8,"https://www.google.com/maps?q=13.08812,-1.10632",PDI · Ámbar,13.08812,-1.10632
Ranch de Nazinga · los elefantes del sur,"Alta · Naturaleza — Rancho de caza y conservación creado en 1979 por los hermanos Robert y Clark Lungren, en el sur del país junto a la frontera con Ghana. Es EL SITIO MÁS FIABLE DE AFRICA OCCIDENTAL PARA VER ELEFANTES A CORTA DISTANCIA, porque en la estación seca se concentran en las represas artificiales excavadas por el propio proyecto. Hay campamento dentro del recinto y circuitos con guarda. Advertencia: los elefantes de Nazinga estan habituados pero no son mansos; hay conflictos documentados con los cultivos vecinos. — Perro: prohibido",https://commons.wikimedia.org/wiki/Special:FilePath/Elephants_Nazinga_MS5175.JPG?width=1200,https://theawakeman.github.io/africa2027/paises/burkina-faso/#poi-9,"https://www.google.com/maps?q=11.04919,-1.41849",PDI · Verde,11.04919,-1.41849
Parque nacional de Arly · complejo W-Arly-Pendjari (UNESCO),"Media · Patrimonio UNESCO — Parque de 760 km2 en la provincia de Tapoa, parte burkinesa del complejo transfronterizo W-Arly-Pendjari, inscrito en 1996 y ampliado en 2017 a Benín y Burkina Faso. El conjunto suma 1.714.831 hectáreas y concentra EL 85 POR CIENTO DE LOS ELEFANTES DE SABANA DE AFRICA OCCIDENTAL, la única población viable de leones de la región y probablemente el último guepardo occidental. Advertencia: el este de Burkina Faso es el frente más activo de la insurgencia; el MAEC cita Diapaga y Kompienga como zonas de riesgo extremo. HOY ES INVIABLE. — Perro: prohibido",https://commons.wikimedia.org/wiki/Special:FilePath/Arli-NP_MS1219.jpg?width=1200,https://theawakeman.github.io/africa2027/paises/burkina-faso/#poi-10,"https://www.google.com/maps?q=11.61292,1.2891",PDI · Ámbar,11.61292,1.2891
Laongo · esculturas en granito al aire libre,"Media · Cultura — Museo al aire libre a 35 km al este de Uagadugú, cerca de Ziniaré, donde los afloramientos de granito gris rosado sirven de soporte y de materia a las obras. El PRIMER SIMPOSIO INTERNACIONAL SE CELEBRO EN 1988 con dieciocho escultores de trece países de África, Asia, Europa y América; después hubo ediciones en 1989, 1991, 1996, 1998, 2001 y 2003, y han intervenido unos sesenta artistas. Abre todos los días de 8 a 18 h (7 a 18 h los fines de semana) y la entrada cuesta 2.500 FCFA por persona. — Perro: permitido con condiciones",https://commons.wikimedia.org/wiki/Special:FilePath/Sculpture_sur_granite_%C3%A0_Laongo_01.jpg?width=1200,https://theawakeman.github.io/africa2027/paises/burkina-faso/#poi-11,"https://www.google.com/maps?q=12.51276,-1.27618",PDI · Morado,12.51276,-1.27618
Bazoulé · el lago de los cocodrilos sagrados,"Media · Cultura — Aldea a unos 30 km de Uagadugú donde los cocodrilos son tótem y conviven con la gente. La tradición local cuenta que CAYERON DEL CIELO CON LA LLUVIA HACE 570 AÑOS, cuando el pueblo se moria de sed. Cada año la fiesta de Kom-Lakré congrega ofrendas de aves para pedir salud y protección. Se llega por la RN1 en dirección a Bobo-Diulasso y se gira a la derecha por una pista señalizada pasado Tanghin-Dassouri. Advertencia: son animales salvajes; la escena de tocarlos es una atraccion pagada, no una garantia. — Perro: prohibido",https://commons.wikimedia.org/wiki/Special:FilePath/Bazoule_sacred_crocodiles_MS_6709cropped.JPG?width=1200,https://theawakeman.github.io/africa2027/paises/burkina-faso/#poi-12,"https://www.google.com/maps?q=12.3196,-1.70888",PDI · Morado,12.3196,-1.70888
Sabou · cocodrilos místicos y aldea,"Media · Cultura — Pueblo de 15.060 habitantes sobre la RN1, a mitad de camino entre Uagadugú y Koudougou. En la charca del norte viven MÁS DE CIEN COCODRILOS SAGRADOS que, según la tradición, son las almás de los descendientes de la familia Kaboré: un antepasado sediento habria sido salvado por un cocodrilo que le dio de beber. Hay guías de día, guardas de noche, alojamiento y comida en el propio sitio. Tarifas oficiales: 1.500 FCFA por persona en grupos de menos de cinco, hasta 500 FCFA a partir de veinte visitantes. — Perro: prohibido",https://commons.wikimedia.org/wiki/Special:FilePath/Crocodile_de_Sabou.jpg?width=1200,https://theawakeman.github.io/africa2027/paises/burkina-faso/#poi-13,"https://www.google.com/maps?q=12.06013,-2.22613",PDI · Morado,12.06013,-2.22613
Cascadas de Tagbaladougou y valle del Comoé,"Media · Naturaleza — Saltos secundarios del valle del Comoé, entre Banfora y Bobo-Diulasso, mucho menos frecuentados que Karfiguéla. Son la alternativa cuando el aparcamiento de Karfiguéla está lleno de autocares y sirven además para entender el corredor del Comoé, EL RIO QUE ORGANIZA TODO EL SUROESTE y que luego atraviesa Costa de Marfil hasta el golfo de Guinea. Advertencia: la información publicada es escasa; GeoNames sitúa Tagbaladougou en la región de Hauts-Bassins (Guiriko) y no en Cascades, POR CONFIRMAR sobre el terreno. — Perro: permitido con condiciones",https://commons.wikimedia.org/wiki/Special:FilePath/Falls_near_Banfora_26.jpg?width=1200,https://theawakeman.github.io/africa2027/paises/burkina-faso/#poi-14,"https://www.google.com/maps?q=10.78333,-4.7",PDI · Verde,10.78333,-4.7
Koudougou · la tercera ciudad y el tejido burkines,"Media · Ciudad · servicios — TERCERA CIUDAD DE BURKINA FASO tras Uagadugú y Bobo-Diulasso, con 160.239 habitantes en el censo de 2019. Su economía gira en torno al algodon y a varias fábricas textiles, y en la ciudad funciona desde hace años un taller de reciclaje y confeccion de ropa. Es la parada natural en la RN1 entre Uagadugú y Bobo y una base razonable para dormir con dos vehículos. Advertencia: el MAEC desaconseja precisamente ese trayecto por carretera, de modo que está parada solo tiene sentido si ya se ha asumido el eje terrestre. — Perro: permitido con condiciones",https://commons.wikimedia.org/wiki/Special:FilePath/Koudougou_-_Burkina_Faso.jpg?width=1200,https://theawakeman.github.io/africa2027/paises/burkina-faso/#poi-15,"https://www.google.com/maps?q=12.25622,-2.35175",PDI · Azul,12.25622,-2.35175
Uahiguya y el Yatenga · reino mossi del norte,"Media · Cultura — Capital del Yatenga, uno de los reinos mossi, FUNDADA EN 1757; su nombre significa «venid a postraros». Tiene 124.587 habitantes según el censo de 2019 y conserva la tumba del Naaba Kango, el recinto del Yatenga Naaba y un lago artificial. Es la puerta histórica del norte mossi y la última ciudad grande antes del Sahel. Advertencia: el MAEC cita Yatenga, Lorum y Titao entre las provincias de RIESGO EXTREMO y pide no pasar al norte del eje Uahiguya-Bogandé: en 2027 esto es una ficha documental, no una etapa. — Perro: no recomendado",https://commons.wikimedia.org/wiki/Special:FilePath/Ouahigouya_road.jpg?width=1200,https://theawakeman.github.io/africa2027/paises/burkina-faso/#poi-16,"https://www.google.com/maps?q=13.56683,-2.41099",PDI · Morado,13.56683,-2.41099
Gorom-Gorom · mercado del Sahel y dunas de Oursi,"Media · Cultura — Capital de la provincia de Oudalan, en pleno Sahel, con 9.752 habitantes en 2019 y UN MERCADO SEMANAL QUE LA WIKIPEDIA INGLESA DESCRIBE COMO EL MAYOR DE BURKINA FASO, punto de encuentro de fulbe, tuaregs, songhai y bella. A un centenar de kilómetros al oeste está la mare d'Oursi, con sus dunas y su yacimiento arqueológico. Advertencia: unos 20.000 desplazados internos viven en Gorom-Gorom y dependen de organizaciones como Médicos Sin Fronteras para tener agua y comida. La zona está vetada. — Perro: no recomendado",https://commons.wikimedia.org/wiki/Special:FilePath/Marche_de_Gorom_Gorom001.jpg?width=1200,https://theawakeman.github.io/africa2027/paises/burkina-faso/#poi-17,"https://www.google.com/maps?q=14.4444,-0.23571",PDI · Morado,14.4444,-0.23571
Fada N'Gourma y el este · la puerta de los parques,"Media · Ciudad · servicios — Capital gourmantché sobre la RN4 entre Uagadugú y Niamey, con 73.200 habitantes en 2019. Fue capital de un Estado gurma que GUERREO REPETIDAMENTE CONTRA EL IMPERIO SONGHAI en los siglos XVI y XVII y sigue siendo la sede del rey de los gurma. Es la puerta logística de Arly y de la Pendjari beninesa. Advertencia: el este es el frente más activo de la insurgencia; en 2021 una unidad militar de protección de fauna fue emboscada a 15 km de su base en Natiaboni, cerca de la ciudad. — Perro: no recomendado",https://commons.wikimedia.org/wiki/Special:FilePath/Fada_N_Gourma_2.JPG?width=1200,https://theawakeman.github.io/africa2027/paises/burkina-faso/#poi-18,"https://www.google.com/maps?q=12.06016,0.36542",PDI · Azul,12.06016,0.36542
"Trípoli · medina otomana, arco de Marco Aurelio y castillo Rojo","Alta · Ciudad · servicios — La capital conserva una medina otomana amurallada de planta pentagonal, el castillo Rojo (Assaraya al-Hamra) y el arco cuadrifronte de Marco Aurelio, levantado enteramente en mármol en el año 165 y ÚNICO resto romano visible de la antigua Oea. El castillo alberga el museo nacional, cerrado desde 2011 y reabierto el 12 de diciembre de 2025 como Museo Nacional de Libia, con acceso inicialmente limitado a grupos escolares. Advertencia: el MAEC desaconseja viajar al país salvo necesidad y en Trípoli y en la vecina Zauiya hay enfrentamientos recurrentes entre milicias. — Perro: no recomendado",https://commons.wikimedia.org/wiki/Special:FilePath/Marcus_Aurelius_Arch_Tripoli_Libya.jpg?width=1200,https://theawakeman.github.io/africa2027/paises/libia/#poi-1,"https://www.google.com/maps?q=32.89997,13.17597",PDI · Azul,32.89997,13.17597
"Leptis Magna · ciudad romana de Septimio Severo (UNESCO, en peligro)","Alta · Patrimonio UNESCO — A 130 km al este de Trípoli, junto a Al Khums, está la ciudad natal de Septimio Severo, que la engrandeció hasta convertirla en una de las más bellas del Imperio. Inscrita por la UNESCO en 1982 y en la LISTA DEL PATRIMONIO MUNDIAL EN PELIGRO desde el 14 de julio de 2016, junto con las otras cuatro libias, por la inestabilidad y la presencia de grupos armados. Se conservan el arco de Septimio Severo, la basílica severiana, el teatro, las termas adrianas y un anfiteatro de época de Nerón. El mayor riesgo hoy no es el saqueo sino el mar: erosión costera y subida del nivel. — Perro: no recomendado",https://commons.wikimedia.org/wiki/Special:FilePath/Leptis_Magna_-_Severan_Basilika.jpg?width=1200,https://theawakeman.github.io/africa2027/paises/libia/#poi-2,"https://www.google.com/maps?q=32.6343,14.29484",PDI · Ámbar,32.6343,14.29484
"Sabratha · teatro romano frente al mar (UNESCO, en peligro)","Alta · Patrimonio UNESCO — A 70 km al oeste de Trípoli, Sabratha nació como factoría fenicia y salida de los productos del interior africano, pasó por el reino númida de Masinisa y fue reconstruida en los siglos II y III. Su teatro conserva el frente escénico DE TRES PISOS, caso rarísimo en el Mediterráneo, con el mar detrás. Inscrita en 1982 y en la Lista del Patrimonio Mundial en Peligro desde 2016. Ojo con el estado: la piedra es calcarenita blanda y la erosión marina castiga sobre todo las termas, la almazara y el puerto; los rompeolas no bastan. — Perro: no recomendado","https://commons.wikimedia.org/wiki/Special:FilePath/Theatre_of_Sabratha,_Libya.jpg?width=1200",https://theawakeman.github.io/africa2027/paises/libia/#poi-3,"https://www.google.com/maps?q=32.7811,12.44952",PDI · Ámbar,32.7811,12.44952
"Cirene · la Atenas de África (UNESCO, en peligro)","Alta · Patrimonio UNESCO — Colonia griega del siglo VII a.C. en el Yebel Ajdar, fue una de las principales ciudades del mundo helénico y siguió siendo capital hasta el terremoto de 365. Su templo de Zeus es uno de los mayores templos griegos jamás construidos, de dimensiones comparables al Partenón. Inscrita en 1982 y en la LISTA EN PELIGRO desde 2016. El problema es el avance de la ciudad moderna: desde 2013 se han arrasado con bulldozer numerosas tumbas del sector sur, y la necrópolis de unos 20 km² sigue sin protección efectiva. — Perro: no recomendado",https://commons.wikimedia.org/wiki/Special:FilePath/Archaeological_Site_of_Cyrene-109025.jpg?width=1200,https://theawakeman.github.io/africa2027/paises/libia/#poi-4,"https://www.google.com/maps?q=32.80358,21.86217",PDI · Ámbar,32.80358,21.86217
Apolonia · el puerto sumergido de Cirene,"Media · Cultura — Fundada hacia el 630 a.C. como puerto de Cirene, a unos 20 km al noreste, Apolonia llegó a ser capital de la Libia Pentapolitana en el siglo VI. Lo excepcional está BAJO EL AGUA: el terremoto y tsunami de Creta de 365 hundió la línea de costa unos 3,7–3,8 m y el puerto quedó sumergido, por lo que se conserva casi completo, uno de los más antiguos que se conocen. En tierra quedan el palacio del Dux con más de cien estancias, basílicas bizantinas y un teatro griego del siglo III a.C. con 28 gradas. — Perro: no recomendado",https://commons.wikimedia.org/wiki/Special:FilePath/Apollonia_Libya.jpg?width=1200,https://theawakeman.github.io/africa2027/paises/libia/#poi-5,"https://www.google.com/maps?q=32.8954,21.96119",PDI · Morado,32.8954,21.96119
Tolmeita · Ptolemais y su museo,"Media · Cultura — Una de las cinco ciudades de la Pentápolis cirenaica, entre Bengasi y Cirene. Enterrada por la arena durante siglos, se conserva notablemente bien: destacan el Palazzo delle Colonne, mansión del gobernador con peristilo y mosaicos, un hipódromo, un anfiteatro, tres teatros y un acueducto romano con DIECISIETE cisternas abovedadas. La Universidad de Varsovia excava allí desde 2001 y el yacimiento tiene su propio museo de Tolmeita. Nota negra: en 2011 desaparecieron piezas robadas de la cámara acorazada de un banco de Bengasi. — Perro: no recomendado",https://commons.wikimedia.org/wiki/Special:FilePath/Ptolemais_(5283376622).jpg?width=1200,https://theawakeman.github.io/africa2027/paises/libia/#poi-6,"https://www.google.com/maps?q=32.70596,20.95395",PDI · Morado,32.70596,20.95395
"Gadamés · la ciudad de barro del oasis (UNESCO, retirada de la Lista en Peligro en 2025)","Alta · Patrimonio UNESCO — «La perla del desierto», una de las ciudades presaharianas más antiguas, a unos 460 km al suroeste de Trípoli, junto a la triple frontera con Argelia y Túnez. Su arquitectura se ordena en vertical: planta baja para el almacén, planta intermedia para la familia sobre callejones cubiertos que parecen túneles, y terrazas reservadas a las mujeres; siete clanes ocupaban barrios separados. Inscrita en 1986, entró en la Lista en Peligro en 2016 y FUE RETIRADA DE ELLA EN JULIO DE 2025, tras la restauración impulsada por la propia comunidad. Es el único sitio libio que ha salido de la lista. — Perro: no recomendado",https://commons.wikimedia.org/wiki/Special:FilePath/Libya_4432_Ghadames_Luca_Galuzzi_2007.jpg?width=1200,https://theawakeman.github.io/africa2027/paises/libia/#poi-7,"https://www.google.com/maps?q=30.13176,9.49506",PDI · Ámbar,30.13176,9.49506
"Tadrart Acacus · arte rupestre del Fezán (UNESCO, en peligro)","Alta · Patrimonio UNESCO — Macizo rocoso al este de Ghat, en la frontera argelina y contiguo al Tassili n'Ajjer. Guarda MILES de pinturas rupestres de estilos muy distintos, fechadas entre el 12.000 a.C. y el 100 d.C., con jirafas, elefantes, avestruces, camellos, caballos y escenas de música y danza que registran el paso del Sáhara verde al desierto actual. Inscrito en 1985 y en la Lista en Peligro desde 2016. Conservación muy mala: la UNESCO documenta destrucción deliberada en al menos diez sitios desde abril de 2009, grafitis modernos junto a las pinturas y borrado con disolventes químicos. — Perro: no recomendado",https://commons.wikimedia.org/wiki/Special:FilePath/Libya_4985_Tadrart_Acacus_Luca_Galuzzi_2007.jpg?width=1200,https://theawakeman.github.io/africa2027/paises/libia/#poi-8,"https://www.google.com/maps?q=24.83333,10.33333",PDI · Ámbar,24.83333,10.33333
Lagos de Ubari · el erg y los lagos salados del Fezán,"Media · Naturaleza — En el Idehan Ubari, un erg de unos 58.000 km², sobreviven lagos alimentados por manantiales entre las dunas, rodeados de gramíneas y palmeras datileras. El mayor, Gaberoun, alcanza 7,5 m de profundidad y es TAN SALADO que se flota sin esfuerzo; pese a la sal, hay crustáceos en abundancia. En la orilla noreste funcionaba un campamento turístico básico con patio, cabañas y tienda de recuerdos, abierto solo en invierno; el poblado beduino de la orilla oeste está en ruinas desde el traslado de la tribu a Wadi Bashir en los años ochenta. — Perro: no recomendado",https://commons.wikimedia.org/wiki/Special:FilePath/Lake_Gaberoun_(5282881127).jpg?width=1200,https://theawakeman.github.io/africa2027/paises/libia/#poi-9,"https://www.google.com/maps?q=26.80306,13.53528",PDI · Verde,26.80306,13.53528
Waw an Namus · el volcán negro en el corazón del Sáhara,"Media · Naturaleza — Caldera volcánica en el Fezán oriental: una depresión de 4 km de anchura y 100 m de profundidad con un cono de escorias central y tres lagos que suman 0,3 km². El manto de tefra basáltica NEGRA cubre unos 300 km² de desierto y el contraste con la arena clara se ve desde el espacio; el lago mayor tiene 12,5 m de fondo y está a 434 m de altitud. Está prácticamente deshabitado: pasa cerca la ruta caravanera entre Kufra y Sebha, pero la logística y la guerra civil hacen muy difícil llegar. — Perro: no recomendado",https://commons.wikimedia.org/wiki/Special:FilePath/Waw_an-Namus-gr%C3%BCner_See.jpg?width=1200,https://theawakeman.github.io/africa2027/paises/libia/#poi-10,"https://www.google.com/maps?q=24.91667,17.76667",PDI · Verde,24.91667,17.76667
Bengasi · la ciudad reconstruida y su puerto,"Media · Ciudad · servicios — Segunda ciudad del país, con unos 859.000 habitantes en 2023 y la capital de facto de Cirenaica. El centro urbano quedó arrasado en la batalla de 2014–2017, sobre todo los barrios costeros de Suq Al-Hout y al-Sabri. El Ejército Nacional Libio de Haftar la declaró libre de milicias el 5 de julio de 2017 y tomó el último barrio en diciembre de ese año. La reconstrucción avanza con polémica: en marzo de 2023 el ejército DEMOLIÓ edificios históricos de época italiana sin avisar al municipio. — Perro: no recomendado",https://commons.wikimedia.org/wiki/Special:FilePath/Benghazi_maisons_italiennes.jpg?width=1200,https://theawakeman.github.io/africa2027/paises/libia/#poi-11,"https://www.google.com/maps?q=32.11942,20.08679",PDI · Azul,32.11942,20.08679
Derna y el Yebel Ajdar · la montaña verde,"Media · Naturaleza — El Yebel Ajdar es la zona MÁS LLUVIOSA de Libia, con unos 600 mm anuales, unos 3.200 km² de bosque mediterráneo de enebro y lentisco, y cumbres de hasta 900 m; viven allí hienas rayadas, zorros rojos y erizos norteafricanos. En su extremo oriental está Derna, devastada el 11 de septiembre de 2023 cuando la tormenta Daniel reventó dos presas sobre el Wadi Derna: al menos 4.352 muertos confirmados y un ministro llegó a decir que había desaparecido el 25 % de la ciudad. La reconstrucción avanza, lastrada por la política. — Perro: permitido con condiciones","https://commons.wikimedia.org/wiki/Special:FilePath/Derna,_Libya.jpg?width=1200",https://theawakeman.github.io/africa2027/paises/libia/#poi-12,"https://www.google.com/maps?q=32.75826,22.64968",PDI · Verde,32.75826,22.64968
Tobruk · cementerios de guerra y el desierto de 1942,"Media · Cultura — Puerto del extremo oriental libio, cerca de la frontera egipcia, con unos 120.000 habitantes. Aquí se libró uno de los asedios más famosos de la Segunda Guerra Mundial: los aliados tomaron la plaza el 22 de enero de 1941, la 9ª División australiana —LAS RATAS DE TOBRUK— llegó el 9 de abril, la operación Crusader levantó el cerco en noviembre, Rommel la recuperó en junio de 1942 y los aliados la retomaron tras El Alamein. Desde 2014 la ciudad alberga la Cámara de Representantes, primero en un ferry griego y luego en el hotel Al Masira. — Perro: no recomendado",https://commons.wikimedia.org/wiki/Special:FilePath/Commonwealth_cemetery_Tobruk3.JPG?width=1200,https://theawakeman.github.io/africa2027/paises/libia/#poi-13,"https://www.google.com/maps?q=32.02467,23.9648",PDI · Morado,32.02467,23.9648
Misrata · el puerto y la ciudad mercantil,"Media · Ciudad · servicios — Tercera ciudad del país, con unos 881.000 habitantes en 2020, es la CAPITAL ECONÓMICA Y COMERCIAL de Libia: acerías estatales de la Libyan Iron and Steel Company, alfombras y textiles tradicionales, y la lechera Al-Naseem con unos 750 empleados. Su puerto está en la vecina Qasr Ahmad. Resistió el asedio de las fuerzas de Gadafi desde el 20 de marzo de 2011, con más de cuarenta días de artillería, tanques y francotiradores y el agua cortada; más de mil muertos. Sus brigadas siguen siendo un factor de poder en el oeste. — Perro: no recomendado","https://commons.wikimedia.org/wiki/Special:FilePath/Misrata,_Libya.jpg?width=1200",https://theawakeman.github.io/africa2027/paises/libia/#poi-14,"https://www.google.com/maps?q=32.32559,15.09926",PDI · Azul,32.32559,15.09926
Sirte · la ciudad arrasada y el golfo,"Media · Ciudad · servicios — Ciudad natal de Gadafi y escenario de su muerte, a mitad de camino entre Trípoli y Bengasi, con 128.123 habitantes en el censo de 2013. En 2011 quedó casi completamente en ruinas, aunque más del 70 % de la población había vuelto seis meses después. El Estado Islámico la tomó en mayo de 2015 y la ofensiva respaldada por la ONU la recuperó en 2016, con MÁS DE 400 ataques aéreos estadounidenses y unos 2.000 muertos del EI. El centro de conferencias de Uagadugú, convertido en fortaleza improvisada, quedó destrozado por la artillería. — Perro: no recomendado",https://commons.wikimedia.org/wiki/Special:FilePath/Sirte_Libia_2016.jpg?width=1200,https://theawakeman.github.io/africa2027/paises/libia/#poi-15,"https://www.google.com/maps?q=31.18969,16.57019",PDI · Azul,31.18969,16.57019
Sebha · la capital del Fezán y el fuerte italiano,"Media · Ciudad · servicios — Capital histórica del Fezán, a unos 640 km al sur de Trípoli, con 99.028 habitantes en el censo de 2012, fue uno de los grandes centros del comercio caravanero libio y la ciudad donde Gadafi creció y cursó la secundaria. Su castillo, el fuerte Elena —originalmente Fortezza Margherita, de época colonial italiana—, aparece en el BILLETE DE DIEZ DINARES, pero hoy es una instalación militar en uso y no se puede visitar. Es el nudo obligado hacia Ubari, Murzuq y el desierto profundo. — Perro: no recomendado",https://commons.wikimedia.org/wiki/Special:FilePath/Sebha_Bank_from_Kazem_hotel_2010-02-08.jpg?width=1200,https://theawakeman.github.io/africa2027/paises/libia/#poi-16,"https://www.google.com/maps?q=27.03654,14.42902",PDI · Azul,27.03654,14.42902
Nalut y el Yebel Nafusa · los graneros bereberes,"Alta · Cultura — El Yebel Nafusa es una cadena de 250 km entre Gharyan y Wazzin, en la frontera tunecina, con cumbres de hasta 975 m y población amazig que habla tamazight, lengua reprimida bajo Gadafi. En Nalut, a 789 m y con 26.788 habitantes en 2012, está el Qasr Nalut: un granero fortificado donde las familias guardaban el grano en tiempos de conflicto, una colmena de celdas de barro sobre el barranco. La mezquita de Alal'a, la más antigua del pueblo, se reconstruyó en 1312. Hay además un museo de dinosaurios con fósiles hallados desde 1998. — Perro: permitido con condiciones",https://commons.wikimedia.org/wiki/Special:FilePath/Nalut_ruins.jpg?width=1200,https://theawakeman.github.io/africa2027/paises/libia/#poi-17,"https://www.google.com/maps?q=31.87423,10.97505",PDI · Morado,31.87423,10.97505
Murzuq · el ksar y la puerta del Sáhara profundo,"Media · Cultura — Oasis del Fezán a 453 m, al borde del Idehan Murzuq, un erg extremadamente árido. Fue capital del imperio garamante y, bajo dominio otomano entre 1574 y 1912, se ganó el apodo de «PARÍS DEL SÁHARA» como nudo del comercio transahariano; el viejo fuerte otomano sigue siendo su referencia. Los exploradores británicos del siglo XIX partían de aquí, castigados por la «fiebre de Murzuk». Hoy tiene unos 12.700 habitantes, llueven 7 mm al año y es un lugar castigado: un ataque aéreo contra una boda dejó 43 muertos y 60 heridos. — Perro: no recomendado",https://commons.wikimedia.org/wiki/Special:FilePath/Murzuq_-_Berberschmuck.jpg?width=1200,https://theawakeman.github.io/africa2027/paises/libia/#poi-18,"https://www.google.com/maps?q=25.91395,13.91703",PDI · Morado,25.91395,13.91703
"Argel · la Casbah, la bahía y Notre-Dame d'Afrique (UNESCO)","Alta · Patrimonio UNESCO — La medina otomana de Argel trepa desde el puerto hasta la ciudadela en un laberinto de callejones, arcos y casas con patio; es Patrimonio de la Humanidad desde 1992 (ref. 565). La ciudadela de los deys se levantó entre 1516 y 1592 y ocupa 9.000 m2. Arriba, en un acantilado de 124 m sobre la bahía, la basílica neobizantina de Notre-Dame d'Afrique (1858-1872) lleva en el ábside la inscripción «priez pour nous et pour les Musulmans». AVISO: buena parte de la Casbah está en ruina y con derrumbes; conviene entrar con guía local y no fotografiar edificios oficiales. — Perro: no recomendado","https://commons.wikimedia.org/wiki/Special:FilePath/Casbah_of_Algiers,_patio.jpg?width=1200",https://theawakeman.github.io/africa2027/paises/argelia/#poi-1,"https://www.google.com/maps?q=36.78489,3.0612",PDI · Ámbar,36.78489,3.0612
Tipasa · ruinas púnicas y romanas sobre el mar (UNESCO),"Alta · Patrimonio UNESCO — Antiguo emporio púnico convertido por Claudio en colonia militar, Tipasa llegó a 20.000 habitantes en el siglo IV y fue un foco cristiano con TRES BASÍLICAS. Las ruinas ocupan dos parques arqueológicos que caen directamente sobre el Mediterráneo: anfiteatro, basílica judicial, templos y la villa de los Frescos. Inscrita por la UNESCO en 1982 (ref. 193) junto con el Mausoleo real de Mauritania, y estuvo en la lista de Patrimonio en Peligro entre 2002 y 2006. Hay poca sombra: llevar agua. — Perro: por confirmar",https://commons.wikimedia.org/wiki/Special:FilePath/Tipasa_22.jpg?width=1200,https://theawakeman.github.io/africa2027/paises/argelia/#poi-2,"https://www.google.com/maps?q=36.59067,2.44337",PDI · Ámbar,36.59067,2.44337
Mausoleo real de Mauritania · la «Tumba de la Cristiana» (UNESCO),"Media · Patrimonio UNESCO — Túmulo real beréber del año 3 a. C. sobre la meseta del Sahel, a 11 km al sureste de Tipasa. Base cuadrada de unos 60 m de lado y unos 30-32 m de altura actual (los 40 m originales se perdieron por saqueos y cañoneos). Se atribuye a Juba II y Cleopatra Selene II, aunque LOS RESTOS YA NO ESTÁN ALLÍ. Forma parte de la inscripción UNESCO de Tipasa. El nombre árabe Kbor er Roumia y el francés Tombeau de la Chrétienne son un malentendido: nada tiene de cristiano. — Perro: por confirmar",https://commons.wikimedia.org/wiki/Special:FilePath/Royal_Mausoleum_of_Mauretania_01.jpg?width=1200,https://theawakeman.github.io/africa2027/paises/argelia/#poi-3,"https://www.google.com/maps?q=36.57496,2.55274",PDI · Ámbar,36.57496,2.55274
Cherchell · el museo y el litoral romano,"Media · Cultura — La púnica Iol fue refundada por Juba II como Caesarea Mauretaniae y llegó a ser capital de provincia; hoy es un puerto tranquilo a 89 km al oeste de Argel. Su museo arqueológico guarda ALGUNAS DE LAS MEJORES ESCULTURAS GRIEGAS Y ROMANAS DE ÁFRICA, con piezas como el Neptuno y la Venus halladas en el propio yacimiento. Del teatro, el anfiteatro y las termas marítimas queda poco: sirvieron de cantera en el siglo XIX. Hay mosaicos de las Tres Gracias y de la vendimia. — Perro: prohibido",https://commons.wikimedia.org/wiki/Special:FilePath/Cherchell_Harbour_01.jpg?width=1200,https://theawakeman.github.io/africa2027/paises/argelia/#poi-4,"https://www.google.com/maps?q=36.60838,2.19114",PDI · Morado,36.60838,2.19114
Constantina · la ciudad de los puentes y las gargantas del Rhummel,"Alta · Ciudad · servicios — La antigua Cirta, fundada hacia el 203 a. C., se asienta a 694 m sobre un peñón partido por la garganta del Rhummel, y solo se sostiene gracias a sus puentes. El de Sidi M'Cid, colgante y de 168 m, y el viaducto de Sidi Rached, de 447 m y VEINTISIETE ARCOS, son ambos de 1912. Es una ciudad grande, con talleres, combustible y hoteles, buena base logística del este. El aviso francés sitúa la wilaya de Constantina entre las de riesgo elevado: evitar desplazamientos nocturnos por carreteras secundarias. — Perro: permitido con condiciones",https://commons.wikimedia.org/wiki/Special:FilePath/Pont_de_Sidi_M'Cid_01.jpg?width=1200,https://theawakeman.github.io/africa2027/paises/argelia/#poi-5,"https://www.google.com/maps?q=36.37236,6.61418",PDI · Azul,36.37236,6.61418
Timgad · la ciudad romana del Aurés (UNESCO),"Alta · Patrimonio UNESCO — Colonia fundada por Trajano hacia el año 100 d. C. para veteranos, Timgad es el manual de urbanismo romano hecho piedra: retícula perfecta de cardo y decumano sobre la meseta del Aurés. Conserva el arco de Trajano de 12 m, un teatro de 3.500 plazas todavía en uso y UNA BIBLIOTECA PARA UNOS 3.000 ROLLOS, rareza en el mundo romano. Patrimonio de la Humanidad desde 1982 (ref. 194). No hay sombra ni agua dentro del recinto: entrar temprano y salir antes del mediodía. — Perro: no recomendado",https://commons.wikimedia.org/wiki/Special:FilePath/Timgad_Ruins_Panorama.jpg?width=1200,https://theawakeman.github.io/africa2027/paises/argelia/#poi-6,"https://www.google.com/maps?q=35.49441,6.4684",PDI · Ámbar,35.49441,6.4684
"Djémila · Cuicul, la ciudad romana de montaña (UNESCO)","Alta · Patrimonio UNESCO — Cuicul se fundó bajo Nerva (96-98 d. C.) en un espolón A 900 M DE ALTITUD, y por eso su plano se retuerce para adaptarse a la montaña en lugar de imponer la retícula habitual: ahí está su valor. Conserva foro, templos, basílicas, el arco de Caracalla (216), el templo de la Gens Septimia (229) y un barrio cristiano del siglo V con tres basílicas y baptisterio. El museo reúne una colección notable de mosaicos. Recibe unos 30.000 visitantes al año: se recorre con calma y casi solo. — Perro: no recomendado","https://commons.wikimedia.org/wiki/Special:FilePath/Roman_Ruins_of_Djemila_in_S%C3%A9tif,_Algeria.jpg?width=1200",https://theawakeman.github.io/africa2027/paises/argelia/#poi-7,"https://www.google.com/maps?q=36.31384,5.73738",PDI · Ámbar,36.31384,5.73738
"Orán · Santa Cruz, la Blanca y el frente de mar","Alta · Ciudad · servicios — Segunda ciudad del país y PUERTA DE ENTRADA REALISTA DEL VIAJE: los ferris desde Almería y Alicante atracan aquí. Fue española entre 1509 y 1708 y otra vez entre 1732 y 1792, y de ahí viene el fuerte de Santa Cruz, levantado en 1563 por Álvaro de Bazán en lo alto del monte Aïdour-Murdjadjo, a más de 300 m sobre el mar. Desde la explanada se domina toda la bahía. Abajo, la place du 1er Novembre y el teatro regional marcan el centro colonial. Ciudad grande: hay talleres, repuestos y gasóleo. — Perro: permitido con condiciones",https://commons.wikimedia.org/wiki/Special:FilePath/ORAN_City_%26_Coast.jpg?width=1200,https://theawakeman.github.io/africa2027/paises/argelia/#poi-8,"https://www.google.com/maps?q=35.69874,-0.63493",PDI · Azul,35.69874,-0.63493
"Tremecén · Mansourah, Sidi Bumedián y el arte hispanomusulmán","Alta · Cultura — A 842 m de altitud, Tremecén fue capital del reino zayánida entre 1236 y 1554 y es el gran depósito de arte hispanomusulmán al sur del Estrecho. La Gran Mezquita SE TERMINÓ EN 1136 y es el ejemplo almorávide más notable que queda en pie. Fuera del casco, el mausoleo y la mezquita de Sidi Bumedián y las murallas arruinadas de Mansourah, levantadas por los meriníes durante el asedio de la ciudad. Altura del alminar de Mansourah y fechas exactas: POR CONFIRMAR, la Wikipedia consultada no las da. — Perro: prohibido",https://commons.wikimedia.org/wiki/Special:FilePath/Tomb_of_Sidi_Boumediene_03.jpg?width=1200,https://theawakeman.github.io/africa2027/paises/argelia/#poi-9,"https://www.google.com/maps?q=34.87786,-1.2896",PDI · Morado,34.87786,-1.2896
Valle del M'Zab · Ghardaïa y las cinco ciudades ibadíes (UNESCO),"Alta · Patrimonio UNESCO — Cinco ksour fundados ENTRE 1012 Y 1350 por los mozabitas ibadíes —Ghardaïa, Beni Isguen, Melika, Bounoura y El Atteuf, la más antigua— forman una pentápolis de casas apiñadas en cono alrededor de la mezquita, a unos 600 km al sur de Argel. Es Patrimonio de la Humanidad desde 1982 (ref. 188) y fue referencia declarada de Le Corbusier. AVISO: Beni Isguen prohíbe a los no mozabitas el acceso a varias zonas y a cualquier extranjero pernoctar dentro de sus murallas; se entra con guía local de la puerta. — Perro: no recomendado",https://commons.wikimedia.org/wiki/Special:FilePath/Ksar_Ghardaia_place_march%C3%A9_1.jpg?width=1200,https://theawakeman.github.io/africa2027/paises/argelia/#poi-10,"https://www.google.com/maps?q=32.49437,3.64446",PDI · Ámbar,32.49437,3.64446
Timimoun y el Gourara · las foggaras y el ksar rojo,"Alta · Cultura — La «oasis roja» del Gourara, a 288 m de altitud y 33.060 habitantes, debe su nombre AL OCRE ROJO DE SUS MUROS de adobe. Vive del agua de las foggaras, galerías drenantes de tipo qanat que suman miles de kilómetros en la región del Gourara y el Tuat y que ya se usaban con seguridad en el siglo XI. Al noroeste se abre una sebja salada. AVISO: Timimoun figura entre las wilayas del «Gran Sur» en las que el visado a la llegada solo se concede a viajes organizados por AGENCIA AUTORIZADA. — Perro: permitido con condiciones",https://commons.wikimedia.org/wiki/Special:FilePath/Entr%C3%A9e_de_Timimoun_%D8%AA%D9%8A%D9%85%D9%8A%D9%85%D9%88%D9%86.jpg?width=1200,https://theawakeman.github.io/africa2027/paises/argelia/#poi-11,"https://www.google.com/maps?q=29.26169,0.2416",PDI · Morado,29.26169,0.2416
Taghit y el Grand Erg Occidental · el palmeral bajo la duna,"Alta · Naturaleza — Oasis de 6.317 habitantes a 623 m y 95 km de Béchar, con el ksar viejo encaramado sobre el palmeral y, justo detrás, el frente de dunas del Grand Erg Occidental, que se extiende hacia el este siguiendo el oued Zouzfana. En los alrededores hay MUCHOS GRABADOS RUPESTRES NEOLÍTICOS, el otro motivo de visita. Es la postal clásica del Sáhara argelino y la más accesible desde el norte. AVISO: Béchar figura entre las wilayas del Gran Sur sujetas a visado por agencia autorizada. — Perro: permitido con condiciones",https://commons.wikimedia.org/wiki/Special:FilePath/Vue_de_Taghit.jpg?width=1200,https://theawakeman.github.io/africa2027/paises/argelia/#poi-12,"https://www.google.com/maps?q=30.91699,-2.02956",PDI · Verde,30.91699,-2.02956
Tassili n'Ajjer · el arte rupestre del Sáhara (UNESCO),"Alta · Patrimonio UNESCO — Meseta de arenisca de 72.000 km2 en el sureste sahariano, parque nacional desde 1972, Patrimonio de la Humanidad desde 1982 (ref. 179) y reserva de la biosfera. Guarda MÁS DE 15.000 GRABADOS Y PINTURAS identificados, con dataciones que arrancan hace unos 12.000 años y documentan un Sáhara verde con elefantes, jirafas y ganado. También conserva el ciprés del Sáhara, Cupressus dupreziana, de los seres vivos más longevos. AVISO: solo se visita con agencia autorizada y hay controles militares en los accesos. — Perro: prohibido",https://commons.wikimedia.org/wiki/Special:FilePath/The_Tanzoumaitak_cave_painting_in_Tassili_n'ajjer.jpg?width=1200,https://theawakeman.github.io/africa2027/paises/argelia/#poi-13,"https://www.google.com/maps?q=24.55415,9.48543",PDI · Ámbar,24.55415,9.48543
"Hoggar · Tamanrasset, el Assekrem y los picos volcánicos","Alta · Naturaleza — El macizo del Hoggar es un campo volcánico sobre roca metamórfica de unos 2.000 MILLONES DE AÑOS, con agujas que son chimeneas de volcanes desmantelados por la erosión. Corona el monte Tahat, 2.908 m, techo de Argelia. El Assekrem, a 2.726 m, es el mirador clásico: allí levantó Charles de Foucauld su ermita en 1911 y todavía la habitan unos monjes. La base es Tamanrasset, 1.320 m y unos 141.000 habitantes. AVISO: wilaya del Gran Sur, con agencia autorizada obligatoria y control militar en el acceso. — Perro: prohibido",https://commons.wikimedia.org/wiki/Special:FilePath/Assekrem_(ahaggar_national_park).jpg?width=1200,https://theawakeman.github.io/africa2027/paises/argelia/#poi-14,"https://www.google.com/maps?q=23.30472,6.32444",PDI · Verde,23.30472,6.32444
Djanet y el erg Admer · la puerta del Tassili,"Alta · Ciudad · servicios — Oasis tuareg a 1.035 m en el valle del oued Idjeriou, en el borde suroeste del Tassili, con unos 14.655 habitantes en 2008. Es LA BASE LOGÍSTICA DEL SURESTE: desde aquí salen todas las expediciones al Tassili n'Ajjer y al Tadrart, y al oeste se abre el erg Admer. Tiene aeropuerto a unos 30 km al sur, que es por donde entra la mayoría de visitantes con el visado a la llegada del Gran Sur. Está a 412 km al sur de Illizi. AVISO: la policía identifica a los extranjeros a la llegada y la agencia debe recogerlos. — Perro: prohibido",https://commons.wikimedia.org/wiki/Special:FilePath/Djanet_-_2019.jpg?width=1200,https://theawakeman.github.io/africa2027/paises/argelia/#poi-15,"https://www.google.com/maps?q=24.28942,9.46576",PDI · Azul,24.28942,9.46576
Béjaïa y la Cabilia · el cabo Carbon y Gouraya,"Alta · Costa — Capital hammadí desde 1067 y uno de los grandes focos científicos del Mediterráneo occidental medieval: aquí estuvo Fibonacci hacia 1202 y de aquí se llevó a Europa la numeración árabe. Hoy es un puerto de montaña con el parque nacional de Gouraya (20,8 km2, creado en 1984, reserva de la biosfera desde 2004) encajado sobre la ciudad. En el cabo Carbon, EL FARO DE 1906 ESTÁ A 220 M SOBRE EL MAR, el más alto del mundo por su emplazamiento natural, con un alcance de 33 millas. — Perro: no recomendado",https://commons.wikimedia.org/wiki/Special:FilePath/Cap_Carbon_(B%C3%A9ja%C3%AFa).jpg?width=1200,https://theawakeman.github.io/africa2027/paises/argelia/#poi-16,"https://www.google.com/maps?q=36.7744,5.10217",PDI · Turquesa,36.7744,5.10217
Parque nacional del Djurdjura · Tikjda y las cumbres nevadas,"Media · Naturaleza — Creado el 23 de julio de 1983 y con 185 km2, el Djurdjura es la gran sierra caliza de la Cabilia y el último refugio argelino del MACACO DE BERBERÍA, un primate cuya área prehistórica cubría todo el norte de África. La estación de Tikjda, a 1.600 m, es la base: cedrales, paredes de escalada, la sima del Akouker y el mirador del Djurdjura. En días claros se ve el Mediterráneo. La wilaya de Bouira figura entre las de riesgo elevado del aviso francés: nada de rutas por libre ni pernocta improvisada. — Perro: no recomendado",https://commons.wikimedia.org/wiki/Special:FilePath/Massif_of_The_Djurdjura_in_kabylia.jpg?width=1200,https://theawakeman.github.io/africa2027/paises/argelia/#poi-17,"https://www.google.com/maps?q=36.46853,4.18662",PDI · Verde,36.46853,4.18662
Annaba e Hipona · la basílica y San Agustín,"Media · Cultura — Hipona fue puerto fenicio desde el siglo XII a. C. y ciudad romana de primer orden; AQUÍ FUE OBISPO SAN AGUSTÍN DESDE EL AÑO 396 HASTA SU MUERTE, el 28 de agosto de 430, mientras los vándalos asediaban la ciudad. Los vándalos la hicieron su capital entre 435 y 439, Bizancio la recuperó en 534 y los musulmanes la tomaron en 698. Sobre las ruinas se alza la basílica de San Agustín. La Annaba moderna ha crecido encima del yacimiento: lo visitable es un recinto acotado junto a la basílica. — Perro: prohibido",https://commons.wikimedia.org/wiki/Special:FilePath/Hippo_Regius_-_Annaba_02.jpg?width=1200,https://theawakeman.github.io/africa2027/paises/argelia/#poi-18,"https://www.google.com/maps?q=36.8818,7.74475",PDI · Morado,36.8818,7.74475
Beni Abbès y el valle de la Saoura · el oasis y la duna,"Media · Naturaleza — Oasis de 11.416 habitantes a 483 m, en la orilla izquierda del oued Saoura y rodeado por el Grand Erg Occidental por el norte, el este y el oeste. EL PALMERAL TIENE FORMA DE ESCORPIÓN y en la cola se levanta una gran duna roja, la imagen del pueblo. Aquí se instaló Charles de Foucauld en octubre de 1901 y terminó su capilla el 1 de diciembre de ese año. El centro nacional de investigación de zonas áridas mantiene un museo de etnografía, geología y zoología con jardín botánico. — Perro: permitido con condiciones",https://commons.wikimedia.org/wiki/Special:FilePath/B%C3%A9ni-Abb%C3%A9s_Oued_saoura.JPG?width=1200,https://theawakeman.github.io/africa2027/paises/argelia/#poi-19,"https://www.google.com/maps?q=30.13122,-2.16623",PDI · Verde,30.13122,-2.16623
El Oued · la ciudad de las mil cúpulas y el Souf,"Media · Cultura — Capital del Souf, a solo 76 m de altitud y con 134.699 habitantes, El Oued se conoce como LA CIUDAD DE LAS MIL CÚPULAS por sus tejados abovedados de ladrillo, una rareza en un desierto donde casi todo se construye en adobe plano. El agua subterránea permite aquí el cultivo del palmeral en ghout, hoyos excavados hasta alcanzar la capa freática. Es una parada natural entre el Aurés y el M'Zab. El aviso francés incluye la wilaya de El Oued entre las de riesgo elevado y la franja fronteriza con Túnez y Libia en zona roja. — Perro: permitido con condiciones",https://commons.wikimedia.org/wiki/Special:FilePath/La_ville_d'El_Oued_%D9%85%D8%AF%D9%8A%D9%86%D8%A9_%D8%A7%D9%84%D9%88%D8%A7%D8%AF%D9%8A.jpg?width=1200,https://theawakeman.github.io/africa2027/paises/argelia/#poi-20,"https://www.google.com/maps?q=33.36781,6.85165",PDI · Morado,33.36781,6.85165
"Bisáu · Bissau Velho, fortaleza de Amura y palacio presidencial","Alta · Ciudad · servicios — Capital fundada en 1687 como factoría portuguesa y capital colonial solo desde 1941, cuando Bolama perdió el título. El casco viejo (Bissau Velho) conserva casas coloniales descascarilladas junto al puerto de Pidjiguiti, donde el 3 de agosto de 1959 la policía mató a 50 estibadores en huelga, chispa de la guerra de liberación. La fortaleza de São José da Amura (1753, planta Vauban) es cuartel y alberga el MAUSOLEO DE AMÍLCAR CABRAL. El palacio presidencial fue bombardeado en la guerra civil de 1998-99 y reconstruido en 2013. Ciudad tranquila pero con hurtos habituales; no caminar de noche. — Perro: permitido con condiciones","https://commons.wikimedia.org/wiki/Special:FilePath/View_of_Bissau_Velho,_Bissau.jpg?width=1200",https://theawakeman.github.io/africa2027/paises/guinea-bisau/#poi-1,"https://www.google.com/maps?q=11.86047,-15.57886",PDI · Azul,11.86047,-15.57886
Quinhámel y la costa de Biombo,"Media · Costa — Capital de la región de Biombo, a unos 35 km al oeste de Bisáu, en tierra del pueblo papel. Es el escape de fin de semana de la capital: el Mar Azul Lodge, bungalós redondos con piscina sobre la desembocadura del río a unos 45 min del aeropuerto, playas fangosas de marea, bolanhas de arroz y aldeas papel. Sirve de parada previa a los Bijagós (el lodge tiene lancha propia con aviso). Sin más servicios que los del lodge, que las reseñas describen como venido a menos; combustible en Bisáu. — Perro: permitido con condiciones",https://commons.wikimedia.org/wiki/Special:FilePath/Quinhamel_port_mar_azul.jpg?width=1200,https://theawakeman.github.io/africa2027/paises/guinea-bisau/#poi-2,"https://www.google.com/maps?q=11.87223,-15.87561",PDI · Turquesa,11.87223,-15.87561
Cacheu · fuerte portugués y memorial de la esclavitud,"Alta · Cultura — Uno de los asentamientos europeos más antiguos del África subsahariana: capitanía y fuerte desde 1588, villa en 1605 y puerto negrero portugués de la Alta Guinea. El fuerte de piedra de la década de 1640 sigue en pie, con estatuas coloniales portuguesas retiradas de Bisáu apiladas en su patio. El Memorial da Escravatura e do Tráfico Negreiro, abierto el 8 de julio de 2016 en la Casa Gouveia con fondos de la UE y la Fundación Mário Soares, expone cadenas, látigos y hierros de marcar. Calles pavimentadas con cáscara de palma; pueblo pequeño y tranquilo. — Perro: no recomendado","https://commons.wikimedia.org/wiki/Special:FilePath/Memorial_da_escravatura_e_do_tr%C3%A1fico_negreiro,_Cacheu_1.jpg?width=1200",https://theawakeman.github.io/africa2027/paises/guinea-bisau/#poi-3,"https://www.google.com/maps?q=12.27769,-16.16593",PDI · Morado,12.27769,-16.16593
Parque natural de los manglares del río Cacheu,"Media · Naturaleza — Creado el 1 de diciembre de 2000, 886 km² con el 68 % cubierto de manglar: el MAYOR MANGLAR COMPACTO DE ÁFRICA OCCIDENTAL, sitio Ramsar desde el 22 de mayo de 2015. Aves migratorias invernantes, bosques sagrados y tabancas felupe con arrozales de marea entre Cacheu y São Domingos. Se visita en piragua desde Cacheu o São Domingos, siempre según horario de marea. Sin infraestructura: guías comunitarios de IBAP. — Perro: por confirmar",https://commons.wikimedia.org/wiki/Special:FilePath/Parque_Natural_dos_Tarrafes_do_Rio_Cacheu_02.jpg?width=1200,https://theawakeman.github.io/africa2027/paises/guinea-bisau/#poi-4,"https://www.google.com/maps?q=12.27326,-16.16692",PDI · Verde,12.27326,-16.16692
Varela · playas del extremo noroeste,"Alta · Costa — Aldea felupe de unos 600 habitantes en la esquina noroeste del país, a 53 km de pista de laterita desde São Domingos y a la vista de Cap Skirring por la playa. La Praia de Varela pasa por LA MEJOR PLAYA CONTINENTAL DEL PAÍS: kilómetros de arena abierta al Atlántico tras las dunas y las palmeras, playa de pescadores con marisma de marea, laguna con pelícanos y nenúfares, ostras de Susana y langosta. Hay dos o tres alojamientos sencillos (Chez Hélène, Avó Anisa). La pista es de barro y puede ser lenta en lluvias. — Perro: permitido con condiciones",https://commons.wikimedia.org/wiki/Special:FilePath/Praia_de_Varela_(2).jpg?width=1200,https://theawakeman.github.io/africa2027/paises/guinea-bisau/#poi-5,"https://www.google.com/maps?q=12.28625,-16.59454",PDI · Turquesa,12.28625,-16.59454
Canchungo y São Domingos · la puerta desde Casamance,"Media · Ciudad · servicios — São Domingos es el primer pueblo bisauguineano tras el puesto de Mpack (Senegal) / Jegue (Guinea-Bisáu), en la carretera Ziguinchor–Bisáu. Ya había factoría portuguesa aquí en 1535 (Buguendo), antes de que el comercio se mudara a Cacheu. Canchungo, 40 km al sur, es la antigua Vila Teixeira Pinto, capital manjaco, con hospital nuevo y cruce hacia Cacheu y Caió. Ninguna de las dos tiene más que gasolinera, mercado y pensiones: la frontera cierra al mediodía (12:30-13:30) y tras las 18:00. — Perro: permitido con condiciones","https://commons.wikimedia.org/wiki/Special:FilePath/Road_sign_in_S%C3%A3o_Domingos,_Guinea-Bissau_(9087836224).jpg?width=1200",https://theawakeman.github.io/africa2027/paises/guinea-bisau/#poi-6,"https://www.google.com/maps?q=12.4101,-16.19632",PDI · Azul,12.4101,-16.19632
Bolama · la antigua capital abandonada,"Media · Cultura — Primera capital de la Guinea Portuguesa (1879-1941), disputada entre Portugal y Gran Bretaña hasta que en 1870 el arbitraje del presidente ULYSSES S. GRANT la adjudicó a Portugal. Perdió la capitalidad por falta de agua dulce y desde entonces se pudre con elegancia: palacio del gobernador en ruinas, cuartel colonial convertido en hospital, avenidas con columnatas, monumento al hidroavión estrellado en 1931 y casas vacías llenas de murciélagos. Es la isla de los Bijagós más cercana al continente. No hay coches: se llega en piragua desde São João o en lancha desde Bisáu. — Perro: no recomendado","https://commons.wikimedia.org/wiki/Special:FilePath/Edif%C3%ADcios_Coloniais_em_Bolama,_Guin%C3%A9-Bissau_06.jpg?width=1200",https://theawakeman.github.io/africa2027/paises/guinea-bisau/#poi-7,"https://www.google.com/maps?q=11.57707,-15.48004",PDI · Morado,11.57707,-15.48004
Bubaque · puerta del archipiélago de los Bijagós (UNESCO),"Alta · Patrimonio UNESCO — Isla de 75 km² y principal puerto del archipiélago de los Bijagós: unas 88 islas e islotes, reserva de la biosfera desde 1996 y desde 2025 PATRIMONIO MUNDIAL UNESCO («Ecosistemas costeros y marinos del archipiélago de los Bijagós – Omatí Minhô», criterios ix y x, 394.067 ha). Bubaque tiene la sede de la reserva, un pequeño museo, lodges de todos los precios y la Praia de Bruce al sur. Es el único delta activo del Atlántico africano y una sociedad bijagó con fuerte peso de las mujeres. Ferry de unas 4 h desde Bisáu; lanchas más caras y rápidas. — Perro: no recomendado",https://commons.wikimedia.org/wiki/Special:FilePath/Bubaque_port.jpg?width=1200,https://theawakeman.github.io/africa2027/paises/guinea-bisau/#poi-8,"https://www.google.com/maps?q=11.30425,-15.83591",PDI · Ámbar,11.30425,-15.83591
Parque nacional de Orango · hipopótamos de agua salada,"Alta · Naturaleza — Parque creado en diciembre de 2000, 1.582 km² en parte marinos, sobre las islas Orango, Orangozinho, Meneque, Canogo e Imbone. Orango (272 km²) es la mayor del archipiélago y fue sede de la reina OKINKA PAMPA hasta su muerte en 1930. Sus lagunas de Anôr acogen hipopótamos que nadan en el mar y pastan en la playa, único caso conocido; también loros grises, manatíes, delfines y unas 250 especies de aves. Desde Eticoga, el Orango Parque Hotel organiza la caminata a la laguna (unos 20 min con guía local). Tasa de parque de 5.000 CFA/día. — Perro: prohibido",https://commons.wikimedia.org/wiki/Special:FilePath/Lagoa_com_hipop%C3%B3tamos_01.jpg?width=1200,https://theawakeman.github.io/africa2027/paises/guinea-bisau/#poi-9,"https://www.google.com/maps?q=11.18161,-16.13999",PDI · Verde,11.18161,-16.13999
Parque nacional marino João Vieira–Poilão · tortugas verdes,"Media · Naturaleza — Parque marino creado en agosto de 2000 (decreto 6-A/2000): 495 km², de ellos 479 de mar, en torno a cuatro islas deshabitadas del sureste del archipiélago (João Vieira, Cavalos, Meio y Poilão). Poilão es sagrada para los bijagó de Canhabaque, y ese tabú la convirtió en la MAYOR PLAYA DE NIDIFICACIÓN DE TORTUGA VERDE DE ÁFRICA: de 7.400 nidos contados en 2000 a 40.000 en 2014 y hasta 62.000 en 2020, con noches de más de mil hembras. Visitas solo con autorización, en lancha y con guardas del parque. — Perro: prohibido","https://commons.wikimedia.org/wiki/Special:FilePath/Tidal_landscapes_of_the_Bijag%C3%B3s_Archipelago,_Guinea-Bissau_(Copernicus_2026-05-05).webp?width=1200",https://theawakeman.github.io/africa2027/paises/guinea-bisau/#poi-10,"https://www.google.com/maps?q=10.86667,-15.71667",PDI · Verde,10.86667,-15.71667
Isla de Rubane y Bijagós del sur,"Media · Costa — Rubane está frente a Bubaque, al otro lado de un estrecho canal, con 165 habitantes (2009) y un solo alojamiento de lujo, Ponta Anchaca, sobre una playa de arena blanca donde se come marisco a unos 15.000 CFA. Es la puerta hacia el sur del archipiélago: Canhabaque (isla tradicional de iniciaciones), Kéré (campamento de pesca francés) y los parques de Orango y João Vieira-Poilão. Todo se mueve en lancha y depende del mar; en lluvias muchas travesías se suspenden. — Perro: por confirmar",https://commons.wikimedia.org/wiki/Special:FilePath/Hotel_Ecolodge_Ponta_Anchaca_05.jpg?width=1200,https://theawakeman.github.io/africa2027/paises/guinea-bisau/#poi-11,"https://www.google.com/maps?q=11.30365,-15.80336",PDI · Turquesa,11.30365,-15.80336
Bafatá · ciudad colonial y casa de Amílcar Cabral,"Media · Cultura — Segunda ciudad histórica del interior, fundada a mediados del XIX por el comerciante mandinga Malam Santi a orillas del Geba (su nombre significa «el río está lleno»); el presidio de Geba se trasladó aquí en 1906 y fue villa en 1913. Aquí nació AMÍLCAR CABRAL el 12 de septiembre de 1924. Su casa natal se anunció como museo en 2017 y el proyecto sigue sin cerrarse: comprobar in situ. Calle principal de fachadas coloniales, catedral, mercado y muelle sobre un río que se seca hasta el barro en la estación seca. Gasolina y pensiones básicas. — Perro: permitido con condiciones","https://commons.wikimedia.org/wiki/Special:FilePath/Birth_house_of_Am%C3%ADlcar_Cabral,_Bafat%C3%A1_1.jpg?width=1200",https://theawakeman.github.io/africa2027/paises/guinea-bisau/#poi-12,"https://www.google.com/maps?q=12.16506,-14.66133",PDI · Morado,12.16506,-14.66133
Gabú · capital del este y el reino de Kaabu,"Media · Ciudad · servicios — Mayor ciudad del este (37.525 hab. en 2010), antigua Nova Lamego colonial y capital de la región de Gabú, de mayoría fula y musulmana. Hereda el nombre del reino mandinga de KAABU (1537-1867), que dominó desde aquí Casamance y Gambia hasta que el ejército del Fouta Djalon arrasó su capital Kansala en 1867 tras un sitio de once días en que el mansaba hizo estallar la pólvora. Hoy es mercado de frontera con Senegal y Guinea y última ciudad con gasolina y bancos antes de las pistas hacia Koundara (Guinea) o Pirada (Senegal). — Perro: permitido con condiciones",https://commons.wikimedia.org/wiki/Special:FilePath/Gabumainstreet.jpg?width=1200,https://theawakeman.github.io/africa2027/paises/guinea-bisau/#poi-13,"https://www.google.com/maps?q=12.27665,-14.2212",PDI · Azul,12.27665,-14.2212
Saltinho · cascadas del río Corubal,"Alta · Naturaleza — Rápidos y saltos del Corubal, el gran río que baja del Fouta Djalon (unos 560 km), donde el agua se despeña sobre gradas de roca junto al puente de arco de hormigón General Craveiro Lopes (1955). Está a 175 km por carretera al sureste de Bisáu, en el cruce de la N1 hacia Guinea. El antiguo cuartel portugués de la guerra colonial es hoy la POUSADA DO SALTINHO (habitaciones ~20.000 CFA y comidas), el único sitio del interior donde dormir con el ruido del agua. Baño solo en las pozas laterales: en agosto el río pasa de 1.600 m³/s. — Perro: permitido con condiciones",https://commons.wikimedia.org/wiki/Special:FilePath/Saltinho_brug_(Guin%C3%A9e-Bissau).jpg?width=1200,https://theawakeman.github.io/africa2027/paises/guinea-bisau/#poi-14,"https://www.google.com/maps?q=11.61818,-14.68686",PDI · Verde,11.61818,-14.68686
Parque nacional de Cantanhez · chimpancés,"Alta · Naturaleza — Creado el 1 de octubre de 2007, 1.057 km² de selva semihúmeda, sabana y manglar en la orilla del río Cacine, en el extremo sur del país: el último bosque tropical de Guinea-Bisáu y refugio de CHIMPANCÉS OCCIDENTALES estudiados internacionalmente, además de búfalos, colobos, elefantes en tránsito y aves (IBA). Base en la aldea de Iemberém (Jemberém), a unos 250 km de Bisáu, con campamento ecoturístico del parque y guías locales; la salida para ver chimpancés empieza antes del amanecer. Los últimos 60 km son pista forestal difícil. — Perro: prohibido",https://commons.wikimedia.org/wiki/Special:FilePath/Papilio_sosia_-_Ricardo_Lima_-_242547321.jpeg?width=1200,https://theawakeman.github.io/africa2027/paises/guinea-bisau/#poi-15,"https://www.google.com/maps?q=11.27503,-14.98562",PDI · Verde,11.27503,-14.98562
Lagunas de Cufada · parque natural (Ramsar),"Media · Naturaleza — Sitio Ramsar desde el 14 de mayo de 1990 y parque natural desde el 1 de diciembre de 2000: 890 km² entre el Corubal y la carretera Buba–Fulacunda, con las lagunas de Cufada, Bionra y Bedasse, la MAYOR LAGUNA DE AGUA DULCE DEL PAÍS. Hipopótamos, manatíes, cocodrilos enanos, antílopes, primates, 54 mamíferos y 337 aves (flamencos y acuáticas). La sede está en Buba: allí se contrata guía y se pagan las tasas. Recorridos: bosques de Bacar Conté por la orilla del Corubal (1,5 h, hipopótamos y macareo) y canoa hasta el mirador de la laguna (3 h). — Perro: prohibido",https://commons.wikimedia.org/wiki/Special:FilePath/Earth_from_Space-_Guinea-Bissau_ESA523998.jpg?width=1200,https://theawakeman.github.io/africa2027/paises/guinea-bisau/#poi-16,"https://www.google.com/maps?q=11.71203,-15.07912",PDI · Verde,11.71203,-15.07912
Buba y el estuario del Rio Grande de Buba,"Media · Ciudad · servicios — Capital de la región de Quinara, a 223 km de Bisáu, en el fondo del estuario del Rio Grande de Buba, una ría de aguas tranquilas famosa por la pesca. Factoría portuguesa desde 1670 (Bolola), centro de la trata (unos 3.000 esclavos al año hacia 1625) y PRIMER CENTRO COMERCIAL DE LA GUINEA PORTUGUESA entre 1840 y 1870, hasta el hundimiento del cacahuete. Kumba Yalá quiso trasladar aquí la capital y Angola proyectó un puerto de bauxita, parado tras el golpe de 2012. Base de servicios para Cufada y Cantanhez, con pousadas junto al río. — Perro: permitido con condiciones","https://commons.wikimedia.org/wiki/Special:FilePath/Harbour_of_Buba,_Guinea-Bissau.jpg?width=1200",https://theawakeman.github.io/africa2027/paises/guinea-bisau/#poi-17,"https://www.google.com/maps?q=11.59205,-14.99438",PDI · Azul,11.59205,-14.99438
Antananarivo · Haute-Ville y palacio del Rova (Manjakamiadana),"Alta · Cultura — Recinto real de los soberanos merina sobre la colina más alta de la capital, con el palacio de la reina (Manjakamiadana, 1839-1840), la Tranovola, la casa Besakana y las tumbas reales. Un incendio lo destruyó el 6 de noviembre de 1995 justo antes de su inscripción prevista en la UNESCO; la RESTAURACIÓN SE COMPLETÓ A FINALES DE 2025, así que en 2027 debería visitarse restaurado. Buen mirador sobre la Haute-Ville de casas de ladrillo y escaleras. Ir con guía local y de día; Tana concentra la mayor parte de los robos a turistas. — Perro: prohibido",https://commons.wikimedia.org/wiki/Special:FilePath/Reconstructed_Rova_Antananarivo_Madagascar.jpg?width=1200,https://theawakeman.github.io/africa2027/paises/madagascar/#poi-1,"https://www.google.com/maps?q=-18.92371,47.53207",PDI · Morado,-18.92371,47.53207
Colina real de Ambohimanga (UNESCO),"Alta · Patrimonio UNESCO — Ciudad real amurallada y lugar sagrado de los merina a 24 km al noreste de Tana, ÚNICO SITIO CULTURAL DE MADAGASCAR EN LA LISTA UNESCO (2001). Aquí Andrianampoinimerina unificó Imerina hacia 1793 y fijó la capital espiritual del reino; se conservan fosos, murallas con 14 puertas cerradas por discos de piedra y el palacio Mahandrihono con su pilar central de palisandro de 10 m. Entrada 10.000 Ar para extranjeros (dato de Wikipedia, por actualizar); prohibido fotografiar dentro de los edificios. — Perro: prohibido",https://commons.wikimedia.org/wiki/Special:FilePath/Madagascar_Rova_of_Ambohimanga_Nanjakana_compound.jpg?width=1200,https://theawakeman.github.io/africa2027/paises/madagascar/#poi-2,"https://www.google.com/maps?q=-18.76046,47.56231",PDI · Ámbar,-18.76046,47.56231
Parque nacional de Andasibe-Mantadia · el indri,"Alta · Naturaleza — Selva de montaña a unos 150 km al este de Tana (unas 3 h por la RN2 asfaltada), el parque más fácil de visitar desde la capital. Su estrella es el INDRI, EL LÉMUR MÁS GRANDE, cuyo canto se oye a kilómetros al amanecer en la reserva de Analamazaotra (Périnet); Mantadia, más lejos y en pista, es selva primaria con diademas y lémures rufos. Llueve unos 210 días al año (1.700 mm): impermeable y botas siempre. Guía local obligatorio en ambos sectores. — Perro: prohibido","https://commons.wikimedia.org/wiki/Special:FilePath/Indri,_Andasibe_02.JPG?width=1200",https://theawakeman.github.io/africa2027/paises/madagascar/#poi-3,"https://www.google.com/maps?q=-18.93884,48.43376",PDI · Verde,-18.93884,48.43376
Parque nacional de Ranomafana (UNESCO Bosques del Atsinanana),"Alta · Patrimonio UNESCO — Selva húmeda de montaña (416 km², 800-1.200 m) a 65 km al noreste de Fianarantsoa, creada en 1991 tras el DESCUBRIMIENTO DEL LÉMUR DORADO DEL BAMBÚ por Patricia Wright, y parte del bien UNESCO Bosques del Atsinanana (2007), que estuvo en la lista de peligro de 2010 a 2025. Alberga 14 especies de lémures (8 diurnos, 6 nocturnos), y el pueblo tiene aguas termales. Siete senderos de 10 a 20 km; guía obligatorio; lluvia y sanguijuelas casi garantizadas. — Perro: prohibido",https://commons.wikimedia.org/wiki/Special:FilePath/Namorona_River_in_Ranomafana_National_Park_2013_1.jpg?width=1200,https://theawakeman.github.io/africa2027/paises/madagascar/#poi-4,"https://www.google.com/maps?q=-21.25505,47.45638",PDI · Ámbar,-21.25505,47.45638
Fianarantsoa · ciudad alta y tren FCE a Manakara,"Media · Ciudad · servicios — Capital betsileo (fundada en 1830, 1.200 m) con una ciudad alta de casas de ladrillo y templos del XIX: la iglesia Antranobiriky (1859), la catedral (1871-1890) y la Trinité Masombahoaka (1885). De la estación de la ciudad baja (1935) sale el TREN FCE A MANAKARA: 162,8 km, 48 túneles y 65 puentes, entre 12 y 18 horas, con salidas hacia las 7 h unos días por semana y cortes frecuentes en época de lluvias (dic-mar). Buena base de servicios y talleres antes de Ranomafana y Ambalavao. — Perro: por confirmar",https://commons.wikimedia.org/wiki/Special:FilePath/Ville_Haute_Fianarantsoa.jpg?width=1200,https://theawakeman.github.io/africa2027/paises/madagascar/#poi-5,"https://www.google.com/maps?q=-21.44776,47.09019",PDI · Azul,-21.44776,47.09019
Ambalavao · papel antaimoro y reserva comunitaria de Anja (lémures de cola anillada),"Alta · Naturaleza — Ambalavao, al pie de los grandes domos graníticos del sur betsileo, es conocida por su GRAN MERCADO DE CEBÚES DE LOS MIÉRCOLES y por el taller de papel antaimoro, hecho con corteza de avoha y flores prensadas. A 13 km al sur, la reserva comunitaria de Anja (30 ha, creada en 2001 por la asociación Anja Miray) es el LUGAR MÁS SEGURO PARA VER LÉMURES DE COLA ANILLADA: unos 300 ejemplares habituados entre bloques de granito y tumbas betsileo. Circuitos de 1-2 h o hasta 6 h con guía obligatorio. — Perro: no recomendado",https://commons.wikimedia.org/wiki/Special:FilePath/Ring-tailed_lemur_(Lemur_catta)_in_tree.jpg?width=1200,https://theawakeman.github.io/africa2027/paises/madagascar/#poi-6,"https://www.google.com/maps?q=-21.85096,46.84192",PDI · Verde,-21.85096,46.84192
Parque nacional de Andringitra · Pic Boby (2.658 m),"Media · Naturaleza — Macizo granítico del sur betsileo (31.160 ha, reserva desde 1927 y parque desde 1999, UNESCO Atsinanana 2007) con el PIC BOBY O IMARIVOLANITRA, 2.658 M, SEGUNDA CUMBRE DE MADAGASCAR. Aquí se registró la temperatura mínima del país, -8 °C, y algunos años nieva. El trek clásico a la cima son 2 días y 28 km desde Namoly, con cinco campamentos equipados; el valle de Tsaranoro, al oeste, es la alternativa de escalada y lodges. Pista de acceso de 47 km desde Ambalavao, solo 4x4 y muy mala de noviembre a marzo. — Perro: prohibido","https://commons.wikimedia.org/wiki/Special:FilePath/Andringitra,_Madagascar_by_Effervescing_Elephant-09.jpg?width=1200",https://theawakeman.github.io/africa2027/paises/madagascar/#poi-7,"https://www.google.com/maps?q=-22.1213,46.91739",PDI · Verde,-22.1213,46.91739
Parque nacional del Isalo · cañones y piscinas naturales,"Alta · Naturaleza — Macizo de arenisca del Triásico-Jurásico (815 km², parque desde 1962) erosionado en cañones, mesetas y agujas junto a la RN7 en Ranohira: el paisaje «western» de Madagascar. Circuitos con guía obligatorio a la Piscine Naturelle, la Cascade des Nymphes y el Canyon des Makis, con lémures de cola anillada y sifakas de Verreaux; es el PARQUE MÁS VISITADO DEL PAÍS (32.714 visitantes ya en 2011). Calor fuerte a mediodía y ninguna sombra en las mesetas; agua y gorro. El FCDO señala asaltos en la zona de Ilakaka (zafiros), justo al oeste. — Perro: prohibido",https://commons.wikimedia.org/wiki/Special:FilePath/Isalo_National_Park_04.jpg?width=1200,https://theawakeman.github.io/africa2027/paises/madagascar/#poi-8,"https://www.google.com/maps?q=-22.55649,45.41337",PDI · Verde,-22.55649,45.41337
Toliara (Tuléar) e Ifaty · reserva de Reniala (baobabs) y arrecife,"Media · Costa — Toliara, final de la RN7 junto al trópico de Capricornio, es la «ciudad del sol» (menos de 400 mm de lluvia al año) y base de servicios del suroeste; su arboreto de Antsokay (1980, 52 ha, 920 especies) merece una hora. A 30 km al norte por la RN9, asfaltada desde 2016, Ifaty-Mangily tiene lagunas de arrecife, buceo y la reserva privada de Reniala (60 ha de bosque espinoso, abierta en 2001) con BAOBABS ADANSONIA RUBROSTIPA, uno de ellos, «la tetera», de unos 1.500 años y más de 10 m de perímetro. Entrada 15.000-30.000 Ar según circuito. Canadá y FCDO citan asaltos en la playa de la Batterie de Toliara. — Perro: permitido con condiciones",https://commons.wikimedia.org/wiki/Special:FilePath/Ifaty_beach_Madagascar.jpg?width=1200,https://theawakeman.github.io/africa2027/paises/madagascar/#poi-9,"https://www.google.com/maps?q=-23.12276,43.6205",PDI · Turquesa,-23.12276,43.6205
Anakao y Nosy Ve · playas del sur y ballenas,"Media · Costa — Pueblo de pescadores vezo 35 km al sur de Toliara, sin carretera practicable: se llega en lancha rápida desde el puerto de Mahavatse (Toliara) en 1 h —salida 9:30, vuelta 7:30, 60.000 Ar por trayecto según Transfert Anakao— y el 4x4 se queda en Toliara. Playa de arena blanca, piraguas de vela y dunas; enfrente, a 3,5-5 km, la isla plana de NOSY VE, LA COLONIA DE RABIJUNCOS DE COLA ROJA MÁS AUSTRAL DEL MUNDO QUE CRÍA TODO EL AÑO, sagrada para los vezo (sacrificios de cebú), sin sombra ni pernocta, entrada 2.000 Ar. Ballenas jorobadas de paso frente a la costa entre junio y septiembre. — Perro: no recomendado",https://commons.wikimedia.org/wiki/Special:FilePath/Anakao_departure_point_for_Nosy_Ve.jpg?width=1200,https://theawakeman.github.io/africa2027/paises/madagascar/#poi-10,"https://www.google.com/maps?q=-23.66426,43.64827",PDI · Turquesa,-23.66426,43.64827
Morondava · avenida de los baobabs,"Alta · Naturaleza — Tramo de 260 m de la RN8 de tierra, unos 20 km al norte de Morondava, flanqueado por 20-25 baobabs Adansonia grandidieri de unos 30 m (unos 45-50 en el entorno), la imagen más reproducida de Madagascar. Es MONUMENTO NATURAL PROTEGIDO DESDE JULIO DE 2015 (protección temporal desde 2007). A 7 km al noroeste, los «baobabs amoureux», dos Adansonia za entrelazados. Al atardecer se llena de coches y vendedores; ir también al amanecer, cuando no hay nadie. Morondava tiene aeropuerto con vuelos regulares, útil para saltarse los 2 días de carretera desde Tana. — Perro: permitido con condiciones",https://commons.wikimedia.org/wiki/Special:FilePath/All%C3%A9e_des_baobabs_Morondava_Madagascar.jpg?width=1200,https://theawakeman.github.io/africa2027/paises/madagascar/#poi-11,"https://www.google.com/maps?q=-20.25048,44.41969",PDI · Verde,-20.25048,44.41969
Bosque de Kirindy · fosa y lémures nocturnos,"Alta · Naturaleza — Bosque seco caducifolio de 125 km² a unas 2 h (50-60 km) al noreste de Morondava, en la pista hacia el Tsingy. Es EL MEJOR LUGAR DEL MUNDO PARA VER LA FOSA, el mayor depredador de la isla, y hogar de nueve especies de lémures, entre ellas el lémur ratón de Madame Berthe, EL PRIMATE MÁS PEQUEÑO DEL MUNDO, y de la rata saltadora gigante. Los paseos nocturnos con guía (unas 2 h) son la razón de dormir en el Kirindy Ecolodge, básico. Entrada 50.000 Ar más guía 50.000-70.000 Ar (2025). Calor y polvo en seco; las fosas se ven sobre todo en OCTUBRE-NOVIEMBRE, su celo. — Perro: prohibido",https://commons.wikimedia.org/wiki/Special:FilePath/Fossa_02.JPG?width=1200,https://theawakeman.github.io/africa2027/paises/madagascar/#poi-12,"https://www.google.com/maps?q=-20.05743,44.62756",PDI · Verde,-20.05743,44.62756
Tsingy de Bemaraha (UNESCO),"Alta · Patrimonio UNESCO — Meseta kárstica de 723 km² (parque desde 1997) esculpida en agujas de caliza —tsingy, «donde no se puede andar descalzo»— de hasta 100 m, PATRIMONIO DE LA HUMANIDAD DESDE 1990 y ampliado en 2023 como «Bosques secos del Andrefana». Se visita desde Bekopaka: el Petit Tsingy en unas 3 h y el Grand Tsingy con VÍA FERRATA, arneses y puentes colgantes (buena forma física). Llegar es la aventura: unos 200 km de pista desde Morondava (8-10 h) con dos barcazas, Tsiribihina y Manambolo (esta solo hasta las 18 h). El parque cierra en lluvias: abierto de mayo a noviembre. — Perro: prohibido",https://commons.wikimedia.org/wiki/Special:FilePath/Grand_Tsingy_08.JPG?width=1200,https://theawakeman.github.io/africa2027/paises/madagascar/#poi-13,"https://www.google.com/maps?q=-19.14485,44.79584",PDI · Ámbar,-19.14485,44.79584
Nosy Be · Lokobe y Nosy Tanikely,"Alta · Costa — La isla turística de Madagascar (320 km², 109.465 hab.), con aeropuerto internacional en Fascene y los únicos resorts grandes del país; base para dos parques: Lokobe (15 km², reserva desde 1927, parque nacional en 2011), selva de baja altitud con LÉMURES NEGROS a la que se llega en piragua desde Ambatozavavy o por la nueva entrada de Ambanoro, y NOSY TANIKELY, «el acuario natural» (parque marino desde el 6-9-2011, 341 ha, 8,5 km al sur), con faro de 1908, tortugas y rayas a metros de la orilla. Seco y visitable de junio a septiembre; Canadá y FCDO avisan de robos incluso de día en playas aisladas. — Perro: prohibido","https://commons.wikimedia.org/wiki/Special:FilePath/Ville_de_Nosy_Be_Hell_ville,_Madagascar.jpg?width=1200",https://theawakeman.github.io/africa2027/paises/madagascar/#poi-14,"https://www.google.com/maps?q=-13.40776,48.2808",PDI · Turquesa,-13.40776,48.2808
"Antsiranana (Diego Suárez) · bahía, Ramena y Mar de Esmeralda","Alta · Costa — Ciudad-puerto del extremo norte (129.320 hab.) sobre una de las mayores bahías de aguas profundas del Índico, colonia naval francesa desde 1885 y escenario en 1942 de la Operación Ironclad, con ataque de minisubmarinos japoneses. A 18 km por la RN59b asfaltada, la playa de Ramena es el embarcadero hacia el MAR DE ESMERALDA, laguna turquesa al otro lado de la bocana (1 h en piragua de vela, unos 60.000 Ar el día con comida), y hacia el Pain de Sucre. Base para Montaña de Ámbar y Ankarana; de junio a septiembre sopla el varatraza, viento del este que hace de la bahía un destino de kitesurf. — Perro: permitido con condiciones",https://commons.wikimedia.org/wiki/Special:FilePath/Vue_panoramique_de_Diego-Suarez_du_haut_des_Montagnes_des_Fran%C3%A7ais_(44543).jpg?width=1200,https://theawakeman.github.io/africa2027/paises/madagascar/#poi-15,"https://www.google.com/maps?q=-12.24943,49.34143",PDI · Turquesa,-12.24943,49.34143
Parque nacional de la Montaña de Ámbar,"Media · Naturaleza — Macizo volcánico aislado que se levanta sobre la sabana del norte (18.200 ha de parque más reserva especial), PRIMER PARQUE NACIONAL DE MADAGASCAR (28-10-1958), a solo 37 km de Antsiranana vía Joffreville (34 km asfaltados + 3 km de pista). Recibe 3.585 mm de lluvia frente a los 1.000 mm de la ciudad, de ahí su selva con cascadas —la Grande Cascade de Antomboka, de 80 m, y la cascada sagrada— y cinco lagos de cráter. Su camaleón hoja Brookesia tuberculata es UNO DE LOS REPTILES MÁS PEQUEÑOS DEL MUNDO; ocho especies de lémures. Fresco y húmedo: chubasquero. — Perro: prohibido",https://commons.wikimedia.org/wiki/Special:FilePath/Waterfall_Montagne_d_Ambre_MS5563.jpg?width=1200,https://theawakeman.github.io/africa2027/paises/madagascar/#poi-16,"https://www.google.com/maps?q=-12.61667,49.15",PDI · Verde,-12.61667,49.15
Reserva especial de Ankarana · tsingy y cuevas,"Alta · Naturaleza — Meseta de caliza jurásica (182 km², reserva desde el 20-2-1956) a 108 km al suroeste de Antsiranana, con tsingy, cañones y UNOS 100 KM DE GALERÍAS SUBTERRÁNEAS CARTOGRAFIADAS —la cueva de Andrafiabe suma más de 8 km— por las que corren ríos que desaparecen en la «Perte des Rivières». Refugio de lémures coronados y de Sanford, y de colonias de murciélagos en la Grotte des Chauves-Souris. Es el tsingy fácil: entrada de Mahamasina sobre la RN6 asfaltada, con camping equipado y circuitos de 2 a 9 horas. Guía obligatorio; frontal para las cuevas. — Perro: prohibido",https://commons.wikimedia.org/wiki/Special:FilePath/Ankarana_Reserve_tsingy_at_sunset_Madagascar.jpg?width=1200,https://theawakeman.github.io/africa2027/paises/madagascar/#poi-17,"https://www.google.com/maps?q=-12.89554,49.14237",PDI · Verde,-12.89554,49.14237
Isla de Sainte-Marie (Nosy Boraha) · ballenas jorobadas y cementerio de piratas,"Alta · Costa — Isla alargada de la costa este (60 km por menos de 10, 222 km², unos 30.000 hab.) que entre 1691 y 1719 fue GUARIDA DE PIRATAS COMO KIDD, LEVASSEUR O EVERY, con base en la Île aux Forbans de la bahía de Ambodifotatra; el cementerio de piratas, con lápidas ilegibles bajo las palmeras, es la visita obligada. De junio a septiembre las BALLENAS JOROBADAS llegan del Antártico a la bahía de Tintingue para aparearse y criar, con máximo en julio-septiembre y el Festival des Baleines en julio; está prohibido meterse al agua con ellas. Aeropuerto internacional desde 2015; lanchas desde Soanierana Ivongo y Mahambo, con mar a menudo duro. — Perro: no recomendado","https://commons.wikimedia.org/wiki/Special:FilePath/Pirogues_de_l'%C3%AEle_aux_Nattes,_Sainte-Marie,_Madagascar.jpg?width=1200",https://theawakeman.github.io/africa2027/paises/madagascar/#poi-18,"https://www.google.com/maps?q=-17.01186,49.84783",PDI · Turquesa,-17.01186,49.84783
Parque nacional de Masoala y Nosy Mangabe (Maroantsetra),"Media · Patrimonio UNESCO — EL MAYOR ESPACIO PROTEGIDO DE MADAGASCAR (2.400 km², parque desde 1997, UNESCO Atsinanana 2007): la selva de la península de Masoala llega hasta el mar con tres reservas marinas y el lémur rufo rojo, endémico de aquí. Se entra solo en barca (unas 3 h) desde Maroantsetra; en la misma bahía, a 2 km y 45 min, la isla-reserva de NOSY MANGABE (1965) es uno de los mejores sitios del mundo para ver el AYE-AYE nocturno, con campamento y grabados de marinos holandeses del s. XVI. Maroantsetra se alcanza en avión (lunes desde Tana, cancelable) o por la RN5: 400 km, 2-5 días de barro y 13 ríos. — Perro: prohibido",https://commons.wikimedia.org/wiki/Special:FilePath/Masoala_village.jpg?width=1200,https://theawakeman.github.io/africa2027/paises/madagascar/#poi-19,"https://www.google.com/maps?q=-15.43938,49.74812",PDI · Ámbar,-15.43938,49.74812
Antsirabe · ciudad termal y lagos Tritriva y Andraikiba,"Media · Ciudad · servicios — Ciudad de las tierras altas a 1.500 m (265.018 hab.), fundada en 1872 por el misionero noruego T.G. Rosaas como lugar de reposo; los baños termales abrieron en 1917 y el Hôtel des Thermes en 1922. Es la capital del pousse-pousse (5.600 censados en 2006) y de los talleres de cuernos de cebú y piedras. A 15 km por la RN34, el LAGO TRITRIVA, EL MÁS PROFUNDO DE MADAGASCAR (160 m), llena un cráter cerrado por paredes de gneis a 1.950 m; es fady bañarse. El Andraikiba, a 7 km, es otro cráter con paseo y barcas. Noches frías: la ciudad está más alta que Tana. — Perro: permitido con condiciones",https://commons.wikimedia.org/wiki/Special:FilePath/Lake_Tritriva_01.jpg?width=1200,https://theawakeman.github.io/africa2027/paises/madagascar/#poi-20,"https://www.google.com/maps?q=-19.92892,46.92452",PDI · Azul,-19.92892,46.92452
"Bamako · Museo Nacional, colina del Point G y el Níger","Alta · Ciudad · servicios — Capital de Mali a orillas del Níger, con 4,2 millones de habitantes (censo 2022). El Museo Nacional, abierto en 1953 y reconstruido con arquitectura de inspiración tradicional, guarda unos 10.000 objetos etnográficos y arqueológicos y maquetas de las mezquitas de Djenné y Tombuctú; se le considera de los mejores de África occidental. Sobre la ciudad se alza la colina del Point G, resto de un antiguo volcán. ESTADO ACTUAL: el MAEC clasifica Bamako como riesgo elevado y desaconseja el viaje; FCDO señala bloqueos de JNIM en las rutas de acceso a la capital (2026). — Perro: prohibido","https://commons.wikimedia.org/wiki/Special:FilePath/Au_Mus%C3%A9e_National_du_Mali_-_Bamako,_MALI.jpg?width=1200",https://theawakeman.github.io/africa2027/paises/mali/#poi-1,"https://www.google.com/maps?q=12.65856,-7.99948",PDI · Azul,12.65856,-7.99948
Siby · arco de Kamandjan y montes Mandé,"Alta · Naturaleza — Pueblo mandinga a 50 km al suroeste de Bamako sobre la RN5 hacia Guinea, al pie de los montes Mandingues. La atracción es el arco de Kamandjan, una ventana natural en la cresta de arenisca que, según la leyenda, abrió el rey Kamandjan Camara de un sablazo la víspera de partir con Sundiata Keïta; desde él se domina toda la llanura. Cerca hay un antiguo horno de fundición de hierro del imperio de Mali y el «yunque de Niekema». Es la salida de fin de semana clásica de los expatriados de Bamako y la última parada antes de Guinea. — Perro: permitido con condiciones","https://commons.wikimedia.org/wiki/Special:FilePath/Under_the_Arch_of_Kamandja_in_Siby,_Mali.jpg?width=1200",https://theawakeman.github.io/africa2027/paises/mali/#poi-2,"https://www.google.com/maps?q=12.37768,-8.32664",PDI · Verde,12.37768,-8.32664
Kita · monte Kita y la ciudad del ferrocarril,"Media · Cultura — Ciudad de la línea Dakar–Níger, a 180 km de Bamako y 330 de Kayes, recostada en la ladera oriental del monte Kita («Kita-kulu»), conocido por sus cuevas y pinturas rupestres. Mayor nudo de tránsito entre la capital y Kayes, es también cuna de músicos y sede de una peregrinación católica anual. Nació de la fusión de dos asentamientos de comerciantes (Tounkara del imperio de Ghana y Kamara de Guinea) y creció en los 90 con el algodón. Parada lógica de la ruta del oeste hacia el alto Senegal, con gasolina y alojamiento básico. — Perro: permitido con condiciones",https://commons.wikimedia.org/wiki/Special:FilePath/Kita_1890s.jpg?width=1200,https://theawakeman.github.io/africa2027/paises/mali/#poi-3,"https://www.google.com/maps?q=13.04359,-9.48576",PDI · Morado,13.04359,-9.48576
Cataratas de Gouina y Bafoulabé (Senegal alto),"Alta · Naturaleza — En Bafoulabé («encuentro de dos ríos» en bambara) se unen el Bafing y el Bakoye para formar el río Senegal; fue en 1887 sede del primer «cercle» del Sudán francés. Aguas abajo, entre Bafoulabé y Diamou, el Senegal se despeña en las cataratas de Gouina: unos 500 m de anchura y 16 m de caída, apodadas «el Niágara de Mali», con un caudal que va de 12 m³/s en seco a 2.430 m³/s en lluvias. Junto a ellas funciona desde 2022 la central hidroeléctrica de Gouina (140 MW), que ha alterado el entorno. Parada de pista y vivac. — Perro: permitido con condiciones",https://commons.wikimedia.org/wiki/Special:FilePath/Chutes_Gouina3.jpg?width=1200,https://theawakeman.github.io/africa2027/paises/mali/#poi-4,"https://www.google.com/maps?q=14.0154,-11.10196",PDI · Verde,14.0154,-11.10196
Kayes y el fuerte de Médine,"Alta · Cultura — Kayes, primera capital del Sudán francés (1892) y ciudad del ferrocarril hacia Dakar, pasa por ser LA CIUDAD HABITADA MÁS CALUROSA DE ÁFRICA: 48,5 °C el 3 de abril de 2024, récord de Mali. A 12 km río arriba, en la orilla izquierda del Senegal y justo bajo las cascadas de Félou, está Médine, con el fuerte que Faidherbe hizo levantar en 1855 y que resistió en 1857 un asedio de 97 días de El Hadj Umar Tall con 20.000–25.000 fusileros. Conserva un cementerio europeo del XIX y la vieja estación; figura en la lista indicativa de la UNESCO desde 2009. — Perro: permitido con condiciones",https://commons.wikimedia.org/wiki/Special:FilePath/Fort_de_medine_1.jpg?width=1200,https://theawakeman.github.io/africa2027/paises/mali/#poi-5,"https://www.google.com/maps?q=14.37627,-11.36822",PDI · Morado,14.37627,-11.36822
Parque nacional de la Boucle du Baoulé,"Media · Naturaleza — Parque nacional creado en 1982 en el meandro del río Baoulé, entre Bamako y Kayes, corazón de una reserva de biosfera UNESCO que suma 25.330 km² con las reservas de fauna de Badinko, Fina y Kongossambougou. Sabana arbolada seca, bosques de ribera y matorral, con una población de chimpancé occidental en peligro crítico, aves (IBA de BirdLife) y, sobre todo, arte rupestre y túmulos prehistóricos; está en la lista indicativa de la UNESCO desde 1999. La IUCN reconoce un control ineficaz, caza furtiva e invasión ganadera: no esperar un safari, sino paisaje y arqueología. — Perro: prohibido",https://commons.wikimedia.org/wiki/Special:FilePath/Piroguiers_en_plein_milieu_de_Baoul%C3%A9.jpg?width=1200,https://theawakeman.github.io/africa2027/paises/mali/#poi-6,"https://www.google.com/maps?q=14.0,-9.0",PDI · Verde,14.0,-9.0
Sikasso · el Tata y la gruta de Missirikoro,"Media · Cultura — Segunda ciudad de Mali (225.753 hab. en 2009), capital del reino de Kénédougou desde 1876. Tieba Traoré la rodeó de un «tata», muralla de tierra que la convirtió en la MAYOR CIUDAD FORTIFICADA JAMÁS CONSTRUIDA EN ÁFRICA OCCIDENTAL: resistió 15 meses de asedio de Samory Touré (1887–88) y cayó ante la artillería francesa el 1 de mayo de 1898, tras la muerte de Babemba Traoré, que prefirió morir antes que rendirse. Quedan tramos del muro, la colina sagrada del Mamelon (hoy con depósito de agua) y, a las afueras, la gruta de Missirikoro, cueva-santuario en un peñón de caliza. — Perro: no recomendado",https://commons.wikimedia.org/wiki/Special:FilePath/Tata_de_Sikasso.jpg?width=1200,https://theawakeman.github.io/africa2027/paises/mali/#poi-7,"https://www.google.com/maps?q=11.26553,-5.75654",PDI · Morado,11.26553,-5.75654
Ségou · el viejo Ségou (Sékoro) y la orilla del Níger,"Alta · Cultura — A 235 km de Bamako, en la orilla derecha del Níger, Ségou fue capital del imperio bambara del siglo XVIII. A 10 km río arriba está Ségou-Koro (Sékoro), el asentamiento original fundado hacia 1650 por Kaladian Coulibaly, con la mezquita de adobe, la tumba de Biton Coulibaly (jefe desde 1700, expandió el reino hasta hacer tributaria a Tombuctú, murió en 1755) y un árbol venerado. La ciudad moderna conserva avenidas coloniales, alfarería y el Festival sur le Niger, que desde 2019 se celebra con Ségou'Art a principios de febrero. La avenida de la ribera al atardecer es la imagen del río en Mali. — Perro: permitido con condiciones",https://commons.wikimedia.org/wiki/Special:FilePath/Cattle_crossing_Niger_river_mali_2008.jpg?width=1200,https://theawakeman.github.io/africa2027/paises/mali/#poi-8,"https://www.google.com/maps?q=13.43171,-6.24825",PDI · Morado,13.43171,-6.24825
Djenné · Gran Mezquita y mercado del lunes (UNESCO),"Alta · Patrimonio UNESCO — Ciudad de adobe sobre una isla del Bani, habitada desde el 250 a. C. y Patrimonio de la Humanidad desde 1988 («Old Towns of Djenné», con el yacimiento de Djenné-Djeno, uno de los más antiguos del África subsahariana). La Gran Mezquita, reconstruida en 1906–1907, es EL MAYOR EDIFICIO DE ADOBE DEL MUNDO: plataforma de 75 × 75 m, torre de unos 16 m y noventa pilares; cada año la ciudad la reenluce en la fiesta del Crépissage. El mercado del lunes llena la plaza ante la fachada. En la Lista del Patrimonio en Peligro desde 2016; entrada a la mezquita reservada a musulmanes (Wikipedia). — Perro: prohibido",https://commons.wikimedia.org/wiki/Special:FilePath/MaliDjenn%C3%A9Mosqu%C3%A9e.JPG?width=1200,https://theawakeman.github.io/africa2027/paises/mali/#poi-9,"https://www.google.com/maps?q=13.90517,-4.55542",PDI · Ámbar,13.90517,-4.55542
Mopti · puerto del Bani y el Níger,"Alta · Ciudad · servicios — Construida sobre tres islas (ciudad vieja, ciudad nueva y Bani) en la confluencia del Bani con el Níger, Mopti es EL PUERTO FLUVIAL MÁS IMPORTANTE DE MALI: de agosto a diciembre los barcos de la COMANAV cubren los 1.308 km entre Koulikoro y Gao, y las pinazas cargan sal de Taoudenni, pescado seco y ganado. La mezquita de Komoguel (1933–35 según UNESCO), de adobe, copia el modelo de Djenné. Con su aeropuerto en Sévaré, fue la base de todos los viajes al país dogón y a Tombuctú. Hoy es la ciudad de referencia de la región más golpeada por el yihadismo desde 2015. — Perro: permitido con condiciones","https://commons.wikimedia.org/wiki/Special:FilePath/Mali,_le_port_de_Mopti_et_ses_pinasses_(8438033803).jpg?width=1200",https://theawakeman.github.io/africa2027/paises/mali/#poi-10,"https://www.google.com/maps?q=14.49015,-4.19247",PDI · Azul,14.49015,-4.19247
Lago Débo y el delta interior del Níger,"Media · Naturaleza — El delta interior del Níger, de 320 km de largo por 80 de ancho, es el gran humedal del Sahel, y el lago Débo (160 km² de referencia, mucho más en crecida) su mayor lámina de agua. Está protegido como humedal Ramsar («Lac Walado Débo»): 350 especies de aves, 118 de ellas migratorias, y más de un millón de aves cada año entre garzas, ibis, patos y charranes. La crecida máxima llega en noviembre–diciembre y el lago mengua hasta marzo. No hay carretera: se llega en pinaza desde Mopti (dos días) o por pista desde Youwarou. Territorio de pescadores bozo y pastores peul. — Perro: permitido con condiciones",https://commons.wikimedia.org/wiki/Special:FilePath/Niger_River_Center_Island.jpg?width=1200,https://theawakeman.github.io/africa2027/paises/mali/#poi-11,"https://www.google.com/maps?q=15.33343,-4.14114",PDI · Verde,15.33343,-4.14114
"País Dogón · escarpe de Bandiagara, Sangha y Banani (UNESCO)","Alta · Patrimonio UNESCO — Escarpe de arenisca de unos 150 km y hasta 500 m de desnivel, Patrimonio de la Humanidad mixto desde 1989 («Cliff of Bandiagara (Land of the Dogons)»): 289 aldeas en 400.000 ha entre meseta, acantilado y llanura, con graneros cuadrados, casas gin'na, refugios togu-na y santuarios binu. En los abrigos del acantilado quedan las tumbas de los Tellem, que precedieron a los dogón (llegados hacia el siglo XIV–XV). Sangha, donde trabajó Marcel Griaule, es la base clásica, y Banani, al pie de la pared, el pueblo más fotografiado. Desde 2012 la zona sufre yihadismo y violencia intercomunitaria (Wikipedia, UNESCO). — Perro: no recomendado",https://commons.wikimedia.org/wiki/Special:FilePath/Villagedogon.jpg?width=1200,https://theawakeman.github.io/africa2027/paises/mali/#poi-12,"https://www.google.com/maps?q=14.46379,-3.30616",PDI · Ámbar,14.46379,-3.30616
Hombori · la Mano de Fátima (Main de Fatma) y monte Hombori Tondo,"Alta · Naturaleza — Junto a la RN16 Mopti–Gao, en pleno Sahel, se levantan las mesas y agujas de arenisca de Hombori, «los Dolomitas de Mali». El Hombori Tondo (1.155 m) es EL PUNTO MÁS ALTO DEL PAÍS: una mesa de 2 km² con 150 especies de plantas, damanes, babuinos y cuevas habitadas hace más de 2.000 años. A 11 km al oeste, la Mano de Fátima (Garmi/Gami Tondo) abre cinco dedos de roca —Kaga Pamari, Kaga Tondo, Wangel Debridu, Wanderdu y Suri Tondo— con paredes de más de 500 m que atrajeron a los Ragni di Lecco en 2006. Vivac clásico entre bloques. Hoy zona de guerra abierta. — Perro: permitido con condiciones",https://commons.wikimedia.org/wiki/Special:FilePath/Hombori_Tondo_by_David_Sessoms-4.jpg?width=1200,https://theawakeman.github.io/africa2027/paises/mali/#poi-13,"https://www.google.com/maps?q=15.24668,-1.80292",PDI · Verde,15.24668,-1.80292
Tombuctú · mezquitas de Djinguereber y Sankoré e Instituto Ahmed Baba (UNESCO),"Alta · Patrimonio UNESCO — Capital intelectual del Sahel en los siglos XV–XVI, con la universidad de Sankoré y unos 25.000 estudiantes en 180 escuelas coránicas; Patrimonio de la Humanidad desde 1988 y en la Lista en Peligro desde 2012. La mezquita de Djinguereber, levantada en 1327 bajo Mansa Musa, acoge a 2.000 fieles bajo 25 filas de pilares; Sankoré y Sidi Yahia completan el conjunto con 16 mausoleos, destruidos por Ansar Dine en 2012 y reconstruidos en 2014–2015. El Instituto Ahmed Baba (1973) custodia decenas de miles de manuscritos, evacuados casi todos antes del incendio yihadista de enero de 2013. Desde agosto de 2023 la ciudad sufre un bloqueo que hizo huir a 33.000 personas. — Perro: prohibido","https://commons.wikimedia.org/wiki/Special:FilePath/Djinguereber_Mosque,_Timbuktu.jpg?width=1200",https://theawakeman.github.io/africa2027/paises/mali/#poi-14,"https://www.google.com/maps?q=16.77153,-3.01024",PDI · Ámbar,16.77153,-3.01024
Gao · tumba de Askia (UNESCO) y la Duna Rosa de Koima,"Alta · Patrimonio UNESCO — Capital del imperio songhai bajo Sunni Ali Ber (1464–1492), en la orilla oriental del Níger. La tumba de Askia, pirámide de adobe de 17 m erizada de estacas, la construyó en 1495 el emperador Askia Mohamed al volver de La Meca; con sus dos mezquitas, el cementerio y la explanada es Patrimonio de la Humanidad desde 2004 y está en Peligro desde 2012, año en que MNLA y MUJAO ocuparon la ciudad hasta la reconquista francesa de enero de 2013. Enfrente, la Duna Rosa (Koima) es un cordón de arena con restos de un asentamiento anterior al siglo IX. Clima árido: 220 mm de lluvia al año. — Perro: prohibido",https://commons.wikimedia.org/wiki/Special:FilePath/Tombeau_dAskia_in_Gao_by_David_Sessoms.jpg?width=1200,https://theawakeman.github.io/africa2027/paises/mali/#poi-15,"https://www.google.com/maps?q=16.2898,-0.04456",PDI · Ámbar,16.2898,-0.04456
Niafunké y el Níger de Ali Farka Touré,"Media · Cultura — Pueblo songhai a orillas del Níger, entre el lago Débo y Tombuctú, en la región de Tombuctú. Es la patria adoptiva de Ali Farka Touré, el «bluesman del desierto», que se crió aquí, grabó en el pueblo el álbum «Niafunké» (1999), invirtió sus ganancias en regadíos y fue alcalde desde 2004; su hijo Vieux Farka Touré también nació en Niafunké. Sin monumentos: la parada es el río, los campos de arroz y la memoria musical. Etapa de la pista fluvial Mopti–Tombuctú por la orilla izquierda, hoy en zona de riesgo «muy elevado». — Perro: permitido con condiciones",https://commons.wikimedia.org/wiki/Special:FilePath/Poste_de_Niafunke_sur_l'Isa-Ber_(AOF).jpg?width=1200,https://theawakeman.github.io/africa2027/paises/mali/#poi-16,"https://www.google.com/maps?q=15.93021,-3.9955",PDI · Morado,15.93021,-3.9955
Koulikoro · fin del ferrocarril y el río,"Media · Cultura — A 59 km río abajo de Bamako, Koulikoro es el TÉRMINO DE LA LÍNEA DAKAR–NÍGER (concluida en 1904) y el punto donde el ferrocarril entregaba la carga al río: aguas arriba los rápidos de Sotuba impiden navegar, así que de agosto a noviembre los barcos salen de aquí hacia Ségou, Mopti, Tombuctú y Gao (1.308 km hasta Gao según la ficha de Mopti). Ciudad de 70.209 habitantes (2023), con astilleros fluviales, una prisión célebre por haber albergado a acusados del genocidio ruandés y una orilla amplia del Níger. Es la excursión corta y de menor riesgo relativo desde Bamako, aunque el MAEC la clasifica como «elevado». — Perro: permitido con condiciones",https://commons.wikimedia.org/wiki/Special:FilePath/Koulikoro_2.jpg?width=1200,https://theawakeman.github.io/africa2027/paises/mali/#poi-17,"https://www.google.com/maps?q=12.8661,-7.5598",PDI · Morado,12.8661,-7.5598
Reserva de elefantes del Gourma (Douentza),"Media · Naturaleza — Entre el Níger y la frontera de Burkina Faso, al norte de Douentza, vive LA MANADA DE ELEFANTES MÁS SEPTENTRIONAL DE ÁFRICA y la última del Sahel: unos 350 animales que recorren un circuito anual de charcas separadas por decenas de kilómetros. La reserva, protegida por ley desde el 30 de diciembre de 1959 y en la lista indicativa de la UNESCO, cubre unos 83.000 km² compartidos con pastores trashumantes. Desde 2012 la caza furtiva y el conflicto armado la han diezmado (UNESCO). Douentza, a 145 km de Mopti sobre la RN16, es el pueblo base; fue ocupado por el MNLA y por yihadistas en 2012 y bombardeado en 2013. — Perro: prohibido",https://commons.wikimedia.org/wiki/Special:FilePath/Douentza._Mali.jpg?width=1200,https://theawakeman.github.io/africa2027/paises/mali/#poi-18,"https://www.google.com/maps?q=15.00452,-2.95506",PDI · Verde,15.00452,-2.95506
